<?xml version="1.0" encoding="UTF-8" standalone="no" ?><gpx xmlns="http://www.topografix.com/GPX/1/1" xmlns:gpxx="http://www.garmin.com/xmlschemas/GpxExtensions/v3" xmlns:gpxtrkx="http://www.garmin.com/xmlschemas/TrackStatsExtension/v1" xmlns:wptx1="http://www.garmin.com/xmlschemas/WaypointExtension/v1" xmlns:gpxtpx="http://www.garmin.com/xmlschemas/TrackPointExtension/v1" creator="eTrex 30x" version="1.1" xmlns:xsi="http://www.w3.org/2001/XMLSchema-instance" xsi:schemaLocation="http://www.topografix.com/GPX/1/1 http://www.topografix.com/GPX/1/1/gpx.xsd http://www.garmin.com/xmlschemas/GpxExtensions/v3 http://www8.garmin.com/xmlschemas/GpxExtensionsv3.xsd http://www.garmin.com/xmlschemas/TrackStatsExtension/v1 http://www8.garmin.com/xmlschemas/TrackStatsExtension.xsd http://www.garmin.com/xmlschemas/WaypointExtension/v1 http://www8.garmin.com/xmlschemas/WaypointExtensionv1.xsd http://www.garmin.com/xmlschemas/TrackPointExtension/v1 http://www.garmin.com/xmlschemas/TrackPointExtensionv1.xsd"><metadata><link href="http://www.garmin.com"><text>Garmin International</text></link><time>2026-05-02T05:29:17Z</time></metadata><trk><name>2026-05-02 14:29:13</name><extensions><gpxx:TrackExtension><gpxx:DisplayColor>Blue</gpxx:DisplayColor></gpxx:TrackExtension><gpxtrkx:TrackStatsExtension><gpxtrkx:Distance>29269</gpxtrkx:Distance></gpxtrkx:TrackStatsExtension></extensions><trkseg><trkpt lat="35.7610758953" lon="139.4662527647"><ele>92.90</ele><time>2026-05-02T00:09:01Z</time></trkpt><trkpt lat="35.7610329799" lon="139.4662914053"><ele>94.35</ele><time>2026-05-02T00:09:20Z</time></trkpt><trkpt lat="35.7609976921" lon="139.4662377611"><ele>94.83</ele><time>2026-05-02T00:09:44Z</time></trkpt><trkpt lat="35.7610037271" lon="139.4662407786"><ele>90.50</ele><time>2026-05-02T00:10:12Z</time></trkpt><trkpt lat="35.7609821018" lon="139.4662366714"><ele>84.25</ele><time>2026-05-02T00:10:42Z</time></trkpt><trkpt lat="35.7610937487" lon="139.4662165549"><ele>80.89</ele><time>2026-05-02T00:11:12Z</time></trkpt><trkpt lat="35.7610140368" lon="139.4662707020"><ele>79.93</ele><time>2026-05-02T00:11:44Z</time></trkpt><trkpt lat="35.7610611431" lon="139.4662550278"><ele>88.58</ele><time>2026-05-02T00:12:17Z</time></trkpt><trkpt lat="35.7610324770" lon="139.4662282895"><ele>94.35</ele><time>2026-05-02T00:12:30Z</time></trkpt><trkpt lat="35.7610198203" lon="139.4662441313"><ele>96.75</ele><time>2026-05-02T00:12:32Z</time></trkpt><trkpt lat="35.7610231731" lon="139.4663349073"><ele>104.92</ele><time>2026-05-02T00:12:41Z</time></trkpt><trkpt lat="35.7610053197" lon="139.4663173892"><ele>109.25</ele><time>2026-05-02T00:12:46Z</time></trkpt><trkpt lat="35.7610064093" lon="139.4663293753"><ele>115.01</ele><time>2026-05-02T00:12:51Z</time></trkpt><trkpt lat="35.7609883882" lon="139.4664272759"><ele>125.11</ele><time>2026-05-02T00:12:58Z</time></trkpt><trkpt lat="35.7609670144" lon="139.4665842690"><ele>140.01</ele><time>2026-05-02T00:13:10Z</time></trkpt><trkpt lat="35.7610159647" lon="139.4666949101"><ele>152.99</ele><time>2026-05-02T00:13:25Z</time></trkpt><trkpt lat="35.7610033918" lon="139.4667420164"><ele>154.91</ele><time>2026-05-02T00:13:29Z</time></trkpt><trkpt lat="35.7610318903" lon="139.4668109994"><ele>159.24</ele><time>2026-05-02T00:13:38Z</time></trkpt><trkpt lat="35.7610258553" lon="139.4669171982"><ele>158.75</ele><time>2026-05-02T00:13:41Z</time></trkpt><trkpt lat="35.7612437848" lon="139.4672676455"><ele>162.12</ele><time>2026-05-02T00:13:54Z</time></trkpt><trkpt lat="35.7614526618" lon="139.4674998242"><ele>170.77</ele><time>2026-05-02T00:14:07Z</time></trkpt><trkpt lat="35.7615019474" lon="139.4676056877"><ele>172.21</ele><time>2026-05-02T00:14:10Z</time></trkpt><trkpt lat="35.7619555760" lon="139.4676657021"><ele>153.95</ele><time>2026-05-02T00:14:24Z</time></trkpt><trkpt lat="35.7620447595" lon="139.4676949549"><ele>151.06</ele><time>2026-05-02T00:14:28Z</time></trkpt><trkpt lat="35.7622489426" lon="139.4677647762"><ele>145.30</ele><time>2026-05-02T00:14:41Z</time></trkpt><trkpt lat="35.7623013295" lon="139.4677942805"><ele>143.85</ele><time>2026-05-02T00:14:45Z</time></trkpt><trkpt lat="35.7623837236" lon="139.4678471703"><ele>142.41</ele><time>2026-05-02T00:14:49Z</time></trkpt><trkpt lat="35.7625293173" lon="139.4679218531"><ele>140.49</ele><time>2026-05-02T00:14:58Z</time></trkpt><trkpt lat="35.7626764197" lon="139.4680022355"><ele>138.09</ele><time>2026-05-02T00:15:06Z</time></trkpt><trkpt lat="35.7629189920" lon="139.4680728111"><ele>131.84</ele><time>2026-05-02T00:15:17Z</time></trkpt><trkpt lat="35.7631339040" lon="139.4681151398"><ele>126.55</ele><time>2026-05-02T00:15:29Z</time></trkpt><trkpt lat="35.7631594688" lon="139.4681121223"><ele>126.07</ele><time>2026-05-02T00:15:31Z</time></trkpt><trkpt lat="35.7635380793" lon="139.4683500007"><ele>108.77</ele><time>2026-05-02T00:15:42Z</time></trkpt><trkpt lat="35.7637318689" lon="139.4685338158"><ele>102.04</ele><time>2026-05-02T00:15:51Z</time></trkpt><trkpt lat="35.7639358845" lon="139.4686616398"><ele>101.08</ele><time>2026-05-02T00:16:04Z</time></trkpt><trkpt lat="35.7639957312" lon="139.4686917309"><ele>100.60</ele><time>2026-05-02T00:16:09Z</time></trkpt><trkpt lat="35.7640250679" lon="139.4686890487"><ele>99.63</ele><time>2026-05-02T00:16:10Z</time></trkpt><trkpt lat="35.7640549075" lon="139.4686929043"><ele>98.67</ele><time>2026-05-02T00:16:11Z</time></trkpt><trkpt lat="35.7640699111" lon="139.4686986879"><ele>98.67</ele><time>2026-05-02T00:16:12Z</time></trkpt><trkpt lat="35.7640933804" lon="139.4687122665"><ele>97.71</ele><time>2026-05-02T00:16:13Z</time></trkpt><trkpt lat="35.7641119882" lon="139.4687305391"><ele>97.71</ele><time>2026-05-02T00:16:14Z</time></trkpt><trkpt lat="35.7643279061" lon="139.4689410087"><ele>93.87</ele><time>2026-05-02T00:16:23Z</time></trkpt><trkpt lat="35.7645376213" lon="139.4692151807"><ele>93.39</ele><time>2026-05-02T00:16:35Z</time></trkpt><trkpt lat="35.7647252083" lon="139.4694282487"><ele>97.71</ele><time>2026-05-02T00:16:47Z</time></trkpt><trkpt lat="35.7647773437" lon="139.4693545718"><ele>103.96</ele><time>2026-05-02T00:16:59Z</time></trkpt><trkpt lat="35.7648116257" lon="139.4693311863"><ele>109.73</ele><time>2026-05-02T00:17:12Z</time></trkpt><trkpt lat="35.7647944428" lon="139.4693574216"><ele>110.69</ele><time>2026-05-02T00:17:28Z</time></trkpt><trkpt lat="35.7647794392" lon="139.4692277536"><ele>106.84</ele><time>2026-05-02T00:17:39Z</time></trkpt><trkpt lat="35.7648207620" lon="139.4691420905"><ele>102.04</ele><time>2026-05-02T00:17:52Z</time></trkpt><trkpt lat="35.7648716401" lon="139.4690534938"><ele>98.67</ele><time>2026-05-02T00:18:10Z</time></trkpt><trkpt lat="35.7648688741" lon="139.4690920506"><ele>96.27</ele><time>2026-05-02T00:18:25Z</time></trkpt><trkpt lat="35.7648764178" lon="139.4691420067"><ele>95.31</ele><time>2026-05-02T00:18:46Z</time></trkpt><trkpt lat="35.7648493443" lon="139.4691252429"><ele>92.90</ele><time>2026-05-02T00:19:03Z</time></trkpt><trkpt lat="35.7648534514" lon="139.4691210520"><ele>90.50</ele><time>2026-05-02T00:19:18Z</time></trkpt><trkpt lat="35.7648236956" lon="139.4692720938"><ele>87.14</ele><time>2026-05-02T00:19:32Z</time></trkpt><trkpt lat="35.7649093587" lon="139.4694338646"><ele>83.29</ele><time>2026-05-02T00:19:43Z</time></trkpt><trkpt lat="35.7651208341" lon="139.4695770275"><ele>84.25</ele><time>2026-05-02T00:19:53Z</time></trkpt><trkpt lat="35.7653369196" lon="139.4697724935"><ele>83.77</ele><time>2026-05-02T00:20:04Z</time></trkpt><trkpt lat="35.7655622251" lon="139.4699772634"><ele>82.33</ele><time>2026-05-02T00:20:14Z</time></trkpt><trkpt lat="35.7657632232" lon="139.4701350108"><ele>80.89</ele><time>2026-05-02T00:20:24Z</time></trkpt><trkpt lat="35.7659498882" lon="139.4702735636"><ele>78.97</ele><time>2026-05-02T00:20:35Z</time></trkpt><trkpt lat="35.7659689989" lon="139.4702829514"><ele>78.48</ele><time>2026-05-02T00:20:36Z</time></trkpt><trkpt lat="35.7661078870" lon="139.4703858811"><ele>76.08</ele><time>2026-05-02T00:20:42Z</time></trkpt><trkpt lat="35.7661330327" lon="139.4703923352"><ele>76.08</ele><time>2026-05-02T00:20:43Z</time></trkpt><trkpt lat="35.7663479447" lon="139.4704710413"><ele>87.62</ele><time>2026-05-02T00:20:53Z</time></trkpt><trkpt lat="35.7664865814" lon="139.4706549402"><ele>86.66</ele><time>2026-05-02T00:21:03Z</time></trkpt><trkpt lat="35.7666497771" lon="139.4708065689"><ele>87.14</ele><time>2026-05-02T00:21:13Z</time></trkpt><trkpt lat="35.7667968795" lon="139.4709797390"><ele>87.62</ele><time>2026-05-02T00:21:25Z</time></trkpt><trkpt lat="35.7668663654" lon="139.4710377418"><ele>89.54</ele><time>2026-05-02T00:21:35Z</time></trkpt><trkpt lat="35.7669070177" lon="139.4710680842"><ele>85.69</ele><time>2026-05-02T00:21:50Z</time></trkpt><trkpt lat="35.7669547107" lon="139.4711394142"><ele>84.73</ele><time>2026-05-02T00:21:58Z</time></trkpt><trkpt lat="35.7670991309" lon="139.4713161886"><ele>85.21</ele><time>2026-05-02T00:22:08Z</time></trkpt><trkpt lat="35.7673281245" lon="139.4715047814"><ele>81.37</ele><time>2026-05-02T00:22:20Z</time></trkpt><trkpt lat="35.7675272785" lon="139.4716932066"><ele>81.85</ele><time>2026-05-02T00:22:31Z</time></trkpt><trkpt lat="35.7677256782" lon="139.4718470145"><ele>81.85</ele><time>2026-05-02T00:22:41Z</time></trkpt><trkpt lat="35.7679517381" lon="139.4719991460"><ele>80.41</ele><time>2026-05-02T00:22:52Z</time></trkpt><trkpt lat="35.7681209687" lon="139.4721010700"><ele>80.41</ele><time>2026-05-02T00:23:02Z</time></trkpt><trkpt lat="35.7681287639" lon="139.4721964560"><ele>80.89</ele><time>2026-05-02T00:23:22Z</time></trkpt><trkpt lat="35.7682042010" lon="139.4722428918"><ele>82.81</ele><time>2026-05-02T00:23:40Z</time></trkpt><trkpt lat="35.7682117447" lon="139.4722422212"><ele>83.29</ele><time>2026-05-02T00:23:41Z</time></trkpt><trkpt lat="35.7682182826" lon="139.4722490106"><ele>83.29</ele><time>2026-05-02T00:23:42Z</time></trkpt><trkpt lat="35.7682382315" lon="139.4722575601"><ele>84.25</ele><time>2026-05-02T00:23:44Z</time></trkpt><trkpt lat="35.7682544924" lon="139.4722703844"><ele>84.73</ele><time>2026-05-02T00:23:45Z</time></trkpt><trkpt lat="35.7682731003" lon="139.4722845498"><ele>85.21</ele><time>2026-05-02T00:23:46Z</time></trkpt><trkpt lat="35.7682915404" lon="139.4722944405"><ele>85.69</ele><time>2026-05-02T00:23:47Z</time></trkpt><trkpt lat="35.7683105674" lon="139.4722992182"><ele>86.18</ele><time>2026-05-02T00:23:48Z</time></trkpt><trkpt lat="35.7683312707" lon="139.4723060913"><ele>86.66</ele><time>2026-05-02T00:23:49Z</time></trkpt><trkpt lat="35.7683506329" lon="139.4723143894"><ele>87.14</ele><time>2026-05-02T00:23:50Z</time></trkpt><trkpt lat="35.7683690730" lon="139.4723210111"><ele>87.62</ele><time>2026-05-02T00:23:51Z</time></trkpt><trkpt lat="35.7683893573" lon="139.4723225199"><ele>88.10</ele><time>2026-05-02T00:23:52Z</time></trkpt><trkpt lat="35.7685817219" lon="139.4723837078"><ele>91.94</ele><time>2026-05-02T00:24:01Z</time></trkpt><trkpt lat="35.7688456681" lon="139.4724070095"><ele>93.87</ele><time>2026-05-02T00:24:12Z</time></trkpt><trkpt lat="35.7690491807" lon="139.4724443927"><ele>95.31</ele><time>2026-05-02T00:24:21Z</time></trkpt><trkpt lat="35.7693839539" lon="139.4724632520"><ele>89.54</ele><time>2026-05-02T00:24:32Z</time></trkpt><trkpt lat="35.7694872189" lon="139.4725298043"><ele>89.54</ele><time>2026-05-02T00:24:38Z</time></trkpt><trkpt lat="35.7695114426" lon="139.4725306425"><ele>89.54</ele><time>2026-05-02T00:24:39Z</time></trkpt><trkpt lat="35.7695311401" lon="139.4725432154"><ele>89.54</ele><time>2026-05-02T00:24:40Z</time></trkpt><trkpt lat="35.7695651706" lon="139.4725624099"><ele>90.02</ele><time>2026-05-02T00:24:42Z</time></trkpt><trkpt lat="35.7695885561" lon="139.4725673553"><ele>90.02</ele><time>2026-05-02T00:24:43Z</time></trkpt><trkpt lat="35.7696152106" lon="139.4725719653"><ele>90.02</ele><time>2026-05-02T00:24:44Z</time></trkpt><trkpt lat="35.7697948348" lon="139.4726261124"><ele>89.06</ele><time>2026-05-02T00:24:52Z</time></trkpt><trkpt lat="35.7698105089" lon="139.4726267830"><ele>89.06</ele><time>2026-05-02T00:24:53Z</time></trkpt><trkpt lat="35.7699874509" lon="139.4726751465"><ele>89.06</ele><time>2026-05-02T00:25:01Z</time></trkpt><trkpt lat="35.7701015286" lon="139.4727220014"><ele>87.14</ele><time>2026-05-02T00:25:10Z</time></trkpt><trkpt lat="35.7701990101" lon="139.4727384299"><ele>85.21</ele><time>2026-05-02T00:25:20Z</time></trkpt><trkpt lat="35.7702282630" lon="139.4727011304"><ele>86.66</ele><time>2026-05-02T00:25:26Z</time></trkpt><trkpt lat="35.7703254931" lon="139.4726329856"><ele>89.54</ele><time>2026-05-02T00:25:38Z</time></trkpt><trkpt lat="35.7703611162" lon="139.4725380186"><ele>90.02</ele><time>2026-05-02T00:25:50Z</time></trkpt><trkpt lat="35.7703870162" lon="139.4724440575"><ele>88.10</ele><time>2026-05-02T00:26:07Z</time></trkpt><trkpt lat="35.7704116590" lon="139.4724064227"><ele>87.14</ele><time>2026-05-02T00:26:34Z</time></trkpt><trkpt lat="35.7704100665" lon="139.4723801035"><ele>83.77</ele><time>2026-05-02T00:26:50Z</time></trkpt><trkpt lat="35.7704618666" lon="139.4723214302"><ele>83.77</ele><time>2026-05-02T00:27:00Z</time></trkpt><trkpt lat="35.7704614475" lon="139.4723671954"><ele>82.81</ele><time>2026-05-02T00:27:07Z</time></trkpt><trkpt lat="35.7704673149" lon="139.4723962806"><ele>82.81</ele><time>2026-05-02T00:27:10Z</time></trkpt><trkpt lat="35.7704677340" lon="139.4724083506"><ele>82.81</ele><time>2026-05-02T00:27:11Z</time></trkpt><trkpt lat="35.7704194542" lon="139.4725156389"><ele>80.41</ele><time>2026-05-02T00:27:22Z</time></trkpt><trkpt lat="35.7704347093" lon="139.4725629967"><ele>78.48</ele><time>2026-05-02T00:27:31Z</time></trkpt><trkpt lat="35.7703407481" lon="139.4727449678"><ele>76.56</ele><time>2026-05-02T00:27:41Z</time></trkpt><trkpt lat="35.7703216374" lon="139.4727851171"><ele>74.64</ele><time>2026-05-02T00:27:44Z</time></trkpt><trkpt lat="35.7703077234" lon="139.4727043156"><ele>75.12</ele><time>2026-05-02T00:27:51Z</time></trkpt><trkpt lat="35.7703982480" lon="139.4724422973"><ele>79.45</ele><time>2026-05-02T00:28:03Z</time></trkpt><trkpt lat="35.7704661414" lon="139.4722675346"><ele>79.93</ele><time>2026-05-02T00:28:12Z</time></trkpt><trkpt lat="35.7705460209" lon="139.4720528740"><ele>79.93</ele><time>2026-05-02T00:28:22Z</time></trkpt><trkpt lat="35.7705566660" lon="139.4720318355"><ele>79.93</ele><time>2026-05-02T00:28:23Z</time></trkpt><trkpt lat="35.7706155069" lon="139.4718818832"><ele>78.48</ele><time>2026-05-02T00:28:31Z</time></trkpt><trkpt lat="35.7706683967" lon="139.4717585854"><ele>77.52</ele><time>2026-05-02T00:28:42Z</time></trkpt><trkpt lat="35.7707387209" lon="139.4716565777"><ele>74.64</ele><time>2026-05-02T00:28:57Z</time></trkpt><trkpt lat="35.7707670517" lon="139.4716765266"><ele>74.16</ele><time>2026-05-02T00:29:08Z</time></trkpt><trkpt lat="35.7707740087" lon="139.4716773648"><ele>72.24</ele><time>2026-05-02T00:29:28Z</time></trkpt><trkpt lat="35.7707486954" lon="139.4716881774"><ele>72.24</ele><time>2026-05-02T00:30:04Z</time></trkpt><trkpt lat="35.7708265632" lon="139.4717251416"><ele>70.31</ele><time>2026-05-02T00:30:16Z</time></trkpt><trkpt lat="35.7709273137" lon="139.4717598427"><ele>67.91</ele><time>2026-05-02T00:30:29Z</time></trkpt><trkpt lat="35.7709480170" lon="139.4717792049"><ele>67.91</ele><time>2026-05-02T00:30:33Z</time></trkpt><trkpt lat="35.7709504478" lon="139.4717917778"><ele>67.91</ele><time>2026-05-02T00:30:34Z</time></trkpt><trkpt lat="35.7709983084" lon="139.4718929473"><ele>69.83</ele><time>2026-05-02T00:30:46Z</time></trkpt><trkpt lat="35.7710690517" lon="139.4719922729"><ele>71.76</ele><time>2026-05-02T00:30:57Z</time></trkpt><trkpt lat="35.7711317483" lon="139.4721555524"><ele>73.20</ele><time>2026-05-02T00:31:10Z</time></trkpt><trkpt lat="35.7711936906" lon="139.4722183328"><ele>75.12</ele><time>2026-05-02T00:31:23Z</time></trkpt><trkpt lat="35.7711694669" lon="139.4722605776"><ele>74.64</ele><time>2026-05-02T00:31:33Z</time></trkpt><trkpt lat="35.7711986359" lon="139.4722769223"><ele>75.12</ele><time>2026-05-02T00:31:46Z</time></trkpt><trkpt lat="35.7711742446" lon="139.4723884854"><ele>78.48</ele><time>2026-05-02T00:31:57Z</time></trkpt><trkpt lat="35.7711247075" lon="139.4725002162"><ele>77.52</ele><time>2026-05-02T00:32:10Z</time></trkpt><trkpt lat="35.7711252943" lon="139.4725621585"><ele>78.00</ele><time>2026-05-02T00:32:35Z</time></trkpt><trkpt lat="35.7711187564" lon="139.4725332409"><ele>76.08</ele><time>2026-05-02T00:32:49Z</time></trkpt><trkpt lat="35.7711187564" lon="139.4724782556"><ele>73.20</ele><time>2026-05-02T00:33:00Z</time></trkpt><trkpt lat="35.7711244561" lon="139.4724408723"><ele>72.24</ele><time>2026-05-02T00:33:04Z</time></trkpt><trkpt lat="35.7711460814" lon="139.4723577239"><ele>71.27</ele><time>2026-05-02T00:33:08Z</time></trkpt><trkpt lat="35.7712372765" lon="139.4722092804"><ele>73.68</ele><time>2026-05-02T00:33:18Z</time></trkpt><trkpt lat="35.7713713031" lon="139.4720168319"><ele>74.16</ele><time>2026-05-02T00:33:29Z</time></trkpt><trkpt lat="35.7713787630" lon="139.4719716534"><ele>73.68</ele><time>2026-05-02T00:33:31Z</time></trkpt><trkpt lat="35.7714268751" lon="139.4719177578"><ele>73.68</ele><time>2026-05-02T00:33:39Z</time></trkpt><trkpt lat="35.7714990433" lon="139.4718931988"><ele>74.16</ele><time>2026-05-02T00:33:43Z</time></trkpt><trkpt lat="35.7717286237" lon="139.4717932027"><ele>70.31</ele><time>2026-05-02T00:33:53Z</time></trkpt><trkpt lat="35.7717863750" lon="139.4717588369"><ele>69.83</ele><time>2026-05-02T00:34:00Z</time></trkpt><trkpt lat="35.7717890572" lon="139.4717604294"><ele>68.87</ele><time>2026-05-02T00:34:13Z</time></trkpt><trkpt lat="35.7718396839" lon="139.4718059432"><ele>69.83</ele><time>2026-05-02T00:34:20Z</time></trkpt><trkpt lat="35.7719039731" lon="139.4718319271"><ele>71.27</ele><time>2026-05-02T00:34:24Z</time></trkpt><trkpt lat="35.7719349023" lon="139.4718272332"><ele>73.20</ele><time>2026-05-02T00:34:34Z</time></trkpt><trkpt lat="35.7719406020" lon="139.4718461763"><ele>73.68</ele><time>2026-05-02T00:34:38Z</time></trkpt><trkpt lat="35.7719179709" lon="139.4718853198"><ele>73.20</ele><time>2026-05-02T00:34:42Z</time></trkpt><trkpt lat="35.7718908135" lon="139.4721578993"><ele>75.12</ele><time>2026-05-02T00:34:54Z</time></trkpt><trkpt lat="35.7718841080" lon="139.4722151477"><ele>76.08</ele><time>2026-05-02T00:34:57Z</time></trkpt><trkpt lat="35.7717828546" lon="139.4722594880"><ele>76.56</ele><time>2026-05-02T00:35:03Z</time></trkpt><trkpt lat="35.7717104349" lon="139.4723355956"><ele>77.52</ele><time>2026-05-02T00:35:10Z</time></trkpt><trkpt lat="35.7716825232" lon="139.4726441335"><ele>82.33</ele><time>2026-05-02T00:35:22Z</time></trkpt><trkpt lat="35.7715638354" lon="139.4729489833"><ele>86.18</ele><time>2026-05-02T00:35:35Z</time></trkpt><trkpt lat="35.7714542001" lon="139.4732305314"><ele>85.69</ele><time>2026-05-02T00:35:46Z</time></trkpt><trkpt lat="35.7713406254" lon="139.4734827429"><ele>88.58</ele><time>2026-05-02T00:35:57Z</time></trkpt><trkpt lat="35.7712627575" lon="139.4736948051"><ele>87.62</ele><time>2026-05-02T00:36:07Z</time></trkpt><trkpt lat="35.7712167408" lon="139.4737756066"><ele>85.69</ele><time>2026-05-02T00:36:17Z</time></trkpt><trkpt lat="35.7712053414" lon="139.4737999141"><ele>83.29</ele><time>2026-05-02T00:36:22Z</time></trkpt><trkpt lat="35.7712085266" lon="139.4737674762"><ele>77.52</ele><time>2026-05-02T00:36:34Z</time></trkpt><trkpt lat="35.7712140586" lon="139.4737849105"><ele>77.04</ele><time>2026-05-02T00:36:36Z</time></trkpt><trkpt lat="35.7712138910" lon="139.4737988245"><ele>77.04</ele><time>2026-05-02T00:36:37Z</time></trkpt><trkpt lat="35.7712132204" lon="139.4738125708"><ele>77.04</ele><time>2026-05-02T00:36:38Z</time></trkpt><trkpt lat="35.7712235302" lon="139.4738626108"><ele>74.16</ele><time>2026-05-02T00:36:49Z</time></trkpt><trkpt lat="35.7712224405" lon="139.4738673884"><ele>73.68</ele><time>2026-05-02T00:37:02Z</time></trkpt><trkpt lat="35.7712379470" lon="139.4739282411"><ele>72.72</ele><time>2026-05-02T00:37:11Z</time></trkpt><trkpt lat="35.7712546270" lon="139.4739446696"><ele>71.27</ele><time>2026-05-02T00:37:26Z</time></trkpt><trkpt lat="35.7712785993" lon="139.4739395566"><ele>69.83</ele><time>2026-05-02T00:37:39Z</time></trkpt><trkpt lat="35.7713391166" lon="139.4739683066"><ele>69.83</ele><time>2026-05-02T00:37:49Z</time></trkpt><trkpt lat="35.7713700458" lon="139.4739811309"><ele>67.91</ele><time>2026-05-02T00:37:59Z</time></trkpt><trkpt lat="35.7714946847" lon="139.4739991520"><ele>69.83</ele><time>2026-05-02T00:38:12Z</time></trkpt><trkpt lat="35.7715454791" lon="139.4740235433"><ele>69.35</ele><time>2026-05-02T00:38:25Z</time></trkpt><trkpt lat="35.7715951838" lon="139.4740642793"><ele>69.83</ele><time>2026-05-02T00:38:39Z</time></trkpt><trkpt lat="35.7715743128" lon="139.4740700629"><ele>68.39</ele><time>2026-05-02T00:38:49Z</time></trkpt><trkpt lat="35.7714480814" lon="139.4740287401"><ele>67.43</ele><time>2026-05-02T00:39:04Z</time></trkpt><trkpt lat="35.7713425532" lon="139.4739902671"><ele>66.47</ele><time>2026-05-02T00:39:18Z</time></trkpt><trkpt lat="35.7712313253" lon="139.4739234634"><ele>65.99</ele><time>2026-05-02T00:39:32Z</time></trkpt><trkpt lat="35.7712089457" lon="139.4739134889"><ele>67.91</ele><time>2026-05-02T00:39:48Z</time></trkpt><trkpt lat="35.7712330017" lon="139.4738808833"><ele>68.39</ele><time>2026-05-02T00:39:54Z</time></trkpt><trkpt lat="35.7712366059" lon="139.4738687295"><ele>68.39</ele><time>2026-05-02T00:39:55Z</time></trkpt><trkpt lat="35.7713022362" lon="139.4736409932"><ele>71.27</ele><time>2026-05-02T00:40:05Z</time></trkpt><trkpt lat="35.7713618316" lon="139.4734653085"><ele>73.68</ele><time>2026-05-02T00:40:14Z</time></trkpt><trkpt lat="35.7713790145" lon="139.4734239019"><ele>73.20</ele><time>2026-05-02T00:40:24Z</time></trkpt><trkpt lat="35.7713957783" lon="139.4733927213"><ele>74.16</ele><time>2026-05-02T00:40:28Z</time></trkpt><trkpt lat="35.7714107819" lon="139.4733892847"><ele>74.16</ele><time>2026-05-02T00:40:29Z</time></trkpt><trkpt lat="35.7714248635" lon="139.4733899552"><ele>74.64</ele><time>2026-05-02T00:40:30Z</time></trkpt><trkpt lat="35.7714365982" lon="139.4733976666"><ele>75.60</ele><time>2026-05-02T00:40:31Z</time></trkpt><trkpt lat="35.7714490872" lon="139.4734080601"><ele>76.56</ele><time>2026-05-02T00:40:32Z</time></trkpt><trkpt lat="35.7715199981" lon="139.4734327868"><ele>78.97</ele><time>2026-05-02T00:40:36Z</time></trkpt><trkpt lat="35.7715324033" lon="139.4734244887"><ele>79.45</ele><time>2026-05-02T00:40:37Z</time></trkpt><trkpt lat="35.7715521846" lon="139.4734275062"><ele>79.93</ele><time>2026-05-02T00:40:38Z</time></trkpt><trkpt lat="35.7715715468" lon="139.4734337926"><ele>79.93</ele><time>2026-05-02T00:40:39Z</time></trkpt><trkpt lat="35.7715928368" lon="139.4734373130"><ele>79.93</ele><time>2026-05-02T00:40:40Z</time></trkpt><trkpt lat="35.7718607225" lon="139.4734818209"><ele>79.93</ele><time>2026-05-02T00:40:51Z</time></trkpt><trkpt lat="35.7721313741" lon="139.4734996744"><ele>77.04</ele><time>2026-05-02T00:41:02Z</time></trkpt><trkpt lat="35.7723776344" lon="139.4735005964"><ele>75.60</ele><time>2026-05-02T00:41:12Z</time></trkpt><trkpt lat="35.7726475317" lon="139.4734493829"><ele>78.00</ele><time>2026-05-02T00:41:24Z</time></trkpt><trkpt lat="35.7728565764" lon="139.4734246563"><ele>82.33</ele><time>2026-05-02T00:41:34Z</time></trkpt><trkpt lat="35.7730486058" lon="139.4733987562"><ele>90.50</ele><time>2026-05-02T00:41:44Z</time></trkpt><trkpt lat="35.7732722349" lon="139.4733006041"><ele>91.94</ele><time>2026-05-02T00:41:55Z</time></trkpt><trkpt lat="35.7732903399" lon="139.4732911326"><ele>91.94</ele><time>2026-05-02T00:41:56Z</time></trkpt><trkpt lat="35.7733060140" lon="139.4732780568"><ele>91.94</ele><time>2026-05-02T00:41:57Z</time></trkpt><trkpt lat="35.7733258791" lon="139.4732620474"><ele>91.94</ele><time>2026-05-02T00:41:58Z</time></trkpt><trkpt lat="35.7735060900" lon="139.4730592892"><ele>89.54</ele><time>2026-05-02T00:42:08Z</time></trkpt><trkpt lat="35.7735765819" lon="139.4729094207"><ele>87.62</ele><time>2026-05-02T00:42:14Z</time></trkpt><trkpt lat="35.7735895738" lon="139.4728915673"><ele>87.14</ele><time>2026-05-02T00:42:15Z</time></trkpt><trkpt lat="35.7737168111" lon="139.4727522600"><ele>86.66</ele><time>2026-05-02T00:42:25Z</time></trkpt><trkpt lat="35.7738790847" lon="139.4725581352"><ele>83.77</ele><time>2026-05-02T00:42:34Z</time></trkpt><trkpt lat="35.7738918252" lon="139.4725475740"><ele>84.25</ele><time>2026-05-02T00:42:35Z</time></trkpt><trkpt lat="35.7739144564" lon="139.4725197461"><ele>84.25</ele><time>2026-05-02T00:42:36Z</time></trkpt><trkpt lat="35.7739341538" lon="139.4724913314"><ele>84.25</ele><time>2026-05-02T00:42:37Z</time></trkpt><trkpt lat="35.7740137819" lon="139.4724230189"><ele>84.25</ele><time>2026-05-02T00:42:48Z</time></trkpt><trkpt lat="35.7741288655" lon="139.4724137988"><ele>74.16</ele><time>2026-05-02T00:43:16Z</time></trkpt><trkpt lat="35.7741397619" lon="139.4723691233"><ele>73.68</ele><time>2026-05-02T00:43:20Z</time></trkpt><trkpt lat="35.7741504908" lon="139.4723417144"><ele>77.04</ele><time>2026-05-02T00:43:26Z</time></trkpt><trkpt lat="35.7742139418" lon="139.4724165648"><ele>79.45</ele><time>2026-05-02T00:43:33Z</time></trkpt><trkpt lat="35.7742329687" lon="139.4724220969"><ele>79.45</ele><time>2026-05-02T00:43:34Z</time></trkpt><trkpt lat="35.7742474694" lon="139.4724276289"><ele>79.93</ele><time>2026-05-02T00:43:35Z</time></trkpt><trkpt lat="35.7742651552" lon="139.4724328257"><ele>80.41</ele><time>2026-05-02T00:43:36Z</time></trkpt><trkpt lat="35.7742834277" lon="139.4724338315"><ele>80.41</ele><time>2026-05-02T00:43:37Z</time></trkpt><trkpt lat="35.7742996886" lon="139.4724363461"><ele>80.89</ele><time>2026-05-02T00:43:38Z</time></trkpt><trkpt lat="35.7743126806" lon="139.4724371843"><ele>81.37</ele><time>2026-05-02T00:43:39Z</time></trkpt><trkpt lat="35.7743393350" lon="139.4724764116"><ele>82.33</ele><time>2026-05-02T00:43:51Z</time></trkpt><trkpt lat="35.7743948232" lon="139.4724828657"><ele>81.37</ele><time>2026-05-02T00:44:02Z</time></trkpt><trkpt lat="35.7746360544" lon="139.4724774174"><ele>77.04</ele><time>2026-05-02T00:44:14Z</time></trkpt><trkpt lat="35.7748803031" lon="139.4724517688"><ele>75.60</ele><time>2026-05-02T00:44:24Z</time></trkpt><trkpt lat="35.7751058601" lon="139.4724092726"><ele>72.72</ele><time>2026-05-02T00:44:34Z</time></trkpt><trkpt lat="35.7753406372" lon="139.4723462407"><ele>73.20</ele><time>2026-05-02T00:44:44Z</time></trkpt><trkpt lat="35.7755860593" lon="139.4723599870"><ele>74.64</ele><time>2026-05-02T00:44:54Z</time></trkpt><trkpt lat="35.7757902425" lon="139.4724180736"><ele>76.56</ele><time>2026-05-02T00:45:04Z</time></trkpt><trkpt lat="35.7759950124" lon="139.4725658465"><ele>76.56</ele><time>2026-05-02T00:45:15Z</time></trkpt><trkpt lat="35.7760379277" lon="139.4725891482"><ele>76.56</ele><time>2026-05-02T00:45:17Z</time></trkpt><trkpt lat="35.7760520093" lon="139.4726023078"><ele>76.56</ele><time>2026-05-02T00:45:18Z</time></trkpt><trkpt lat="35.7760649174" lon="139.4726142939"><ele>76.56</ele><time>2026-05-02T00:45:19Z</time></trkpt><trkpt lat="35.7761118561" lon="139.4726525992"><ele>77.04</ele><time>2026-05-02T00:45:22Z</time></trkpt><trkpt lat="35.7761292066" lon="139.4726613164"><ele>77.52</ele><time>2026-05-02T00:45:23Z</time></trkpt><trkpt lat="35.7761469763" lon="139.4726671837"><ele>78.48</ele><time>2026-05-02T00:45:24Z</time></trkpt><trkpt lat="35.7761653326" lon="139.4726743083"><ele>78.97</ele><time>2026-05-02T00:45:25Z</time></trkpt><trkpt lat="35.7761805039" lon="139.4726804271"><ele>79.93</ele><time>2026-05-02T00:45:26Z</time></trkpt><trkpt lat="35.7763556018" lon="139.4727365859"><ele>84.73</ele><time>2026-05-02T00:45:35Z</time></trkpt><trkpt lat="35.7763706055" lon="139.4727457222"><ele>85.21</ele><time>2026-05-02T00:45:36Z</time></trkpt><trkpt lat="35.7763846032" lon="139.4727530144"><ele>85.69</ele><time>2026-05-02T00:45:37Z</time></trkpt><trkpt lat="35.7763990201" lon="139.4727546070"><ele>86.66</ele><time>2026-05-02T00:45:38Z</time></trkpt><trkpt lat="35.7764187176" lon="139.4727551099"><ele>87.14</ele><time>2026-05-02T00:45:39Z</time></trkpt><trkpt lat="35.7764395885" lon="139.4727593008"><ele>87.62</ele><time>2026-05-02T00:45:40Z</time></trkpt><trkpt lat="35.7766302768" lon="139.4727793336"><ele>90.98</ele><time>2026-05-02T00:45:50Z</time></trkpt><trkpt lat="35.7768796384" lon="139.4728362467"><ele>92.90</ele><time>2026-05-02T00:46:01Z</time></trkpt><trkpt lat="35.7770557422" lon="139.4727716222"><ele>96.75</ele><time>2026-05-02T00:46:11Z</time></trkpt><trkpt lat="35.7770753559" lon="139.4727679342"><ele>97.23</ele><time>2026-05-02T00:46:12Z</time></trkpt><trkpt lat="35.7770901918" lon="139.4727572892"><ele>97.71</ele><time>2026-05-02T00:46:13Z</time></trkpt><trkpt lat="35.7771041896" lon="139.4727489911"><ele>98.19</ele><time>2026-05-02T00:46:14Z</time></trkpt><trkpt lat="35.7771224622" lon="139.4727439620"><ele>98.67</ele><time>2026-05-02T00:46:15Z</time></trkpt><trkpt lat="35.7773514558" lon="139.4726396911"><ele>100.60</ele><time>2026-05-02T00:46:27Z</time></trkpt><trkpt lat="35.7776107918" lon="139.4725273736"><ele>93.87</ele><time>2026-05-02T00:46:37Z</time></trkpt><trkpt lat="35.7777258754" lon="139.4724337477"><ele>100.60</ele><time>2026-05-02T00:46:47Z</time></trkpt><trkpt lat="35.7777649350" lon="139.4724192470"><ele>102.04</ele><time>2026-05-02T00:46:51Z</time></trkpt><trkpt lat="35.7779503427" lon="139.4723211788"><ele>102.04</ele><time>2026-05-02T00:47:05Z</time></trkpt><trkpt lat="35.7781375106" lon="139.4722440653"><ele>98.67</ele><time>2026-05-02T00:47:17Z</time></trkpt><trkpt lat="35.7782111876" lon="139.4722181652"><ele>98.67</ele><time>2026-05-02T00:47:28Z</time></trkpt><trkpt lat="35.7782337349" lon="139.4722192548"><ele>99.63</ele><time>2026-05-02T00:47:37Z</time></trkpt><trkpt lat="35.7782390155" lon="139.4722058438"><ele>100.60</ele><time>2026-05-02T00:47:38Z</time></trkpt><trkpt lat="35.7782411110" lon="139.4721905887"><ele>101.08</ele><time>2026-05-02T00:47:39Z</time></trkpt><trkpt lat="35.7782419492" lon="139.4721741602"><ele>101.56</ele><time>2026-05-02T00:47:40Z</time></trkpt><trkpt lat="35.7782499958" lon="139.4721580669"><ele>102.04</ele><time>2026-05-02T00:47:41Z</time></trkpt><trkpt lat="35.7782604732" lon="139.4721444044"><ele>101.56</ele><time>2026-05-02T00:47:42Z</time></trkpt><trkpt lat="35.7782697771" lon="139.4721214380"><ele>101.56</ele><time>2026-05-02T00:47:43Z</time></trkpt><trkpt lat="35.7782790810" lon="139.4720905088"><ele>100.60</ele><time>2026-05-02T00:47:44Z</time></trkpt><trkpt lat="35.7782416139" lon="139.4717243034"><ele>98.67</ele><time>2026-05-02T00:47:57Z</time></trkpt><trkpt lat="35.7781520113" lon="139.4715207070"><ele>104.44</ele><time>2026-05-02T00:48:06Z</time></trkpt><trkpt lat="35.7780650072" lon="139.4712203834"><ele>104.44</ele><time>2026-05-02T00:48:17Z</time></trkpt><trkpt lat="35.7780366763" lon="139.4710217323"><ele>103.96</ele><time>2026-05-02T00:48:25Z</time></trkpt><trkpt lat="35.7780372631" lon="139.4707296230"><ele>103.48</ele><time>2026-05-02T00:48:36Z</time></trkpt><trkpt lat="35.7780370116" lon="139.4704360049"><ele>100.60</ele><time>2026-05-02T00:48:45Z</time></trkpt><trkpt lat="35.7780468185" lon="139.4701453205"><ele>97.23</ele><time>2026-05-02T00:48:55Z</time></trkpt><trkpt lat="35.7780573796" lon="139.4699997269"><ele>96.27</ele><time>2026-05-02T00:49:02Z</time></trkpt><trkpt lat="35.7780469023" lon="139.4699354377"><ele>99.15</ele><time>2026-05-02T00:49:14Z</time></trkpt><trkpt lat="35.7781068329" lon="139.4698278978"><ele>92.90</ele><time>2026-05-02T00:49:33Z</time></trkpt><trkpt lat="35.7781334035" lon="139.4697358645"><ele>83.29</ele><time>2026-05-02T00:49:56Z</time></trkpt><trkpt lat="35.7781474851" lon="139.4697095454"><ele>81.37</ele><time>2026-05-02T00:50:06Z</time></trkpt><trkpt lat="35.7781528495" lon="139.4696963858"><ele>81.85</ele><time>2026-05-02T00:50:07Z</time></trkpt><trkpt lat="35.7781584654" lon="139.4696882553"><ele>81.85</ele><time>2026-05-02T00:50:08Z</time></trkpt><trkpt lat="35.7782397699" lon="139.4695849903"><ele>84.25</ele><time>2026-05-02T00:50:19Z</time></trkpt><trkpt lat="35.7783926558" lon="139.4693936314"><ele>89.54</ele><time>2026-05-02T00:50:31Z</time></trkpt><trkpt lat="35.7785273530" lon="139.4692312740"><ele>96.75</ele><time>2026-05-02T00:50:42Z</time></trkpt><trkpt lat="35.7785447873" lon="139.4692244846"><ele>98.19</ele><time>2026-05-02T00:50:44Z</time></trkpt><trkpt lat="35.7785639819" lon="139.4692173600"><ele>98.67</ele><time>2026-05-02T00:50:45Z</time></trkpt><trkpt lat="35.7786565181" lon="139.4691208005"><ele>105.40</ele><time>2026-05-02T00:50:54Z</time></trkpt><trkpt lat="35.7787134312" lon="139.4689317886"><ele>106.36</ele><time>2026-05-02T00:51:06Z</time></trkpt><trkpt lat="35.7787404209" lon="139.4688517414"><ele>105.88</ele><time>2026-05-02T00:51:19Z</time></trkpt><trkpt lat="35.7788011897" lon="139.4688105024"><ele>105.40</ele><time>2026-05-02T00:51:30Z</time></trkpt><trkpt lat="35.7788485475" lon="139.4687424414"><ele>99.63</ele><time>2026-05-02T00:51:49Z</time></trkpt><trkpt lat="35.7789080590" lon="139.4687851053"><ele>96.27</ele><time>2026-05-02T00:52:00Z</time></trkpt><trkpt lat="35.7789593562" lon="139.4688132685"><ele>85.69</ele><time>2026-05-02T00:52:24Z</time></trkpt><trkpt lat="35.7789563388" lon="139.4687864464"><ele>78.00</ele><time>2026-05-02T00:52:36Z</time></trkpt><trkpt lat="35.7789569255" lon="139.4687424414"><ele>77.52</ele><time>2026-05-02T00:52:45Z</time></trkpt><trkpt lat="35.7789787184" lon="139.4687155355"><ele>77.52</ele><time>2026-05-02T00:52:54Z</time></trkpt><trkpt lat="35.7789875194" lon="139.4687083270"><ele>77.52</ele><time>2026-05-02T00:52:55Z</time></trkpt><trkpt lat="35.7791372202" lon="139.4686116837"><ele>78.48</ele><time>2026-05-02T00:53:09Z</time></trkpt><trkpt lat="35.7791537326" lon="139.4686052296"><ele>78.97</ele><time>2026-05-02T00:53:10Z</time></trkpt><trkpt lat="35.7793283276" lon="139.4685700256"><ele>80.89</ele><time>2026-05-02T00:53:19Z</time></trkpt><trkpt lat="35.7795381267" lon="139.4685156271"><ele>82.33</ele><time>2026-05-02T00:53:29Z</time></trkpt><trkpt lat="35.7797586545" lon="139.4684645813"><ele>83.29</ele><time>2026-05-02T00:53:42Z</time></trkpt><trkpt lat="35.7799358480" lon="139.4684004597"><ele>86.18</ele><time>2026-05-02T00:53:53Z</time></trkpt><trkpt lat="35.7800325751" lon="139.4683645852"><ele>89.06</ele><time>2026-05-02T00:53:58Z</time></trkpt><trkpt lat="35.7800490037" lon="139.4683541916"><ele>89.54</ele><time>2026-05-02T00:53:59Z</time></trkpt><trkpt lat="35.7800662704" lon="139.4683468156"><ele>90.50</ele><time>2026-05-02T00:54:00Z</time></trkpt><trkpt lat="35.7802703697" lon="139.4682851247"><ele>100.60</ele><time>2026-05-02T00:54:11Z</time></trkpt><trkpt lat="35.7804346550" lon="139.4682446402"><ele>110.21</ele><time>2026-05-02T00:54:21Z</time></trkpt><trkpt lat="35.7804948371" lon="139.4681736454"><ele>114.05</ele><time>2026-05-02T00:54:28Z</time></trkpt><trkpt lat="35.7805207372" lon="139.4681343343"><ele>115.98</ele><time>2026-05-02T00:54:31Z</time></trkpt><trkpt lat="35.7805315498" lon="139.4681150559"><ele>116.94</ele><time>2026-05-02T00:54:32Z</time></trkpt><trkpt lat="35.7806158718" lon="139.4679808617"><ele>123.67</ele><time>2026-05-02T00:54:41Z</time></trkpt><trkpt lat="35.7807055581" lon="139.4678648561"><ele>127.03</ele><time>2026-05-02T00:54:48Z</time></trkpt><trkpt lat="35.7807204779" lon="139.4678523671"><ele>127.99</ele><time>2026-05-02T00:54:49Z</time></trkpt><trkpt lat="35.7807333861" lon="139.4678338431"><ele>128.95</ele><time>2026-05-02T00:54:50Z</time></trkpt><trkpt lat="35.7807429414" lon="139.4678177498"><ele>129.92</ele><time>2026-05-02T00:54:51Z</time></trkpt><trkpt lat="35.7807536703" lon="139.4678006507"><ele>130.88</ele><time>2026-05-02T00:54:52Z</time></trkpt><trkpt lat="35.7807669137" lon="139.4677767623"><ele>131.36</ele><time>2026-05-02T00:54:53Z</time></trkpt><trkpt lat="35.7807890419" lon="139.4676965475"><ele>135.68</ele><time>2026-05-02T00:55:02Z</time></trkpt><trkpt lat="35.7808565162" lon="139.4675581623"><ele>138.09</ele><time>2026-05-02T00:55:13Z</time></trkpt><trkpt lat="35.7810324524" lon="139.4673551526"><ele>137.61</ele><time>2026-05-02T00:55:22Z</time></trkpt><trkpt lat="35.7811602764" lon="139.4671582617"><ele>136.16</ele><time>2026-05-02T00:55:31Z</time></trkpt><trkpt lat="35.7812025212" lon="139.4670781307"><ele>134.72</ele><time>2026-05-02T00:55:39Z</time></trkpt><trkpt lat="35.7811954804" lon="139.4670803100"><ele>134.72</ele><time>2026-05-02T00:55:40Z</time></trkpt><trkpt lat="35.7811864279" lon="139.4670802262"><ele>134.72</ele><time>2026-05-02T00:55:41Z</time></trkpt><trkpt lat="35.7811850868" lon="139.4670751132"><ele>134.24</ele><time>2026-05-02T00:55:42Z</time></trkpt><trkpt lat="35.7811771240" lon="139.4670768734"><ele>134.24</ele><time>2026-05-02T00:55:43Z</time></trkpt><trkpt lat="35.7811708376" lon="139.4670776278"><ele>133.76</ele><time>2026-05-02T00:55:44Z</time></trkpt><trkpt lat="35.7811482064" lon="139.4670310244"><ele>131.36</ele><time>2026-05-02T00:55:49Z</time></trkpt><trkpt lat="35.7811452728" lon="139.4670300186"><ele>130.40</ele><time>2026-05-02T00:55:50Z</time></trkpt><trkpt lat="35.7811399084" lon="139.4670313597"><ele>130.40</ele><time>2026-05-02T00:55:51Z</time></trkpt><trkpt lat="35.7811331190" lon="139.4670333713"><ele>129.92</ele><time>2026-05-02T00:55:52Z</time></trkpt><trkpt lat="35.7811239827" lon="139.4670376461"><ele>129.92</ele><time>2026-05-02T00:55:53Z</time></trkpt><trkpt lat="35.7811137568" lon="139.4670394901"><ele>129.92</ele><time>2026-05-02T00:55:54Z</time></trkpt><trkpt lat="35.7810495514" lon="139.4670602772"><ele>129.92</ele><time>2026-05-02T00:56:03Z</time></trkpt><trkpt lat="35.7810539939" lon="139.4670651387"><ele>130.40</ele><time>2026-05-02T00:56:04Z</time></trkpt><trkpt lat="35.7810593583" lon="139.4670740236"><ele>130.40</ele><time>2026-05-02T00:56:05Z</time></trkpt><trkpt lat="35.7810731884" lon="139.4671363849"><ele>130.40</ele><time>2026-05-02T00:56:11Z</time></trkpt><trkpt lat="35.7810601126" lon="139.4672351237"><ele>124.63</ele><time>2026-05-02T00:56:16Z</time></trkpt><trkpt lat="35.7810545806" lon="139.4672618620"><ele>123.67</ele><time>2026-05-02T00:56:17Z</time></trkpt><trkpt lat="35.7809746172" lon="139.4674347807"><ele>121.26</ele><time>2026-05-02T00:56:24Z</time></trkpt><trkpt lat="35.7807854377" lon="139.4676578231"><ele>120.30</ele><time>2026-05-02T00:56:35Z</time></trkpt><trkpt lat="35.7806858607" lon="139.4677988067"><ele>118.86</ele><time>2026-05-02T00:56:41Z</time></trkpt><trkpt lat="35.7806716952" lon="139.4678379502"><ele>118.38</ele><time>2026-05-02T00:56:43Z</time></trkpt><trkpt lat="35.7806739584" lon="139.4678537920"><ele>118.38</ele><time>2026-05-02T00:56:44Z</time></trkpt><trkpt lat="35.7806973439" lon="139.4678995572"><ele>118.86</ele><time>2026-05-02T00:56:47Z</time></trkpt><trkpt lat="35.7807524968" lon="139.4679745752"><ele>119.34</ele><time>2026-05-02T00:56:57Z</time></trkpt><trkpt lat="35.7807418518" lon="139.4681168161"><ele>111.65</ele><time>2026-05-02T00:57:11Z</time></trkpt><trkpt lat="35.7807593700" lon="139.4682333246"><ele>104.92</ele><time>2026-05-02T00:57:24Z</time></trkpt><trkpt lat="35.7807828393" lon="139.4682603981"><ele>98.19</ele><time>2026-05-02T00:57:42Z</time></trkpt><trkpt lat="35.7807778101" lon="139.4682542793"><ele>96.75</ele><time>2026-05-02T00:57:47Z</time></trkpt><trkpt lat="35.7808669936" lon="139.4682884775"><ele>95.79</ele><time>2026-05-02T00:57:56Z</time></trkpt><trkpt lat="35.7808932289" lon="139.4681958575"><ele>99.15</ele><time>2026-05-02T00:58:01Z</time></trkpt><trkpt lat="35.7809969969" lon="139.4680173229"><ele>103.96</ele><time>2026-05-02T00:58:11Z</time></trkpt><trkpt lat="35.7811065484" lon="139.4678124692"><ele>108.29</ele><time>2026-05-02T00:58:20Z</time></trkpt><trkpt lat="35.7812244818" lon="139.4676193502"><ele>112.61</ele><time>2026-05-02T00:58:29Z</time></trkpt><trkpt lat="35.7813842408" lon="139.4673621934"><ele>115.98</ele><time>2026-05-02T00:58:40Z</time></trkpt><trkpt lat="35.7815039344" lon="139.4671743549"><ele>118.38</ele><time>2026-05-02T00:58:49Z</time></trkpt><trkpt lat="35.7816471811" lon="139.4669585209"><ele>118.38</ele><time>2026-05-02T00:58:59Z</time></trkpt><trkpt lat="35.7817917690" lon="139.4667647313"><ele>118.86</ele><time>2026-05-02T00:59:08Z</time></trkpt><trkpt lat="35.7819350995" lon="139.4665378332"><ele>119.82</ele><time>2026-05-02T00:59:18Z</time></trkpt><trkpt lat="35.7820936013" lon="139.4662902318"><ele>118.86</ele><time>2026-05-02T00:59:28Z</time></trkpt><trkpt lat="35.7822330762" lon="139.4660614058"><ele>115.01</ele><time>2026-05-02T00:59:39Z</time></trkpt><trkpt lat="35.7824247703" lon="139.4658011477"><ele>102.04</ele><time>2026-05-02T00:59:55Z</time></trkpt><trkpt lat="35.7824655063" lon="139.4657122996"><ele>99.15</ele><time>2026-05-02T01:00:03Z</time></trkpt><trkpt lat="35.7824494131" lon="139.4656778499"><ele>97.71</ele><time>2026-05-02T01:00:06Z</time></trkpt><trkpt lat="35.7824393548" lon="139.4656532072"><ele>96.75</ele><time>2026-05-02T01:00:08Z</time></trkpt><trkpt lat="35.7824256923" lon="139.4656471722"><ele>96.75</ele><time>2026-05-02T01:00:09Z</time></trkpt><trkpt lat="35.7822300587" lon="139.4655176718"><ele>97.23</ele><time>2026-05-02T01:00:20Z</time></trkpt><trkpt lat="35.7820726465" lon="139.4654279854"><ele>98.19</ele><time>2026-05-02T01:00:30Z</time></trkpt><trkpt lat="35.7818678766" lon="139.4653255586"><ele>99.63</ele><time>2026-05-02T01:00:41Z</time></trkpt><trkpt lat="35.7816070318" lon="139.4651963096"><ele>95.79</ele><time>2026-05-02T01:00:50Z</time></trkpt><trkpt lat="35.7813673094" lon="139.4650320243"><ele>95.79</ele><time>2026-05-02T01:01:01Z</time></trkpt><trkpt lat="35.7812599372" lon="139.4650010951"><ele>95.79</ele><time>2026-05-02T01:01:09Z</time></trkpt><trkpt lat="35.7812485378" lon="139.4649896119"><ele>95.79</ele><time>2026-05-02T01:01:10Z</time></trkpt><trkpt lat="35.7812460233" lon="139.4649736024"><ele>95.79</ele><time>2026-05-02T01:01:11Z</time></trkpt><trkpt lat="35.7812324446" lon="139.4649560843"><ele>95.79</ele><time>2026-05-02T01:01:12Z</time></trkpt><trkpt lat="35.7812205423" lon="139.4649445172"><ele>96.27</ele><time>2026-05-02T01:01:13Z</time></trkpt><trkpt lat="35.7811960671" lon="139.4649460260"><ele>96.27</ele><time>2026-05-02T01:01:15Z</time></trkpt><trkpt lat="35.7809591107" lon="139.4649306871"><ele>96.75</ele><time>2026-05-02T01:01:25Z</time></trkpt><trkpt lat="35.7806957513" lon="139.4648870174"><ele>96.27</ele><time>2026-05-02T01:01:37Z</time></trkpt><trkpt lat="35.7804250997" lon="139.4648518134"><ele>94.83</ele><time>2026-05-02T01:01:49Z</time></trkpt><trkpt lat="35.7802108582" lon="139.4648086466"><ele>93.39</ele><time>2026-05-02T01:01:59Z</time></trkpt><trkpt lat="35.7801824436" lon="139.4647794776"><ele>91.46</ele><time>2026-05-02T01:02:03Z</time></trkpt><trkpt lat="35.7801664341" lon="139.4647755381"><ele>91.46</ele><time>2026-05-02T01:02:04Z</time></trkpt><trkpt lat="35.7801448088" lon="139.4647702575"><ele>90.98</ele><time>2026-05-02T01:02:05Z</time></trkpt><trkpt lat="35.7800104469" lon="139.4647527393"><ele>90.02</ele><time>2026-05-02T01:02:15Z</time></trkpt><trkpt lat="35.7799402066" lon="139.4647446927"><ele>90.02</ele><time>2026-05-02T01:02:24Z</time></trkpt><trkpt lat="35.7798293978" lon="139.4647462852"><ele>88.58</ele><time>2026-05-02T01:02:35Z</time></trkpt><trkpt lat="35.7798380312" lon="139.4647570979"><ele>88.10</ele><time>2026-05-02T01:02:38Z</time></trkpt><trkpt lat="35.7798479218" lon="139.4647565950"><ele>88.10</ele><time>2026-05-02T01:02:39Z</time></trkpt><trkpt lat="35.7798858080" lon="139.4647835847"><ele>90.02</ele><time>2026-05-02T01:02:50Z</time></trkpt><trkpt lat="35.7799006440" lon="139.4647570979"><ele>88.10</ele><time>2026-05-02T01:03:20Z</time></trkpt><trkpt lat="35.7799174078" lon="139.4647670723"><ele>88.58</ele><time>2026-05-02T01:03:35Z</time></trkpt><trkpt lat="35.7799992152" lon="139.4647746161"><ele>87.14</ele><time>2026-05-02T01:03:46Z</time></trkpt><trkpt lat="35.7800098602" lon="139.4648103230"><ele>90.50</ele><time>2026-05-02T01:04:02Z</time></trkpt><trkpt lat="35.7800105307" lon="139.4648122508"><ele>90.98</ele><time>2026-05-02T01:04:27Z</time></trkpt><trkpt lat="35.7800282165" lon="139.4648214709"><ele>87.14</ele><time>2026-05-02T01:04:43Z</time></trkpt><trkpt lat="35.7801259495" lon="139.4648033660"><ele>82.81</ele><time>2026-05-02T01:04:56Z</time></trkpt><trkpt lat="35.7803156320" lon="139.4648171961"><ele>80.41</ele><time>2026-05-02T01:05:09Z</time></trkpt><trkpt lat="35.7805799972" lon="139.4648685772"><ele>86.18</ele><time>2026-05-02T01:05:24Z</time></trkpt><trkpt lat="35.7807883713" lon="139.4649446011"><ele>93.39</ele><time>2026-05-02T01:05:36Z</time></trkpt><trkpt lat="35.7809592783" lon="139.4649819843"><ele>98.67</ele><time>2026-05-02T01:05:48Z</time></trkpt><trkpt lat="35.7810891140" lon="139.4650125783"><ele>101.56</ele><time>2026-05-02T01:05:58Z</time></trkpt><trkpt lat="35.7811798900" lon="139.4650202896"><ele>102.52</ele><time>2026-05-02T01:06:08Z</time></trkpt><trkpt lat="35.7813393138" lon="139.4650891889"><ele>105.88</ele><time>2026-05-02T01:06:20Z</time></trkpt><trkpt lat="35.7815204468" lon="139.4651902746"><ele>99.63</ele><time>2026-05-02T01:06:30Z</time></trkpt><trkpt lat="35.7817149907" lon="139.4652161747"><ele>103.96</ele><time>2026-05-02T01:06:41Z</time></trkpt><trkpt lat="35.7819532044" lon="139.4652932044"><ele>112.13</ele><time>2026-05-02T01:06:54Z</time></trkpt><trkpt lat="35.7821334992" lon="139.4653706532"><ele>117.42</ele><time>2026-05-02T01:07:05Z</time></trkpt><trkpt lat="35.7822262868" lon="139.4654385466"><ele>123.67</ele><time>2026-05-02T01:07:19Z</time></trkpt><trkpt lat="35.7822902407" lon="139.4655594137"><ele>124.15</ele><time>2026-05-02T01:07:33Z</time></trkpt><trkpt lat="35.7823841181" lon="139.4655900914"><ele>122.71</ele><time>2026-05-02T01:07:48Z</time></trkpt><trkpt lat="35.7824740559" lon="139.4656130578"><ele>123.67</ele><time>2026-05-02T01:07:57Z</time></trkpt><trkpt lat="35.7824984472" lon="139.4656494353"><ele>124.63</ele><time>2026-05-02T01:08:00Z</time></trkpt><trkpt lat="35.7825548574" lon="139.4656935241"><ele>126.07</ele><time>2026-05-02T01:08:04Z</time></trkpt><trkpt lat="35.7825720403" lon="139.4657093659"><ele>127.03</ele><time>2026-05-02T01:08:05Z</time></trkpt><trkpt lat="35.7827894669" lon="139.4658841286"><ele>132.80</ele><time>2026-05-02T01:08:18Z</time></trkpt><trkpt lat="35.7828045543" lon="139.4658894930"><ele>132.80</ele><time>2026-05-02T01:08:19Z</time></trkpt><trkpt lat="35.7828155346" lon="139.4658873137"><ele>132.80</ele><time>2026-05-02T01:08:20Z</time></trkpt><trkpt lat="35.7828287780" lon="139.4658867270"><ele>133.28</ele><time>2026-05-02T01:08:21Z</time></trkpt><trkpt lat="35.7829889562" lon="139.4657782651"><ele>138.57</ele><time>2026-05-02T01:08:32Z</time></trkpt><trkpt lat="35.7830012776" lon="139.4657555502"><ele>139.53</ele><time>2026-05-02T01:08:33Z</time></trkpt><trkpt lat="35.7831445243" lon="139.4657226093"><ele>142.41</ele><time>2026-05-02T01:08:39Z</time></trkpt><trkpt lat="35.7831819914" lon="139.4656910095"><ele>143.37</ele><time>2026-05-02T01:08:41Z</time></trkpt><trkpt lat="35.7833578438" lon="139.4656423945"><ele>140.01</ele><time>2026-05-02T01:08:48Z</time></trkpt><trkpt lat="35.7835939620" lon="139.4656195119"><ele>139.53</ele><time>2026-05-02T01:08:58Z</time></trkpt><trkpt lat="35.7838790305" lon="139.4655827992"><ele>133.76</ele><time>2026-05-02T01:09:07Z</time></trkpt><trkpt lat="35.7841991354" lon="139.4656012394"><ele>116.46</ele><time>2026-05-02T01:09:17Z</time></trkpt><trkpt lat="35.7844583038" lon="139.4655107148"><ele>113.09</ele><time>2026-05-02T01:09:28Z</time></trkpt><trkpt lat="35.7845910732" lon="139.4654693920"><ele>114.53</ele><time>2026-05-02T01:09:37Z</time></trkpt><trkpt lat="35.7847120240" lon="139.4654807076"><ele>119.82</ele><time>2026-05-02T01:09:46Z</time></trkpt><trkpt lat="35.7847982738" lon="139.4654813781"><ele>125.59</ele><time>2026-05-02T01:09:55Z</time></trkpt><trkpt lat="35.7849118486" lon="139.4653242175"><ele>131.36</ele><time>2026-05-02T01:10:09Z</time></trkpt><trkpt lat="35.7849559374" lon="139.4652697351"><ele>119.34</ele><time>2026-05-02T01:10:23Z</time></trkpt><trkpt lat="35.7849904709" lon="139.4651135802"><ele>110.21</ele><time>2026-05-02T01:10:41Z</time></trkpt><trkpt lat="35.7850086596" lon="139.4650833216"><ele>101.08</ele><time>2026-05-02T01:11:10Z</time></trkpt><trkpt lat="35.7851214800" lon="139.4650948048"><ele>96.27</ele><time>2026-05-02T01:11:21Z</time></trkpt><trkpt lat="35.7851529960" lon="139.4650891889"><ele>97.23</ele><time>2026-05-02T01:11:33Z</time></trkpt><trkpt lat="35.7851540856" lon="139.4651481975"><ele>93.87</ele><time>2026-05-02T01:11:56Z</time></trkpt><trkpt lat="35.7851633895" lon="139.4651340321"><ele>93.87</ele><time>2026-05-02T01:11:57Z</time></trkpt><trkpt lat="35.7851716038" lon="139.4651249796"><ele>94.35</ele><time>2026-05-02T01:11:58Z</time></trkpt><trkpt lat="35.7851825003" lon="139.4651082996"><ele>94.83</ele><time>2026-05-02T01:11:59Z</time></trkpt><trkpt lat="35.7851930615" lon="139.4650896080"><ele>94.83</ele><time>2026-05-02T01:12:00Z</time></trkpt><trkpt lat="35.7852021977" lon="139.4650718383"><ele>95.31</ele><time>2026-05-02T01:12:01Z</time></trkpt><trkpt lat="35.7852090709" lon="139.4650570862"><ele>95.31</ele><time>2026-05-02T01:12:02Z</time></trkpt><trkpt lat="35.7852180395" lon="139.4650475308"><ele>95.31</ele><time>2026-05-02T01:12:03Z</time></trkpt><trkpt lat="35.7852317020" lon="139.4650466088"><ele>95.79</ele><time>2026-05-02T01:12:04Z</time></trkpt><trkpt lat="35.7852475438" lon="139.4650545716"><ele>96.27</ele><time>2026-05-02T01:12:05Z</time></trkpt><trkpt lat="35.7853575982" lon="139.4650839083"><ele>99.15</ele><time>2026-05-02T01:12:12Z</time></trkpt><trkpt lat="35.7853751164" lon="139.4650725927"><ele>99.15</ele><time>2026-05-02T01:12:13Z</time></trkpt><trkpt lat="35.7853869349" lon="139.4650688209"><ele>99.15</ele><time>2026-05-02T01:12:14Z</time></trkpt><trkpt lat="35.7854059618" lon="139.4650637079"><ele>99.63</ele><time>2026-05-02T01:12:15Z</time></trkpt><trkpt lat="35.7854253240" lon="139.4650537334"><ele>99.63</ele><time>2026-05-02T01:12:16Z</time></trkpt><trkpt lat="35.7855509687" lon="139.4650052860"><ele>100.60</ele><time>2026-05-02T01:12:22Z</time></trkpt><trkpt lat="35.7855748571" lon="139.4650034420"><ele>101.08</ele><time>2026-05-02T01:12:23Z</time></trkpt><trkpt lat="35.7858354505" lon="139.4649675675"><ele>106.36</ele><time>2026-05-02T01:12:34Z</time></trkpt><trkpt lat="35.7859341055" lon="139.4649520610"><ele>107.32</ele><time>2026-05-02T01:12:39Z</time></trkpt><trkpt lat="35.7859527972" lon="139.4649512228"><ele>107.81</ele><time>2026-05-02T01:12:40Z</time></trkpt><trkpt lat="35.7860255521" lon="139.4648869336"><ele>111.65</ele><time>2026-05-02T01:12:49Z</time></trkpt><trkpt lat="35.7860426512" lon="139.4648281764"><ele>114.05</ele><time>2026-05-02T01:12:56Z</time></trkpt><trkpt lat="35.7860646117" lon="139.4647992589"><ele>114.05</ele><time>2026-05-02T01:12:57Z</time></trkpt><trkpt lat="35.7860817946" lon="139.4647845067"><ele>114.53</ele><time>2026-05-02T01:12:58Z</time></trkpt><trkpt lat="35.7861012407" lon="139.4647606183"><ele>114.53</ele><time>2026-05-02T01:12:59Z</time></trkpt><trkpt lat="35.7861182559" lon="139.4647502247"><ele>115.50</ele><time>2026-05-02T01:13:00Z</time></trkpt><trkpt lat="35.7863671985" lon="139.4646545034"><ele>120.78</ele><time>2026-05-02T01:13:12Z</time></trkpt><trkpt lat="35.7865237724" lon="139.4645718578"><ele>121.26</ele><time>2026-05-02T01:13:19Z</time></trkpt><trkpt lat="35.7865470741" lon="139.4645667449"><ele>120.78</ele><time>2026-05-02T01:13:20Z</time></trkpt><trkpt lat="35.7865684479" lon="139.4645642303"><ele>120.30</ele><time>2026-05-02T01:13:21Z</time></trkpt><trkpt lat="35.7865899894" lon="139.4645567704"><ele>120.78</ele><time>2026-05-02T01:13:22Z</time></trkpt><trkpt lat="35.7866110280" lon="139.4645510707"><ele>120.78</ele><time>2026-05-02T01:13:23Z</time></trkpt><trkpt lat="35.7868696097" lon="139.4644562714"><ele>116.94</ele><time>2026-05-02T01:13:34Z</time></trkpt><trkpt lat="35.7870981004" lon="139.4644114282"><ele>114.53</ele><time>2026-05-02T01:13:44Z</time></trkpt><trkpt lat="35.7873308659" lon="139.4642580394"><ele>110.69</ele><time>2026-05-02T01:13:54Z</time></trkpt><trkpt lat="35.7875839993" lon="139.4641341548"><ele>106.36</ele><time>2026-05-02T01:14:05Z</time></trkpt><trkpt lat="35.7878414914" lon="139.4640595559"><ele>101.56</ele><time>2026-05-02T01:14:16Z</time></trkpt><trkpt lat="35.7881525438" lon="139.4639606494"><ele>97.71</ele><time>2026-05-02T01:14:29Z</time></trkpt><trkpt lat="35.7883565594" lon="139.4638780877"><ele>99.15</ele><time>2026-05-02T01:14:38Z</time></trkpt><trkpt lat="35.7886044960" lon="139.4638124574"><ele>105.40</ele><time>2026-05-02T01:14:49Z</time></trkpt><trkpt lat="35.7887731399" lon="139.4637470786"><ele>114.53</ele><time>2026-05-02T01:15:00Z</time></trkpt><trkpt lat="35.7888532709" lon="139.4637137186"><ele>114.05</ele><time>2026-05-02T01:15:08Z</time></trkpt><trkpt lat="35.7889063284" lon="139.4637210947"><ele>114.53</ele><time>2026-05-02T01:15:13Z</time></trkpt><trkpt lat="35.7889212482" lon="139.4637273811"><ele>114.53</ele><time>2026-05-02T01:15:14Z</time></trkpt><trkpt lat="35.7891380880" lon="139.4636982959"><ele>115.01</ele><time>2026-05-02T01:15:26Z</time></trkpt><trkpt lat="35.7892182190" lon="139.4636552129"><ele>112.13</ele><time>2026-05-02T01:15:35Z</time></trkpt><trkpt lat="35.7893825881" lon="139.4636655226"><ele>116.94</ele><time>2026-05-02T01:15:47Z</time></trkpt><trkpt lat="35.7894291077" lon="139.4636036642"><ele>124.15</ele><time>2026-05-02T01:16:00Z</time></trkpt><trkpt lat="35.7896182034" lon="139.4634594116"><ele>129.43</ele><time>2026-05-02T01:16:13Z</time></trkpt><trkpt lat="35.7898876816" lon="139.4632408116"><ele>134.24</ele><time>2026-05-02T01:16:26Z</time></trkpt><trkpt lat="35.7901894301" lon="139.4631636143"><ele>138.57</ele><time>2026-05-02T01:16:39Z</time></trkpt><trkpt lat="35.7904162444" lon="139.4631015882"><ele>139.53</ele><time>2026-05-02T01:16:49Z</time></trkpt><trkpt lat="35.7906164881" lon="139.4630044419"><ele>137.13</ele><time>2026-05-02T01:16:59Z</time></trkpt><trkpt lat="35.7906627562" lon="139.4629865047"><ele>131.84</ele><time>2026-05-02T01:17:01Z</time></trkpt><trkpt lat="35.7907572202" lon="139.4631155860"><ele>125.11</ele><time>2026-05-02T01:17:15Z</time></trkpt><trkpt lat="35.7909019757" lon="139.4631670509"><ele>109.73</ele><time>2026-05-02T01:17:29Z</time></trkpt><trkpt lat="35.7909108605" lon="139.4631647877"><ele>109.73</ele><time>2026-05-02T01:17:30Z</time></trkpt><trkpt lat="35.7909357548" lon="139.4631595910"><ele>109.73</ele><time>2026-05-02T01:17:33Z</time></trkpt><trkpt lat="35.7909638342" lon="139.4631720800"><ele>110.69</ele><time>2026-05-02T01:17:44Z</time></trkpt><trkpt lat="35.7910547778" lon="139.4632568210"><ele>108.29</ele><time>2026-05-02T01:17:54Z</time></trkpt><trkpt lat="35.7911133673" lon="139.4633341860"><ele>104.44</ele><time>2026-05-02T01:18:06Z</time></trkpt><trkpt lat="35.7911391836" lon="139.4633483514"><ele>103.48</ele><time>2026-05-02T01:18:09Z</time></trkpt><trkpt lat="35.7911515050" lon="139.4633524586"><ele>103.00</ele><time>2026-05-02T01:18:10Z</time></trkpt><trkpt lat="35.7912579551" lon="139.4633640256"><ele>101.08</ele><time>2026-05-02T01:18:20Z</time></trkpt><trkpt lat="35.7914163731" lon="139.4634501077"><ele>101.08</ele><time>2026-05-02T01:18:33Z</time></trkpt><trkpt lat="35.7914269343" lon="139.4634510297"><ele>101.08</ele><time>2026-05-02T01:18:34Z</time></trkpt><trkpt lat="35.7915569376" lon="139.4633881655"><ele>93.87</ele><time>2026-05-02T01:18:45Z</time></trkpt><trkpt lat="35.7915775571" lon="139.4633312523"><ele>92.42</ele><time>2026-05-02T01:18:55Z</time></trkpt><trkpt lat="35.7915840112" lon="139.4633099623"><ele>93.39</ele><time>2026-05-02T01:18:57Z</time></trkpt><trkpt lat="35.7916295249" lon="139.4632558152"><ele>96.27</ele><time>2026-05-02T01:19:03Z</time></trkpt><trkpt lat="35.7916097436" lon="139.4631451741"><ele>107.81</ele><time>2026-05-02T01:19:12Z</time></trkpt><trkpt lat="35.7915346418" lon="139.4630880095"><ele>123.67</ele><time>2026-05-02T01:19:23Z</time></trkpt><trkpt lat="35.7915414311" lon="139.4630751014"><ele>124.63</ele><time>2026-05-02T01:19:24Z</time></trkpt><trkpt lat="35.7917348016" lon="139.4628390670"><ele>141.45</ele><time>2026-05-02T01:19:36Z</time></trkpt><trkpt lat="35.7920272462" lon="139.4626292679"><ele>140.01</ele><time>2026-05-02T01:19:49Z</time></trkpt><trkpt lat="35.7922944613" lon="139.4626751170"><ele>131.84</ele><time>2026-05-02T01:20:00Z</time></trkpt><trkpt lat="35.7923959661" lon="139.4626750331"><ele>127.99</ele><time>2026-05-02T01:20:13Z</time></trkpt><trkpt lat="35.7924464252" lon="139.4626214728"><ele>129.43</ele><time>2026-05-02T01:20:24Z</time></trkpt><trkpt lat="35.7924439106" lon="139.4626406673"><ele>139.05</ele><time>2026-05-02T01:20:39Z</time></trkpt><trkpt lat="35.7924765162" lon="139.4626427628"><ele>140.49</ele><time>2026-05-02T01:20:47Z</time></trkpt><trkpt lat="35.7924711518" lon="139.4626300223"><ele>136.64</ele><time>2026-05-02T01:20:49Z</time></trkpt><trkpt lat="35.7925439067" lon="139.4627078064"><ele>119.82</ele><time>2026-05-02T01:21:02Z</time></trkpt><trkpt lat="35.7925580721" lon="139.4627345446"><ele>115.01</ele><time>2026-05-02T01:21:14Z</time></trkpt><trkpt lat="35.7925965451" lon="139.4628420006"><ele>110.69</ele><time>2026-05-02T01:21:23Z</time></trkpt><trkpt lat="35.7926478423" lon="139.4628212973"><ele>108.29</ele><time>2026-05-02T01:21:26Z</time></trkpt><trkpt lat="35.7927696314" lon="139.4627806451"><ele>105.40</ele><time>2026-05-02T01:21:32Z</time></trkpt><trkpt lat="35.7927915920" lon="139.4627798907"><ele>104.92</ele><time>2026-05-02T01:21:33Z</time></trkpt><trkpt lat="35.7929366827" lon="139.4627929665"><ele>107.81</ele><time>2026-05-02T01:21:42Z</time></trkpt><trkpt lat="35.7929948531" lon="139.4627562538"><ele>111.17</ele><time>2026-05-02T01:21:46Z</time></trkpt><trkpt lat="35.7930125389" lon="139.4627516437"><ele>111.65</ele><time>2026-05-02T01:21:47Z</time></trkpt><trkpt lat="35.7930311467" lon="139.4627414178"><ele>112.13</ele><time>2026-05-02T01:21:48Z</time></trkpt><trkpt lat="35.7930504251" lon="139.4627303537"><ele>112.61</ele><time>2026-05-02T01:21:49Z</time></trkpt><trkpt lat="35.7930672728" lon="139.4627220556"><ele>113.09</ele><time>2026-05-02T01:21:50Z</time></trkpt><trkpt lat="35.7931400277" lon="139.4625855144"><ele>110.69</ele><time>2026-05-02T01:22:00Z</time></trkpt><trkpt lat="35.7931944262" lon="139.4625234883"><ele>112.61</ele><time>2026-05-02T01:22:13Z</time></trkpt><trkpt lat="35.7933027204" lon="139.4625078980"><ele>110.21</ele><time>2026-05-02T01:22:26Z</time></trkpt><trkpt lat="35.7932964340" lon="139.4625130109"><ele>105.40</ele><time>2026-05-02T01:22:44Z</time></trkpt><trkpt lat="35.7932855375" lon="139.4624659047"><ele>103.48</ele><time>2026-05-02T01:23:07Z</time></trkpt><trkpt lat="35.7933190651" lon="139.4625149388"><ele>98.67</ele><time>2026-05-02T01:23:28Z</time></trkpt><trkpt lat="35.7933619805" lon="139.4626037870"><ele>95.31</ele><time>2026-05-02T01:23:49Z</time></trkpt><trkpt lat="35.7934342325" lon="139.4625690021"><ele>94.35</ele><time>2026-05-02T01:24:03Z</time></trkpt><trkpt lat="35.7936602924" lon="139.4624354783"><ele>97.71</ele><time>2026-05-02T01:24:16Z</time></trkpt><trkpt lat="35.7938634697" lon="139.4623413496"><ele>99.15</ele><time>2026-05-02T01:24:27Z</time></trkpt><trkpt lat="35.7938824967" lon="139.4623354822"><ele>99.15</ele><time>2026-05-02T01:24:28Z</time></trkpt><trkpt lat="35.7938995119" lon="139.4623263460"><ele>98.67</ele><time>2026-05-02T01:24:29Z</time></trkpt><trkpt lat="35.7939154375" lon="139.4623160362"><ele>98.67</ele><time>2026-05-02T01:24:30Z</time></trkpt><trkpt lat="35.7939329557" lon="139.4623069838"><ele>98.67</ele><time>2026-05-02T01:24:31Z</time></trkpt><trkpt lat="35.7939529046" lon="139.4622923154"><ele>98.67</ele><time>2026-05-02T01:24:32Z</time></trkpt><trkpt lat="35.7939740270" lon="139.4622732885"><ele>98.19</ele><time>2026-05-02T01:24:33Z</time></trkpt><trkpt lat="35.7939933892" lon="139.4622550160"><ele>98.19</ele><time>2026-05-02T01:24:34Z</time></trkpt><trkpt lat="35.7940156851" lon="139.4622348156"><ele>98.19</ele><time>2026-05-02T01:24:35Z</time></trkpt><trkpt lat="35.7942008413" lon="139.4621189777"><ele>94.83</ele><time>2026-05-02T01:24:45Z</time></trkpt><trkpt lat="35.7943987381" lon="139.4619881362"><ele>94.35</ele><time>2026-05-02T01:24:56Z</time></trkpt><trkpt lat="35.7945535518" lon="139.4618998747"><ele>98.19</ele><time>2026-05-02T01:25:06Z</time></trkpt><trkpt lat="35.7945828885" lon="139.4618761539"><ele>98.19</ele><time>2026-05-02T01:25:08Z</time></trkpt><trkpt lat="35.7947482634" lon="139.4617032353"><ele>99.15</ele><time>2026-05-02T01:25:18Z</time></trkpt><trkpt lat="35.7948526181" lon="139.4616156444"><ele>98.19</ele><time>2026-05-02T01:25:28Z</time></trkpt><trkpt lat="35.7948790211" lon="139.4615927618"><ele>103.96</ele><time>2026-05-02T01:25:37Z</time></trkpt><trkpt lat="35.7948490139" lon="139.4615246169"><ele>115.98</ele><time>2026-05-02T01:26:05Z</time></trkpt><trkpt lat="35.7949505188" lon="139.4614951964"><ele>116.94</ele><time>2026-05-02T01:26:20Z</time></trkpt><trkpt lat="35.7949979603" lon="139.4614875689"><ele>111.17</ele><time>2026-05-02T01:26:32Z</time></trkpt><trkpt lat="35.7950296439" lon="139.4614723139"><ele>106.84</ele><time>2026-05-02T01:26:42Z</time></trkpt><trkpt lat="35.7950459048" lon="139.4614682905"><ele>106.84</ele><time>2026-05-02T01:26:43Z</time></trkpt><trkpt lat="35.7950679492" lon="139.4614610821"><ele>106.84</ele><time>2026-05-02T01:26:44Z</time></trkpt><trkpt lat="35.7950903289" lon="139.4614538737"><ele>106.36</ele><time>2026-05-02T01:26:45Z</time></trkpt><trkpt lat="35.7951079309" lon="139.4614469167"><ele>106.36</ele><time>2026-05-02T01:26:46Z</time></trkpt><trkpt lat="35.7953141257" lon="139.4613517821"><ele>108.29</ele><time>2026-05-02T01:26:56Z</time></trkpt><trkpt lat="35.7955982722" lon="139.4611824676"><ele>110.69</ele><time>2026-05-02T01:27:10Z</time></trkpt><trkpt lat="35.7956468873" lon="139.4611584116"><ele>111.65</ele><time>2026-05-02T01:27:13Z</time></trkpt><trkpt lat="35.7956618071" lon="139.4611527119"><ele>112.13</ele><time>2026-05-02T01:27:14Z</time></trkpt><trkpt lat="35.7956770621" lon="139.4611455873"><ele>112.61</ele><time>2026-05-02T01:27:15Z</time></trkpt><trkpt lat="35.7956918981" lon="139.4611455873"><ele>113.09</ele><time>2026-05-02T01:27:16Z</time></trkpt><trkpt lat="35.7957089134" lon="139.4611461740"><ele>113.57</ele><time>2026-05-02T01:27:17Z</time></trkpt><trkpt lat="35.7957278565" lon="139.4611393847"><ele>113.57</ele><time>2026-05-02T01:27:18Z</time></trkpt><trkpt lat="35.7959488872" lon="139.4609971438"><ele>112.61</ele><time>2026-05-02T01:27:28Z</time></trkpt><trkpt lat="35.7961268350" lon="139.4609554019"><ele>112.61</ele><time>2026-05-02T01:27:37Z</time></trkpt><trkpt lat="35.7963177748" lon="139.4608234707"><ele>109.73</ele><time>2026-05-02T01:27:46Z</time></trkpt><trkpt lat="35.7965181023" lon="139.4607014302"><ele>106.36</ele><time>2026-05-02T01:27:56Z</time></trkpt><trkpt lat="35.7967212796" lon="139.4606085587"><ele>106.36</ele><time>2026-05-02T01:28:06Z</time></trkpt><trkpt lat="35.7969306596" lon="139.4604966603"><ele>108.29</ele><time>2026-05-02T01:28:16Z</time></trkpt><trkpt lat="35.7971759140" lon="139.4602751266"><ele>102.52</ele><time>2026-05-02T01:28:27Z</time></trkpt><trkpt lat="35.7973960228" lon="139.4601632282"><ele>100.60</ele><time>2026-05-02T01:28:38Z</time></trkpt><trkpt lat="35.7976485696" lon="139.4600388408"><ele>101.08</ele><time>2026-05-02T01:28:50Z</time></trkpt><trkpt lat="35.7978322171" lon="139.4599489868"><ele>103.96</ele><time>2026-05-02T01:29:00Z</time></trkpt><trkpt lat="35.7979959995" lon="139.4598546904"><ele>106.84</ele><time>2026-05-02T01:29:08Z</time></trkpt><trkpt lat="35.7980203070" lon="139.4598491583"><ele>107.32</ele><time>2026-05-02T01:29:09Z</time></trkpt><trkpt lat="35.7980341371" lon="139.4598583784"><ele>108.77</ele><time>2026-05-02T01:29:10Z</time></trkpt><trkpt lat="35.7980496436" lon="139.4598603062"><ele>109.25</ele><time>2026-05-02T01:29:11Z</time></trkpt><trkpt lat="35.7980587799" lon="139.4598588813"><ele>109.25</ele><time>2026-05-02T01:29:12Z</time></trkpt><trkpt lat="35.7982306927" lon="139.4597853720"><ele>110.69</ele><time>2026-05-02T01:29:20Z</time></trkpt><trkpt lat="35.7984433416" lon="139.4596478250"><ele>112.61</ele><time>2026-05-02T01:29:30Z</time></trkpt><trkpt lat="35.7985653821" lon="139.4595472421"><ele>111.65</ele><time>2026-05-02T01:29:39Z</time></trkpt><trkpt lat="35.7986849919" lon="139.4594487548"><ele>109.25</ele><time>2026-05-02T01:29:51Z</time></trkpt><trkpt lat="35.7988149114" lon="139.4593815319"><ele>109.73</ele><time>2026-05-02T01:29:58Z</time></trkpt><trkpt lat="35.7988291606" lon="139.4593771733"><ele>110.21</ele><time>2026-05-02T01:29:59Z</time></trkpt><trkpt lat="35.7988492772" lon="139.4593639299"><ele>110.69</ele><time>2026-05-02T01:30:00Z</time></trkpt><trkpt lat="35.7990787737" lon="139.4591997284"><ele>109.73</ele><time>2026-05-02T01:30:11Z</time></trkpt><trkpt lat="35.7992666122" lon="139.4590938650"><ele>110.21</ele><time>2026-05-02T01:30:21Z</time></trkpt><trkpt lat="35.7994359266" lon="139.4589553121"><ele>110.21</ele><time>2026-05-02T01:30:30Z</time></trkpt><trkpt lat="35.7996085938" lon="139.4588100538"><ele>109.25</ele><time>2026-05-02T01:30:39Z</time></trkpt><trkpt lat="35.7997916546" lon="139.4586124923"><ele>105.88</ele><time>2026-05-02T01:30:49Z</time></trkpt><trkpt lat="35.7998439576" lon="139.4585611951"><ele>105.40</ele><time>2026-05-02T01:30:52Z</time></trkpt><trkpt lat="35.7998653315" lon="139.4585505500"><ele>105.40</ele><time>2026-05-02T01:30:53Z</time></trkpt><trkpt lat="35.7998845261" lon="139.4585405756"><ele>105.40</ele><time>2026-05-02T01:30:54Z</time></trkpt><trkpt lat="35.7999023795" lon="139.4585279189"><ele>105.88</ele><time>2026-05-02T01:30:55Z</time></trkpt><trkpt lat="35.7999198139" lon="139.4585148431"><ele>105.88</ele><time>2026-05-02T01:30:56Z</time></trkpt><trkpt lat="35.7999368291" lon="139.4584968220"><ele>105.88</ele><time>2026-05-02T01:30:57Z</time></trkpt><trkpt lat="35.7999581192" lon="139.4584784657"><ele>105.40</ele><time>2026-05-02T01:30:58Z</time></trkpt><trkpt lat="35.7999792416" lon="139.4584627077"><ele>105.88</ele><time>2026-05-02T01:30:59Z</time></trkpt><trkpt lat="35.7999987714" lon="139.4584497996"><ele>106.36</ele><time>2026-05-02T01:31:00Z</time></trkpt><trkpt lat="35.8000224922" lon="139.4584363885"><ele>106.36</ele><time>2026-05-02T01:31:01Z</time></trkpt><trkpt lat="35.8000447880" lon="139.4584204629"><ele>106.84</ele><time>2026-05-02T01:31:02Z</time></trkpt><trkpt lat="35.8000648208" lon="139.4584028609"><ele>107.32</ele><time>2026-05-02T01:31:03Z</time></trkpt><trkpt lat="35.8000854403" lon="139.4583881926"><ele>107.81</ele><time>2026-05-02T01:31:04Z</time></trkpt><trkpt lat="35.8001070656" lon="139.4583711773"><ele>108.29</ele><time>2026-05-02T01:31:05Z</time></trkpt><trkpt lat="35.8001288585" lon="139.4583529048"><ele>108.29</ele><time>2026-05-02T01:31:06Z</time></trkpt><trkpt lat="35.8001489751" lon="139.4583347999"><ele>108.29</ele><time>2026-05-02T01:31:07Z</time></trkpt><trkpt lat="35.8001697622" lon="139.4583185390"><ele>108.29</ele><time>2026-05-02T01:31:08Z</time></trkpt><trkpt lat="35.8001918066" lon="139.4583058823"><ele>108.29</ele><time>2026-05-02T01:31:09Z</time></trkpt><trkpt lat="35.8004023600" lon="139.4581552595"><ele>108.77</ele><time>2026-05-02T01:31:19Z</time></trkpt><trkpt lat="35.8006385621" lon="139.4579524174"><ele>110.69</ele><time>2026-05-02T01:31:31Z</time></trkpt><trkpt lat="35.8008532226" lon="139.4578188099"><ele>117.42</ele><time>2026-05-02T01:31:42Z</time></trkpt><trkpt lat="35.8009794541" lon="139.4577254355"><ele>120.30</ele><time>2026-05-02T01:31:48Z</time></trkpt><trkpt lat="35.8010481019" lon="139.4577132817"><ele>123.19</ele><time>2026-05-02T01:31:52Z</time></trkpt><trkpt lat="35.8010667935" lon="139.4576938357"><ele>124.15</ele><time>2026-05-02T01:31:53Z</time></trkpt><trkpt lat="35.8010857366" lon="139.4576771557"><ele>124.63</ele><time>2026-05-02T01:31:54Z</time></trkpt><trkpt lat="35.8011930250" lon="139.4575879723"><ele>127.51</ele><time>2026-05-02T01:32:00Z</time></trkpt><trkpt lat="35.8013438992" lon="139.4574484136"><ele>125.59</ele><time>2026-05-02T01:32:10Z</time></trkpt><trkpt lat="35.8014218509" lon="139.4573802687"><ele>124.15</ele><time>2026-05-02T01:32:19Z</time></trkpt><trkpt lat="35.8014314901" lon="139.4573671930"><ele>124.15</ele><time>2026-05-02T01:32:20Z</time></trkpt><trkpt lat="35.8014463261" lon="139.4573485013"><ele>124.15</ele><time>2026-05-02T01:32:21Z</time></trkpt><trkpt lat="35.8014620841" lon="139.4573307317"><ele>124.15</ele><time>2026-05-02T01:32:22Z</time></trkpt><trkpt lat="35.8014800213" lon="139.4573138002"><ele>124.15</ele><time>2026-05-02T01:32:23Z</time></trkpt><trkpt lat="35.8015017305" lon="139.4572992157"><ele>124.15</ele><time>2026-05-02T01:32:24Z</time></trkpt><trkpt lat="35.8015255351" lon="139.4572873134"><ele>124.15</ele><time>2026-05-02T01:32:25Z</time></trkpt><trkpt lat="35.8015491720" lon="139.4572767522"><ele>124.15</ele><time>2026-05-02T01:32:26Z</time></trkpt><trkpt lat="35.8015671931" lon="139.4572650176"><ele>123.67</ele><time>2026-05-02T01:32:27Z</time></trkpt><trkpt lat="35.8015858848" lon="139.4572542887"><ele>123.67</ele><time>2026-05-02T01:32:28Z</time></trkpt><trkpt lat="35.8016051631" lon="139.4572442304"><ele>123.67</ele><time>2026-05-02T01:32:29Z</time></trkpt><trkpt lat="35.8016222622" lon="139.4572332501"><ele>123.67</ele><time>2026-05-02T01:32:30Z</time></trkpt><trkpt lat="35.8016361762" lon="139.4572214317"><ele>123.67</ele><time>2026-05-02T01:32:31Z</time></trkpt><trkpt lat="35.8016470727" lon="139.4572101161"><ele>123.67</ele><time>2026-05-02T01:32:32Z</time></trkpt><trkpt lat="35.8018140402" lon="139.4570620917"><ele>125.59</ele><time>2026-05-02T01:32:42Z</time></trkpt><trkpt lat="35.8020248450" lon="139.4568810426"><ele>126.55</ele><time>2026-05-02T01:32:52Z</time></trkpt><trkpt lat="35.8022287767" lon="139.4567170925"><ele>130.88</ele><time>2026-05-02T01:33:02Z</time></trkpt><trkpt lat="35.8024436049" lon="139.4565776177"><ele>136.16</ele><time>2026-05-02T01:33:12Z</time></trkpt><trkpt lat="35.8026303537" lon="139.4564645458"><ele>137.13</ele><time>2026-05-02T01:33:21Z</time></trkpt><trkpt lat="35.8028097264" lon="139.4562938064"><ele>132.32</ele><time>2026-05-02T01:33:31Z</time></trkpt><trkpt lat="35.8029796276" lon="139.4561583549"><ele>128.95</ele><time>2026-05-02T01:33:41Z</time></trkpt><trkpt lat="35.8032374550" lon="139.4559524953"><ele>127.99</ele><time>2026-05-02T01:33:52Z</time></trkpt><trkpt lat="35.8034131397" lon="139.4558408484"><ele>127.99</ele><time>2026-05-02T01:34:01Z</time></trkpt><trkpt lat="35.8035623375" lon="139.4557297044"><ele>129.43</ele><time>2026-05-02T01:34:09Z</time></trkpt><trkpt lat="35.8036625013" lon="139.4556515850"><ele>130.40</ele><time>2026-05-02T01:34:14Z</time></trkpt><trkpt lat="35.8038567938" lon="139.4554980285"><ele>129.43</ele><time>2026-05-02T01:34:24Z</time></trkpt><trkpt lat="35.8038681094" lon="139.4554829411"><ele>129.43</ele><time>2026-05-02T01:34:25Z</time></trkpt><trkpt lat="35.8040583786" lon="139.4553546980"><ele>130.40</ele><time>2026-05-02T01:34:35Z</time></trkpt><trkpt lat="35.8041292056" lon="139.4553058315"><ele>130.40</ele><time>2026-05-02T01:34:45Z</time></trkpt><trkpt lat="35.8041634876" lon="139.4552863017"><ele>131.36</ele><time>2026-05-02T01:34:54Z</time></trkpt><trkpt lat="35.8042309619" lon="139.4552511815"><ele>129.43</ele><time>2026-05-02T01:35:12Z</time></trkpt><trkpt lat="35.8042405173" lon="139.4552392792"><ele>128.95</ele><time>2026-05-02T01:35:13Z</time></trkpt><trkpt lat="35.8043627255" lon="139.4551615790"><ele>129.43</ele><time>2026-05-02T01:35:24Z</time></trkpt><trkpt lat="35.8043737058" lon="139.4551535323"><ele>129.92</ele><time>2026-05-02T01:35:25Z</time></trkpt><trkpt lat="35.8044006955" lon="139.4551390316"><ele>130.40</ele><time>2026-05-02T01:35:28Z</time></trkpt><trkpt lat="35.8045441099" lon="139.4550446514"><ele>131.84</ele><time>2026-05-02T01:35:38Z</time></trkpt><trkpt lat="35.8047052938" lon="139.4549193420"><ele>131.84</ele><time>2026-05-02T01:35:45Z</time></trkpt><trkpt lat="35.8049097285" lon="139.4547370356"><ele>132.80</ele><time>2026-05-02T01:35:55Z</time></trkpt><trkpt lat="35.8051031828" lon="139.4545518793"><ele>132.32</ele><time>2026-05-02T01:36:04Z</time></trkpt><trkpt lat="35.8052927814" lon="139.4543715846"><ele>128.47</ele><time>2026-05-02T01:36:13Z</time></trkpt><trkpt lat="35.8054034226" lon="139.4542452693"><ele>122.71</ele><time>2026-05-02T01:36:23Z</time></trkpt><trkpt lat="35.8054130618" lon="139.4542505499"><ele>124.63</ele><time>2026-05-02T01:36:38Z</time></trkpt><trkpt lat="35.8054210246" lon="139.4542380609"><ele>125.11</ele><time>2026-05-02T01:36:50Z</time></trkpt><trkpt lat="35.8054262213" lon="139.4542205427"><ele>123.67</ele><time>2026-05-02T01:37:12Z</time></trkpt><trkpt lat="35.8054670412" lon="139.4542026054"><ele>123.19</ele><time>2026-05-02T01:37:21Z</time></trkpt><trkpt lat="35.8054821286" lon="139.4541998394"><ele>123.19</ele><time>2026-05-02T01:37:22Z</time></trkpt><trkpt lat="35.8054998145" lon="139.4541920442"><ele>123.67</ele><time>2026-05-02T01:37:23Z</time></trkpt><trkpt lat="35.8056714758" lon="139.4540795591"><ele>127.51</ele><time>2026-05-02T01:37:32Z</time></trkpt><trkpt lat="35.8058266249" lon="139.4539414253"><ele>128.95</ele><time>2026-05-02T01:37:40Z</time></trkpt><trkpt lat="35.8060176484" lon="139.4537322968"><ele>129.92</ele><time>2026-05-02T01:37:50Z</time></trkpt><trkpt lat="35.8060345799" lon="139.4537124317"><ele>129.92</ele><time>2026-05-02T01:37:51Z</time></trkpt><trkpt lat="35.8060567919" lon="139.4536936563"><ele>129.92</ele><time>2026-05-02T01:37:52Z</time></trkpt><trkpt lat="35.8062369190" lon="139.4535496552"><ele>133.28</ele><time>2026-05-02T01:38:01Z</time></trkpt><trkpt lat="35.8064360730" lon="139.4534186460"><ele>138.57</ele><time>2026-05-02T01:38:11Z</time></trkpt><trkpt lat="35.8066405077" lon="139.4532125350"><ele>143.37</ele><time>2026-05-02T01:38:21Z</time></trkpt><trkpt lat="35.8068525698" lon="139.4530177396"><ele>138.57</ele><time>2026-05-02T01:38:31Z</time></trkpt><trkpt lat="35.8070449345" lon="139.4528332539"><ele>131.84</ele><time>2026-05-02T01:38:41Z</time></trkpt><trkpt lat="35.8072207868" lon="139.4526881631"><ele>131.36</ele><time>2026-05-02T01:38:50Z</time></trkpt><trkpt lat="35.8073717449" lon="139.4525715709"><ele>132.32</ele><time>2026-05-02T01:38:58Z</time></trkpt><trkpt lat="35.8073817194" lon="139.4525593333"><ele>132.80</ele><time>2026-05-02T01:38:59Z</time></trkpt><trkpt lat="35.8073908556" lon="139.4525511190"><ele>132.80</ele><time>2026-05-02T01:39:00Z</time></trkpt><trkpt lat="35.8074442483" lon="139.4525240455"><ele>133.76</ele><time>2026-05-02T01:39:12Z</time></trkpt><trkpt lat="35.8074368723" lon="139.4525332656"><ele>132.80</ele><time>2026-05-02T01:39:27Z</time></trkpt><trkpt lat="35.8074382134" lon="139.4525490236"><ele>132.80</ele><time>2026-05-02T01:39:42Z</time></trkpt><trkpt lat="35.8074804582" lon="139.4525067788"><ele>132.32</ele><time>2026-05-02T01:39:58Z</time></trkpt><trkpt lat="35.8076297399" lon="139.4523768593"><ele>128.95</ele><time>2026-05-02T01:40:05Z</time></trkpt><trkpt lat="35.8076797798" lon="139.4523530547"><ele>129.92</ele><time>2026-05-02T01:40:08Z</time></trkpt><trkpt lat="35.8076993935" lon="139.4523337763"><ele>130.40</ele><time>2026-05-02T01:40:09Z</time></trkpt><trkpt lat="35.8078787662" lon="139.4521063752"><ele>120.30</ele><time>2026-05-02T01:40:18Z</time></trkpt><trkpt lat="35.8080718853" lon="139.4519306067"><ele>119.34</ele><time>2026-05-02T01:40:28Z</time></trkpt><trkpt lat="35.8082479052" lon="139.4517959096"><ele>121.26</ele><time>2026-05-02T01:40:38Z</time></trkpt><trkpt lat="35.8084173035" lon="139.4516669121"><ele>123.67</ele><time>2026-05-02T01:40:47Z</time></trkpt><trkpt lat="35.8086234145" lon="139.4514670037"><ele>120.30</ele><time>2026-05-02T01:40:57Z</time></trkpt><trkpt lat="35.8088286035" lon="139.4513991941"><ele>120.78</ele><time>2026-05-02T01:41:07Z</time></trkpt><trkpt lat="35.8090140112" lon="139.4512205757"><ele>121.26</ele><time>2026-05-02T01:41:17Z</time></trkpt><trkpt lat="35.8093112335" lon="139.4510827772"><ele>122.22</ele><time>2026-05-02T01:41:29Z</time></trkpt><trkpt lat="35.8095312584" lon="139.4509685319"><ele>118.38</ele><time>2026-05-02T01:41:38Z</time></trkpt><trkpt lat="35.8097255509" lon="139.4508720562"><ele>116.46</ele><time>2026-05-02T01:41:47Z</time></trkpt><trkpt lat="35.8098868188" lon="139.4508002233"><ele>119.82</ele><time>2026-05-02T01:41:55Z</time></trkpt><trkpt lat="35.8100613300" lon="139.4506719802"><ele>124.63</ele><time>2026-05-02T01:42:04Z</time></trkpt><trkpt lat="35.8102127071" lon="139.4505762588"><ele>127.99</ele><time>2026-05-02T01:42:12Z</time></trkpt><trkpt lat="35.8102293871" lon="139.4505688827"><ele>127.99</ele><time>2026-05-02T01:42:13Z</time></trkpt><trkpt lat="35.8104238473" lon="139.4503584970"><ele>127.51</ele><time>2026-05-02T01:42:23Z</time></trkpt><trkpt lat="35.8105169702" lon="139.4502723310"><ele>126.55</ele><time>2026-05-02T01:42:28Z</time></trkpt><trkpt lat="35.8105365001" lon="139.4502512924"><ele>126.55</ele><time>2026-05-02T01:42:29Z</time></trkpt><trkpt lat="35.8105548564" lon="139.4502403960"><ele>126.55</ele><time>2026-05-02T01:42:30Z</time></trkpt><trkpt lat="35.8105723746" lon="139.4502281584"><ele>126.55</ele><time>2026-05-02T01:42:31Z</time></trkpt><trkpt lat="35.8107421920" lon="139.4500675611"><ele>125.59</ele><time>2026-05-02T01:42:40Z</time></trkpt><trkpt lat="35.8108480554" lon="139.4499212969"><ele>126.07</ele><time>2026-05-02T01:42:46Z</time></trkpt><trkpt lat="35.8108593710" lon="139.4499034435"><ele>126.07</ele><time>2026-05-02T01:42:47Z</time></trkpt><trkpt lat="35.8108719438" lon="139.4498866796"><ele>126.07</ele><time>2026-05-02T01:42:48Z</time></trkpt><trkpt lat="35.8110739477" lon="139.4496492203"><ele>124.63</ele><time>2026-05-02T01:42:58Z</time></trkpt><trkpt lat="35.8112281747" lon="139.4494636450"><ele>121.26</ele><time>2026-05-02T01:43:06Z</time></trkpt><trkpt lat="35.8112666477" lon="139.4494432770"><ele>121.26</ele><time>2026-05-02T01:43:08Z</time></trkpt><trkpt lat="35.8112876024" lon="139.4494364038"><ele>121.26</ele><time>2026-05-02T01:43:09Z</time></trkpt><trkpt lat="35.8113085572" lon="139.4494180474"><ele>121.74</ele><time>2026-05-02T01:43:10Z</time></trkpt><trkpt lat="35.8114723396" lon="139.4492680114"><ele>125.11</ele><time>2026-05-02T01:43:19Z</time></trkpt><trkpt lat="35.8116525505" lon="139.4490142073"><ele>124.63</ele><time>2026-05-02T01:43:29Z</time></trkpt><trkpt lat="35.8118348569" lon="139.4487786759"><ele>123.19</ele><time>2026-05-02T01:43:39Z</time></trkpt><trkpt lat="35.8120806143" lon="139.4485450722"><ele>120.30</ele><time>2026-05-02T01:43:51Z</time></trkpt><trkpt lat="35.8122972865" lon="139.4483843073"><ele>113.57</ele><time>2026-05-02T01:44:01Z</time></trkpt><trkpt lat="35.8124807663" lon="139.4482532982"><ele>109.73</ele><time>2026-05-02T01:44:10Z</time></trkpt><trkpt lat="35.8126235101" lon="139.4481162541"><ele>110.69</ele><time>2026-05-02T01:44:18Z</time></trkpt><trkpt lat="35.8127707802" lon="139.4480061159"><ele>113.09</ele><time>2026-05-02T01:44:26Z</time></trkpt><trkpt lat="35.8129644021" lon="139.4478855003"><ele>117.90</ele><time>2026-05-02T01:44:36Z</time></trkpt><trkpt lat="35.8131659869" lon="139.4477565866"><ele>120.78</ele><time>2026-05-02T01:44:46Z</time></trkpt><trkpt lat="35.8131809905" lon="139.4477542397"><ele>120.30</ele><time>2026-05-02T01:44:47Z</time></trkpt><trkpt lat="35.8131975029" lon="139.4477386493"><ele>120.78</ele><time>2026-05-02T01:44:48Z</time></trkpt><trkpt lat="35.8134086430" lon="139.4475530740"><ele>119.34</ele><time>2026-05-02T01:44:59Z</time></trkpt><trkpt lat="35.8135214634" lon="139.4473861903"><ele>116.46</ele><time>2026-05-02T01:45:05Z</time></trkpt><trkpt lat="35.8135395683" lon="139.4473768864"><ele>116.46</ele><time>2026-05-02T01:45:06Z</time></trkpt><trkpt lat="35.8136889338" lon="139.4472026266"><ele>112.61</ele><time>2026-05-02T01:45:14Z</time></trkpt><trkpt lat="35.8137052786" lon="139.4471843541"><ele>112.61</ele><time>2026-05-02T01:45:15Z</time></trkpt><trkpt lat="35.8137249760" lon="139.4471680932"><ele>112.61</ele><time>2026-05-02T01:45:16Z</time></trkpt><trkpt lat="35.8137381356" lon="139.4471515808"><ele>112.61</ele><time>2026-05-02T01:45:17Z</time></trkpt><trkpt lat="35.8137674723" lon="139.4470955059"><ele>114.05</ele><time>2026-05-02T01:45:21Z</time></trkpt><trkpt lat="35.8138579968" lon="139.4470291212"><ele>119.82</ele><time>2026-05-02T01:45:33Z</time></trkpt><trkpt lat="35.8138723299" lon="139.4469976053"><ele>127.03</ele><time>2026-05-02T01:45:49Z</time></trkpt><trkpt lat="35.8138841484" lon="139.4469830208"><ele>127.51</ele><time>2026-05-02T01:45:52Z</time></trkpt><trkpt lat="35.8138996549" lon="139.4469717890"><ele>127.99</ele><time>2026-05-02T01:45:53Z</time></trkpt><trkpt lat="35.8139182627" lon="139.4469601382"><ele>128.47</ele><time>2026-05-02T01:45:54Z</time></trkpt><trkpt lat="35.8139367867" lon="139.4469448831"><ele>128.47</ele><time>2026-05-02T01:45:55Z</time></trkpt><trkpt lat="35.8139586635" lon="139.4469261914"><ele>128.47</ele><time>2026-05-02T01:45:56Z</time></trkpt><trkpt lat="35.8139797859" lon="139.4469111040"><ele>128.47</ele><time>2026-05-02T01:45:57Z</time></trkpt><trkpt lat="35.8139969688" lon="139.4468940049"><ele>127.99</ele><time>2026-05-02T01:45:58Z</time></trkpt><trkpt lat="35.8140190132" lon="139.4468732178"><ele>127.99</ele><time>2026-05-02T01:45:59Z</time></trkpt><trkpt lat="35.8140460029" lon="139.4468562026"><ele>127.99</ele><time>2026-05-02T01:46:00Z</time></trkpt><trkpt lat="35.8140999824" lon="139.4468194898"><ele>127.51</ele><time>2026-05-02T01:46:03Z</time></trkpt><trkpt lat="35.8141167462" lon="139.4468020555"><ele>127.51</ele><time>2026-05-02T01:46:04Z</time></trkpt><trkpt lat="35.8141304925" lon="139.4467831124"><ele>126.55</ele><time>2026-05-02T01:46:05Z</time></trkpt><trkpt lat="35.8143632580" lon="139.4465970341"><ele>121.26</ele><time>2026-05-02T01:46:18Z</time></trkpt><trkpt lat="35.8144021500" lon="139.4465640932"><ele>120.30</ele><time>2026-05-02T01:46:20Z</time></trkpt><trkpt lat="35.8144264575" lon="139.4465515204"><ele>119.34</ele><time>2026-05-02T01:46:21Z</time></trkpt><trkpt lat="35.8144472446" lon="139.4465521071"><ele>119.34</ele><time>2026-05-02T01:46:22Z</time></trkpt><trkpt lat="35.8146084286" lon="139.4463819545"><ele>115.98</ele><time>2026-05-02T01:46:31Z</time></trkpt><trkpt lat="35.8147081733" lon="139.4463148993"><ele>113.57</ele><time>2026-05-02T01:46:37Z</time></trkpt><trkpt lat="35.8147247694" lon="139.4463018235"><ele>113.57</ele><time>2026-05-02T01:46:38Z</time></trkpt><trkpt lat="35.8149069920" lon="139.4461462554"><ele>112.61</ele><time>2026-05-02T01:46:48Z</time></trkpt><trkpt lat="35.8151091635" lon="139.4459861610"><ele>110.69</ele><time>2026-05-02T01:46:58Z</time></trkpt><trkpt lat="35.8152939845" lon="139.4458341133"><ele>110.21</ele><time>2026-05-02T01:47:07Z</time></trkpt><trkpt lat="35.8153097425" lon="139.4458198640"><ele>110.21</ele><time>2026-05-02T01:47:08Z</time></trkpt><trkpt lat="35.8153288532" lon="139.4458109792"><ele>110.21</ele><time>2026-05-02T01:47:09Z</time></trkpt><trkpt lat="35.8153482154" lon="139.4457969815"><ele>110.21</ele><time>2026-05-02T01:47:10Z</time></trkpt><trkpt lat="35.8153678291" lon="139.4457795471"><ele>110.21</ele><time>2026-05-02T01:47:11Z</time></trkpt><trkpt lat="35.8153877780" lon="139.4457617775"><ele>110.21</ele><time>2026-05-02T01:47:12Z</time></trkpt><trkpt lat="35.8155471180" lon="139.4456326962"><ele>109.73</ele><time>2026-05-02T01:47:20Z</time></trkpt><trkpt lat="35.8157383092" lon="139.4454628788"><ele>111.17</ele><time>2026-05-02T01:47:30Z</time></trkpt><trkpt lat="35.8159410674" lon="139.4452227373"><ele>109.25</ele><time>2026-05-02T01:47:39Z</time></trkpt><trkpt lat="35.8161369525" lon="139.4450263493"><ele>105.88</ele><time>2026-05-02T01:47:49Z</time></trkpt><trkpt lat="35.8163328376" lon="139.4448474795"><ele>104.92</ele><time>2026-05-02T01:47:59Z</time></trkpt><trkpt lat="35.8164824545" lon="139.4447362516"><ele>107.32</ele><time>2026-05-02T01:48:08Z</time></trkpt><trkpt lat="35.8166526072" lon="139.4446241856"><ele>112.13</ele><time>2026-05-02T01:48:17Z</time></trkpt><trkpt lat="35.8167414553" lon="139.4445697870"><ele>115.50</ele><time>2026-05-02T01:48:22Z</time></trkpt><trkpt lat="35.8167743962" lon="139.4445300568"><ele>114.53</ele><time>2026-05-02T01:48:31Z</time></trkpt><trkpt lat="35.8168303873" lon="139.4444941822"><ele>113.09</ele><time>2026-05-02T01:48:41Z</time></trkpt><trkpt lat="35.8168448042" lon="139.4444738980"><ele>112.61</ele><time>2026-05-02T01:48:42Z</time></trkpt><trkpt lat="35.8169396035" lon="139.4443164021"><ele>104.44</ele><time>2026-05-02T01:48:52Z</time></trkpt><trkpt lat="35.8170580398" lon="139.4442155678"><ele>102.52</ele><time>2026-05-02T01:49:01Z</time></trkpt><trkpt lat="35.8172173798" lon="139.4441357721"><ele>105.40</ele><time>2026-05-02T01:49:10Z</time></trkpt><trkpt lat="35.8173592854" lon="139.4440515339"><ele>106.36</ele><time>2026-05-02T01:49:18Z</time></trkpt><trkpt lat="35.8173767198" lon="139.4440374523"><ele>106.36</ele><time>2026-05-02T01:49:19Z</time></trkpt><trkpt lat="35.8174918033" lon="139.4438656233"><ele>104.92</ele><time>2026-05-02T01:49:29Z</time></trkpt><trkpt lat="35.8176077250" lon="139.4437055290"><ele>99.63</ele><time>2026-05-02T01:49:41Z</time></trkpt><trkpt lat="35.8176394925" lon="139.4436496217"><ele>99.63</ele><time>2026-05-02T01:49:54Z</time></trkpt><trkpt lat="35.8176471200" lon="139.4436311815"><ele>99.63</ele><time>2026-05-02T01:50:03Z</time></trkpt><trkpt lat="35.8176316973" lon="139.4436494540"><ele>97.71</ele><time>2026-05-02T01:50:07Z</time></trkpt><trkpt lat="35.8175525721" lon="139.4437309261"><ele>92.90</ele><time>2026-05-02T01:50:20Z</time></trkpt><trkpt lat="35.8175829984" lon="139.4437207002"><ele>90.50</ele><time>2026-05-02T01:50:33Z</time></trkpt><trkpt lat="35.8175866026" lon="139.4437263999"><ele>90.50</ele><time>2026-05-02T01:50:49Z</time></trkpt><trkpt lat="35.8175854292" lon="139.4437459297"><ele>90.50</ele><time>2026-05-02T01:51:05Z</time></trkpt><trkpt lat="35.8175679948" lon="139.4437519647"><ele>89.54</ele><time>2026-05-02T01:51:21Z</time></trkpt><trkpt lat="35.8175686654" lon="139.4437511265"><ele>89.06</ele><time>2026-05-02T01:51:26Z</time></trkpt><trkpt lat="35.8177472837" lon="139.4437663816"><ele>87.14</ele><time>2026-05-02T01:51:36Z</time></trkpt><trkpt lat="35.8179449290" lon="139.4436817244"><ele>87.14</ele><time>2026-05-02T01:51:45Z</time></trkpt><trkpt lat="35.8180580009" lon="139.4434992503"><ele>89.06</ele><time>2026-05-02T01:51:55Z</time></trkpt><trkpt lat="35.8181073703" lon="139.4434326142"><ele>90.50</ele><time>2026-05-02T01:52:06Z</time></trkpt><trkpt lat="35.8181242179" lon="139.4434036966"><ele>91.46</ele><time>2026-05-02T01:52:11Z</time></trkpt><trkpt lat="35.8183175884" lon="139.4432101585"><ele>93.39</ele><time>2026-05-02T01:52:22Z</time></trkpt><trkpt lat="35.8185209334" lon="139.4429892115"><ele>93.87</ele><time>2026-05-02T01:52:33Z</time></trkpt><trkpt lat="35.8187116217" lon="139.4427934103"><ele>94.83</ele><time>2026-05-02T01:52:44Z</time></trkpt><trkpt lat="35.8188739792" lon="139.4426441286"><ele>98.19</ele><time>2026-05-02T01:52:53Z</time></trkpt><trkpt lat="35.8191183116" lon="139.4423711300"><ele>97.23</ele><time>2026-05-02T01:53:05Z</time></trkpt><trkpt lat="35.8193036355" lon="139.4422107004"><ele>96.27</ele><time>2026-05-02T01:53:14Z</time></trkpt><trkpt lat="35.8194769733" lon="139.4420698006"><ele>96.75</ele><time>2026-05-02T01:53:23Z</time></trkpt><trkpt lat="35.8196291048" lon="139.4419700559"><ele>100.11</ele><time>2026-05-02T01:53:33Z</time></trkpt><trkpt lat="35.8197263349" lon="139.4418775197"><ele>101.56</ele><time>2026-05-02T01:53:44Z</time></trkpt><trkpt lat="35.8197570965" lon="139.4418303296"><ele>104.92</ele><time>2026-05-02T01:53:56Z</time></trkpt><trkpt lat="35.8197881933" lon="139.4417434093"><ele>105.40</ele><time>2026-05-02T01:54:14Z</time></trkpt><trkpt lat="35.8198156860" lon="139.4417209458"><ele>105.88</ele><time>2026-05-02T01:54:16Z</time></trkpt><trkpt lat="35.8198335394" lon="139.4417124800"><ele>105.88</ele><time>2026-05-02T01:54:17Z</time></trkpt><trkpt lat="35.8198532369" lon="139.4416995719"><ele>105.88</ele><time>2026-05-02T01:54:18Z</time></trkpt><trkpt lat="35.8198720962" lon="139.4416859932"><ele>105.88</ele><time>2026-05-02T01:54:19Z</time></trkpt><trkpt lat="35.8198921289" lon="139.4416736718"><ele>105.88</ele><time>2026-05-02T01:54:20Z</time></trkpt><trkpt lat="35.8199104015" lon="139.4416555669"><ele>106.36</ele><time>2026-05-02T01:54:21Z</time></trkpt><trkpt lat="35.8199326135" lon="139.4416369591"><ele>106.84</ele><time>2026-05-02T01:54:22Z</time></trkpt><trkpt lat="35.8199480362" lon="139.4416242186"><ele>106.84</ele><time>2026-05-02T01:54:23Z</time></trkpt><trkpt lat="35.8199701644" lon="139.4416080415"><ele>107.32</ele><time>2026-05-02T01:54:24Z</time></trkpt><trkpt lat="35.8199901134" lon="139.4415930379"><ele>107.32</ele><time>2026-05-02T01:54:25Z</time></trkpt><trkpt lat="35.8200129960" lon="139.4415758550"><ele>107.81</ele><time>2026-05-02T01:54:26Z</time></trkpt><trkpt lat="35.8200357109" lon="139.4415606000"><ele>107.81</ele><time>2026-05-02T01:54:27Z</time></trkpt><trkpt lat="35.8202533051" lon="139.4414093066"><ele>109.73</ele><time>2026-05-02T01:54:37Z</time></trkpt><trkpt lat="35.8204711508" lon="139.4412228093"><ele>110.69</ele><time>2026-05-02T01:54:48Z</time></trkpt><trkpt lat="35.8206762560" lon="139.4410756230"><ele>110.21</ele><time>2026-05-02T01:54:58Z</time></trkpt><trkpt lat="35.8209241927" lon="139.4408837613"><ele>114.05</ele><time>2026-05-02T01:55:09Z</time></trkpt><trkpt lat="35.8211433794" lon="139.4407167099"><ele>117.90</ele><time>2026-05-02T01:55:20Z</time></trkpt><trkpt lat="35.8213551063" lon="139.4405685179"><ele>120.78</ele><time>2026-05-02T01:55:30Z</time></trkpt><trkpt lat="35.8215830941" lon="139.4403914083"><ele>124.15</ele><time>2026-05-02T01:55:41Z</time></trkpt><trkpt lat="35.8218161110" lon="139.4401829503"><ele>124.15</ele><time>2026-05-02T01:55:52Z</time></trkpt><trkpt lat="35.8218879439" lon="139.4400999695"><ele>123.67</ele><time>2026-05-02T01:56:00Z</time></trkpt><trkpt lat="35.8219496347" lon="139.4400276337"><ele>118.38</ele><time>2026-05-02T01:56:14Z</time></trkpt><trkpt lat="35.8221162669" lon="139.4399016537"><ele>116.94</ele><time>2026-05-02T01:56:22Z</time></trkpt><trkpt lat="35.8222694043" lon="139.4397667050"><ele>116.46</ele><time>2026-05-02T01:56:30Z</time></trkpt><trkpt lat="35.8224785328" lon="139.4395472668"><ele>111.65</ele><time>2026-05-02T01:56:40Z</time></trkpt><trkpt lat="35.8226652816" lon="139.4393252302"><ele>103.96</ele><time>2026-05-02T01:56:50Z</time></trkpt><trkpt lat="35.8228047565" lon="139.4391746074"><ele>99.15</ele><time>2026-05-02T01:56:58Z</time></trkpt><trkpt lat="35.8229941875" lon="139.4390316121"><ele>98.19</ele><time>2026-05-02T01:57:06Z</time></trkpt><trkpt lat="35.8232025616" lon="139.4388221484"><ele>94.83</ele><time>2026-05-02T01:57:17Z</time></trkpt><trkpt lat="35.8233964350" lon="139.4386837631"><ele>97.71</ele><time>2026-05-02T01:57:26Z</time></trkpt><trkpt lat="35.8235597983" lon="139.4385470543"><ele>100.60</ele><time>2026-05-02T01:57:34Z</time></trkpt><trkpt lat="35.8237786498" lon="139.4383789971"><ele>104.44</ele><time>2026-05-02T01:57:44Z</time></trkpt><trkpt lat="35.8239705954" lon="139.4382211659"><ele>107.32</ele><time>2026-05-02T01:57:53Z</time></trkpt><trkpt lat="35.8241640497" lon="139.4380210061"><ele>108.29</ele><time>2026-05-02T01:58:03Z</time></trkpt><trkpt lat="35.8243171033" lon="139.4378402922"><ele>103.96</ele><time>2026-05-02T01:58:12Z</time></trkpt><trkpt lat="35.8245071210" lon="139.4376852270"><ele>103.96</ele><time>2026-05-02T01:58:21Z</time></trkpt><trkpt lat="35.8247634396" lon="139.4375050161"><ele>107.32</ele><time>2026-05-02T01:58:32Z</time></trkpt><trkpt lat="35.8250116277" lon="139.4372851588"><ele>108.29</ele><time>2026-05-02T01:58:43Z</time></trkpt><trkpt lat="35.8252257854" lon="139.4371108990"><ele>107.32</ele><time>2026-05-02T01:58:53Z</time></trkpt><trkpt lat="35.8253930043" lon="139.4369737711"><ele>107.32</ele><time>2026-05-02T01:59:01Z</time></trkpt><trkpt lat="35.8255778253" lon="139.4368137605"><ele>106.84</ele><time>2026-05-02T01:59:10Z</time></trkpt><trkpt lat="35.8257707767" lon="139.4366357289"><ele>108.29</ele><time>2026-05-02T01:59:20Z</time></trkpt><trkpt lat="35.8259584475" lon="139.4364912249"><ele>108.77</ele><time>2026-05-02T01:59:29Z</time></trkpt><trkpt lat="35.8262120839" lon="139.4362449646"><ele>107.32</ele><time>2026-05-02T01:59:41Z</time></trkpt><trkpt lat="35.8264260739" lon="139.4360411167"><ele>104.44</ele><time>2026-05-02T01:59:51Z</time></trkpt><trkpt lat="35.8266344480" lon="139.4358652644"><ele>103.48</ele><time>2026-05-02T02:00:01Z</time></trkpt><trkpt lat="35.8268584125" lon="139.4356785156"><ele>104.44</ele><time>2026-05-02T02:00:13Z</time></trkpt><trkpt lat="35.8270752523" lon="139.4355202653"><ele>104.44</ele><time>2026-05-02T02:00:23Z</time></trkpt><trkpt lat="35.8273371868" lon="139.4353294931"><ele>107.32</ele><time>2026-05-02T02:00:35Z</time></trkpt><trkpt lat="35.8276095148" lon="139.4351250585"><ele>110.21</ele><time>2026-05-02T02:00:48Z</time></trkpt><trkpt lat="35.8278657496" lon="139.4348903652"><ele>110.21</ele><time>2026-05-02T02:01:01Z</time></trkpt><trkpt lat="35.8280989341" lon="139.4347649720"><ele>112.61</ele><time>2026-05-02T02:01:12Z</time></trkpt><trkpt lat="35.8283249103" lon="139.4345537480"><ele>113.09</ele><time>2026-05-02T02:01:22Z</time></trkpt><trkpt lat="35.8286247309" lon="139.4343936536"><ele>115.01</ele><time>2026-05-02T02:01:35Z</time></trkpt><trkpt lat="35.8288164251" lon="139.4342942443"><ele>119.82</ele><time>2026-05-02T02:01:45Z</time></trkpt><trkpt lat="35.8290139865" lon="139.4341530092"><ele>117.90</ele><time>2026-05-02T02:01:54Z</time></trkpt><trkpt lat="35.8292690478" lon="139.4339084253"><ele>111.65</ele><time>2026-05-02T02:02:06Z</time></trkpt><trkpt lat="35.8294625860" lon="139.4337481633"><ele>109.73</ele><time>2026-05-02T02:02:15Z</time></trkpt><trkpt lat="35.8296630811" lon="139.4335016515"><ele>106.36</ele><time>2026-05-02T02:02:24Z</time></trkpt><trkpt lat="35.8298761491" lon="139.4332665391"><ele>103.96</ele><time>2026-05-02T02:02:35Z</time></trkpt><trkpt lat="35.8300695196" lon="139.4330711570"><ele>101.56</ele><time>2026-05-02T02:02:45Z</time></trkpt><trkpt lat="35.8302328829" lon="139.4328835700"><ele>99.63</ele><time>2026-05-02T02:02:54Z</time></trkpt><trkpt lat="35.8303527441" lon="139.4328305125"><ele>102.04</ele><time>2026-05-02T02:03:00Z</time></trkpt><trkpt lat="35.8303687535" lon="139.4328163471"><ele>102.04</ele><time>2026-05-02T02:03:01Z</time></trkpt><trkpt lat="35.8305469528" lon="139.4326411653"><ele>101.08</ele><time>2026-05-02T02:03:10Z</time></trkpt><trkpt lat="35.8307420835" lon="139.4324938953"><ele>100.60</ele><time>2026-05-02T02:03:19Z</time></trkpt><trkpt lat="35.8308839053" lon="139.4323731959"><ele>101.08</ele><time>2026-05-02T02:03:27Z</time></trkpt><trkpt lat="35.8310874179" lon="139.4321297854"><ele>100.11</ele><time>2026-05-02T02:03:37Z</time></trkpt><trkpt lat="35.8311055228" lon="139.4321183022"><ele>100.11</ele><time>2026-05-02T02:03:38Z</time></trkpt><trkpt lat="35.8311210293" lon="139.4321042206"><ele>100.60</ele><time>2026-05-02T02:03:39Z</time></trkpt><trkpt lat="35.8311368711" lon="139.4320937432"><ele>101.08</ele><time>2026-05-02T02:03:40Z</time></trkpt><trkpt lat="35.8312143199" lon="139.4320421945"><ele>103.96</ele><time>2026-05-02T02:03:50Z</time></trkpt><trkpt lat="35.8312584925" lon="139.4319888856"><ele>104.44</ele><time>2026-05-02T02:04:00Z</time></trkpt><trkpt lat="35.8312526252" lon="139.4318502489"><ele>98.67</ele><time>2026-05-02T02:04:11Z</time></trkpt><trkpt lat="35.8313534595" lon="139.4316308107"><ele>91.94</ele><time>2026-05-02T02:04:21Z</time></trkpt><trkpt lat="35.8313764259" lon="139.4315275457"><ele>84.25</ele><time>2026-05-02T02:04:31Z</time></trkpt><trkpt lat="35.8313859813" lon="139.4315360114"><ele>81.85</ele><time>2026-05-02T02:04:45Z</time></trkpt><trkpt lat="35.8314246219" lon="139.4315241929"><ele>78.48</ele><time>2026-05-02T02:04:59Z</time></trkpt><trkpt lat="35.8314102050" lon="139.4315335806"><ele>77.04</ele><time>2026-05-02T02:05:10Z</time></trkpt><trkpt lat="35.8313988056" lon="139.4315461535"><ele>78.48</ele><time>2026-05-02T02:05:33Z</time></trkpt><trkpt lat="35.8314014040" lon="139.4315625820"><ele>78.00</ele><time>2026-05-02T02:05:47Z</time></trkpt><trkpt lat="35.8313818742" lon="139.4315944333"><ele>78.00</ele><time>2026-05-02T02:05:58Z</time></trkpt><trkpt lat="35.8314261306" lon="139.4315548707"><ele>77.52</ele><time>2026-05-02T02:06:09Z</time></trkpt><trkpt lat="35.8314879052" lon="139.4315373525"><ele>78.48</ele><time>2026-05-02T02:06:17Z</time></trkpt><trkpt lat="35.8316321578" lon="139.4314319920"><ele>78.97</ele><time>2026-05-02T02:06:26Z</time></trkpt><trkpt lat="35.8317950182" lon="139.4313108735"><ele>81.37</ele><time>2026-05-02T02:06:34Z</time></trkpt><trkpt lat="35.8320071641" lon="139.4310972188"><ele>81.37</ele><time>2026-05-02T02:06:45Z</time></trkpt><trkpt lat="35.8321981039" lon="139.4309418183"><ele>81.85</ele><time>2026-05-02T02:06:55Z</time></trkpt><trkpt lat="35.8322301228" lon="139.4308994059"><ele>81.85</ele><time>2026-05-02T02:06:57Z</time></trkpt><trkpt lat="35.8322493173" lon="139.4308811333"><ele>81.85</ele><time>2026-05-02T02:06:58Z</time></trkpt><trkpt lat="35.8322667517" lon="139.4308652077"><ele>81.85</ele><time>2026-05-02T02:06:59Z</time></trkpt><trkpt lat="35.8322838508" lon="139.4308523834"><ele>81.85</ele><time>2026-05-02T02:07:00Z</time></trkpt><trkpt lat="35.8323009498" lon="139.4308382180"><ele>81.85</ele><time>2026-05-02T02:07:01Z</time></trkpt><trkpt lat="35.8323423564" lon="139.4308031816"><ele>82.33</ele><time>2026-05-02T02:07:03Z</time></trkpt><trkpt lat="35.8323623054" lon="139.4307777844"><ele>82.81</ele><time>2026-05-02T02:07:04Z</time></trkpt><trkpt lat="35.8325363137" lon="139.4305979926"><ele>84.73</ele><time>2026-05-02T02:07:13Z</time></trkpt><trkpt lat="35.8325550891" lon="139.4305764511"><ele>85.21</ele><time>2026-05-02T02:07:14Z</time></trkpt><trkpt lat="35.8325737808" lon="139.4305524789"><ele>85.21</ele><time>2026-05-02T02:07:15Z</time></trkpt><trkpt lat="35.8325931430" lon="139.4305281714"><ele>85.69</ele><time>2026-05-02T02:07:16Z</time></trkpt><trkpt lat="35.8326139301" lon="139.4305114914"><ele>86.18</ele><time>2026-05-02T02:07:17Z</time></trkpt><trkpt lat="35.8326308616" lon="139.4304887764"><ele>86.18</ele><time>2026-05-02T02:07:18Z</time></trkpt><trkpt lat="35.8326487988" lon="139.4304646365"><ele>86.66</ele><time>2026-05-02T02:07:19Z</time></trkpt><trkpt lat="35.8326654788" lon="139.4304375630"><ele>86.66</ele><time>2026-05-02T02:07:20Z</time></trkpt><trkpt lat="35.8326782193" lon="139.4304108247"><ele>86.66</ele><time>2026-05-02T02:07:21Z</time></trkpt><trkpt lat="35.8326909598" lon="139.4303966593"><ele>86.66</ele><time>2026-05-02T02:07:22Z</time></trkpt><trkpt lat="35.8328181133" lon="139.4301937334"><ele>86.66</ele><time>2026-05-02T02:07:31Z</time></trkpt><trkpt lat="35.8330026828" lon="139.4298809208"><ele>87.62</ele><time>2026-05-02T02:07:44Z</time></trkpt><trkpt lat="35.8331258968" lon="139.4296855386"><ele>88.10</ele><time>2026-05-02T02:07:52Z</time></trkpt><trkpt lat="35.8332985640" lon="139.4294655975"><ele>88.58</ele><time>2026-05-02T02:08:02Z</time></trkpt><trkpt lat="35.8333127294" lon="139.4294509292"><ele>89.06</ele><time>2026-05-02T02:08:03Z</time></trkpt><trkpt lat="35.8335296530" lon="139.4292887393"><ele>90.50</ele><time>2026-05-02T02:08:13Z</time></trkpt><trkpt lat="35.8336897474" lon="139.4291958679"><ele>91.94</ele><time>2026-05-02T02:08:21Z</time></trkpt><trkpt lat="35.8338339161" lon="139.4289836381"><ele>90.02</ele><time>2026-05-02T02:08:32Z</time></trkpt><trkpt lat="35.8337618317" lon="139.4288790319"><ele>90.02</ele><time>2026-05-02T02:08:39Z</time></trkpt><trkpt lat="35.8337336686" lon="139.4287818857"><ele>91.94</ele><time>2026-05-02T02:08:54Z</time></trkpt><trkpt lat="35.8337612450" lon="139.4287590869"><ele>92.90</ele><time>2026-05-02T02:08:59Z</time></trkpt><trkpt lat="35.8337864745" lon="139.4287474360"><ele>93.39</ele><time>2026-05-02T02:09:00Z</time></trkpt><trkpt lat="35.8338293899" lon="139.4287276547"><ele>94.35</ele><time>2026-05-02T02:09:02Z</time></trkpt><trkpt lat="35.8341626544" lon="139.4286647066"><ele>98.19</ele><time>2026-05-02T02:09:13Z</time></trkpt><trkpt lat="35.8343948331" lon="139.4286346156"><ele>100.11</ele><time>2026-05-02T02:09:23Z</time></trkpt><trkpt lat="35.8345902152" lon="139.4285232201"><ele>100.11</ele><time>2026-05-02T02:09:33Z</time></trkpt><trkpt lat="35.8348402474" lon="139.4284421671"><ele>103.00</ele><time>2026-05-02T02:09:44Z</time></trkpt><trkpt lat="35.8348604478" lon="139.4284472801"><ele>103.00</ele><time>2026-05-02T02:09:45Z</time></trkpt><trkpt lat="35.8348789718" lon="139.4284522254"><ele>103.00</ele><time>2026-05-02T02:09:46Z</time></trkpt><trkpt lat="35.8348928858" lon="139.4284533150"><ele>103.00</ele><time>2026-05-02T02:09:47Z</time></trkpt><trkpt lat="35.8349060453" lon="139.4284573384"><ele>103.00</ele><time>2026-05-02T02:09:48Z</time></trkpt><trkpt lat="35.8349180315" lon="139.4284629542"><ele>103.00</ele><time>2026-05-02T02:09:49Z</time></trkpt><trkpt lat="35.8349328674" lon="139.4284637924"><ele>103.48</ele><time>2026-05-02T02:09:50Z</time></trkpt><trkpt lat="35.8350585122" lon="139.4284399040"><ele>104.92</ele><time>2026-05-02T02:10:00Z</time></trkpt><trkpt lat="35.8351362124" lon="139.4283746090"><ele>105.40</ele><time>2026-05-02T02:10:09Z</time></trkpt><trkpt lat="35.8351740148" lon="139.4282372296"><ele>103.00</ele><time>2026-05-02T02:10:19Z</time></trkpt><trkpt lat="35.8351297583" lon="139.4281327073"><ele>101.56</ele><time>2026-05-02T02:10:29Z</time></trkpt><trkpt lat="35.8351230528" lon="139.4281377364"><ele>102.04</ele><time>2026-05-02T02:10:30Z</time></trkpt><trkpt lat="35.8351000026" lon="139.4281646423"><ele>103.96</ele><time>2026-05-02T02:10:36Z</time></trkpt><trkpt lat="35.8351186104" lon="139.4282068871"><ele>107.32</ele><time>2026-05-02T02:10:44Z</time></trkpt><trkpt lat="35.8351343684" lon="139.4282197114"><ele>108.29</ele><time>2026-05-02T02:10:54Z</time></trkpt><trkpt lat="35.8351551555" lon="139.4282573462"><ele>110.69</ele><time>2026-05-02T02:11:04Z</time></trkpt><trkpt lat="35.8352283295" lon="139.4283036981"><ele>113.09</ele><time>2026-05-02T02:11:14Z</time></trkpt><trkpt lat="35.8352889307" lon="139.4283923786"><ele>113.57</ele><time>2026-05-02T02:11:24Z</time></trkpt><trkpt lat="35.8353529684" lon="139.4285038579"><ele>110.69</ele><time>2026-05-02T02:11:37Z</time></trkpt><trkpt lat="35.8352600969" lon="139.4284099806"><ele>102.52</ele><time>2026-05-02T02:11:50Z</time></trkpt><trkpt lat="35.8352142479" lon="139.4283929653"><ele>101.56</ele><time>2026-05-02T02:11:55Z</time></trkpt><trkpt lat="35.8350533154" lon="139.4284344558"><ele>92.90</ele><time>2026-05-02T02:12:09Z</time></trkpt><trkpt lat="35.8349847514" lon="139.4285285845"><ele>91.46</ele><time>2026-05-02T02:12:20Z</time></trkpt><trkpt lat="35.8350009285" lon="139.4285934605"><ele>89.06</ele><time>2026-05-02T02:12:28Z</time></trkpt><trkpt lat="35.8349883556" lon="139.4286471047"><ele>87.62</ele><time>2026-05-02T02:12:38Z</time></trkpt><trkpt lat="35.8349817339" lon="139.4286989886"><ele>84.73</ele><time>2026-05-02T02:12:54Z</time></trkpt><trkpt lat="35.8349222224" lon="139.4287155848"><ele>86.66</ele><time>2026-05-02T02:13:06Z</time></trkpt><trkpt lat="35.8349943906" lon="139.4287051074"><ele>87.14</ele><time>2026-05-02T02:13:18Z</time></trkpt><trkpt lat="35.8349910378" lon="139.4287527166"><ele>87.62</ele><time>2026-05-02T02:13:35Z</time></trkpt><trkpt lat="35.8349886909" lon="139.4287118968"><ele>85.21</ele><time>2026-05-02T02:13:57Z</time></trkpt><trkpt lat="35.8349572588" lon="139.4285821449"><ele>82.33</ele><time>2026-05-02T02:14:07Z</time></trkpt><trkpt lat="35.8349492121" lon="139.4285554904"><ele>82.81</ele><time>2026-05-02T02:14:21Z</time></trkpt><trkpt lat="35.8349435125" lon="139.4285191968"><ele>83.77</ele><time>2026-05-02T02:14:31Z</time></trkpt><trkpt lat="35.8350354619" lon="139.4284025207"><ele>86.18</ele><time>2026-05-02T02:14:43Z</time></trkpt><trkpt lat="35.8351237234" lon="139.4283264130"><ele>85.69</ele><time>2026-05-02T02:14:52Z</time></trkpt><trkpt lat="35.8351430856" lon="139.4283083081"><ele>85.21</ele><time>2026-05-02T02:14:54Z</time></trkpt><trkpt lat="35.8352025971" lon="139.4282342121"><ele>85.21</ele><time>2026-05-02T02:14:58Z</time></trkpt><trkpt lat="35.8352342807" lon="139.4281869382"><ele>84.25</ele><time>2026-05-02T02:15:02Z</time></trkpt><trkpt lat="35.8352323528" lon="139.4280826673"><ele>85.69</ele><time>2026-05-02T02:15:14Z</time></trkpt><trkpt lat="35.8352441713" lon="139.4280271791"><ele>86.18</ele><time>2026-05-02T02:15:28Z</time></trkpt><trkpt lat="35.8352259826" lon="139.4279768877"><ele>81.85</ele><time>2026-05-02T02:15:54Z</time></trkpt><trkpt lat="35.8352502901" lon="139.4279571064"><ele>78.00</ele><time>2026-05-02T02:16:12Z</time></trkpt><trkpt lat="35.8353652898" lon="139.4279151130"><ele>80.41</ele><time>2026-05-02T02:16:26Z</time></trkpt><trkpt lat="35.8354812115" lon="139.4278592058"><ele>81.37</ele><time>2026-05-02T02:16:35Z</time></trkpt><trkpt lat="35.8356882446" lon="139.4277366623"><ele>82.81</ele><time>2026-05-02T02:16:46Z</time></trkpt><trkpt lat="35.8358702157" lon="139.4276204892"><ele>83.29</ele><time>2026-05-02T02:16:56Z</time></trkpt><trkpt lat="35.8360790927" lon="139.4275090098"><ele>83.77</ele><time>2026-05-02T02:17:06Z</time></trkpt><trkpt lat="35.8362296317" lon="139.4274060801"><ele>83.77</ele><time>2026-05-02T02:17:15Z</time></trkpt><trkpt lat="35.8363066614" lon="139.4274297170"><ele>84.25</ele><time>2026-05-02T02:17:27Z</time></trkpt><trkpt lat="35.8363510016" lon="139.4273817725"><ele>82.33</ele><time>2026-05-02T02:17:38Z</time></trkpt><trkpt lat="35.8363816794" lon="139.4273691997"><ele>81.85</ele><time>2026-05-02T02:17:49Z</time></trkpt><trkpt lat="35.8364162128" lon="139.4273456465"><ele>82.81</ele><time>2026-05-02T02:18:03Z</time></trkpt><trkpt lat="35.8364228345" lon="139.4273098558"><ele>81.37</ele><time>2026-05-02T02:18:20Z</time></trkpt><trkpt lat="35.8364696056" lon="139.4273047429"><ele>81.85</ele><time>2026-05-02T02:18:33Z</time></trkpt><trkpt lat="35.8364862856" lon="139.4273207523"><ele>83.29</ele><time>2026-05-02T02:18:47Z</time></trkpt><trkpt lat="35.8364980202" lon="139.4273498375"><ele>81.85</ele><time>2026-05-02T02:19:12Z</time></trkpt><trkpt lat="35.8364771493" lon="139.4273546990"><ele>83.29</ele><time>2026-05-02T02:19:33Z</time></trkpt><trkpt lat="35.8364158776" lon="139.4273230154"><ele>81.85</ele><time>2026-05-02T02:19:43Z</time></trkpt><trkpt lat="35.8363897260" lon="139.4272490032"><ele>84.73</ele><time>2026-05-02T02:19:53Z</time></trkpt><trkpt lat="35.8363820985" lon="139.4271836244"><ele>86.18</ele><time>2026-05-02T02:20:02Z</time></trkpt><trkpt lat="35.8363795839" lon="139.4271513540"><ele>85.69</ele><time>2026-05-02T02:20:17Z</time></trkpt><trkpt lat="35.8364240080" lon="139.4272035733"><ele>84.25</ele><time>2026-05-02T02:20:28Z</time></trkpt><trkpt lat="35.8364478126" lon="139.4272398669"><ele>83.29</ele><time>2026-05-02T02:20:33Z</time></trkpt><trkpt lat="35.8364623133" lon="139.4272412919"><ele>83.77</ele><time>2026-05-02T02:20:34Z</time></trkpt><trkpt lat="35.8365470544" lon="139.4272120390"><ele>84.25</ele><time>2026-05-02T02:20:39Z</time></trkpt><trkpt lat="35.8365664165" lon="139.4272097759"><ele>84.25</ele><time>2026-05-02T02:20:40Z</time></trkpt><trkpt lat="35.8365841024" lon="139.4272060879"><ele>84.73</ele><time>2026-05-02T02:20:41Z</time></trkpt><trkpt lat="35.8367245831" lon="139.4271531142"><ele>85.21</ele><time>2026-05-02T02:20:51Z</time></trkpt><trkpt lat="35.8368071448" lon="139.4271215983"><ele>85.69</ele><time>2026-05-02T02:21:03Z</time></trkpt><trkpt lat="35.8368453663" lon="139.4270849694"><ele>84.25</ele><time>2026-05-02T02:21:13Z</time></trkpt><trkpt lat="35.8368553407" lon="139.4270765875"><ele>84.73</ele><time>2026-05-02T02:21:14Z</time></trkpt><trkpt lat="35.8368652314" lon="139.4270679541"><ele>84.73</ele><time>2026-05-02T02:21:15Z</time></trkpt><trkpt lat="35.8368753735" lon="139.4270585664"><ele>84.73</ele><time>2026-05-02T02:21:16Z</time></trkpt><trkpt lat="35.8368856832" lon="139.4270491786"><ele>84.73</ele><time>2026-05-02T02:21:17Z</time></trkpt><trkpt lat="35.8369612042" lon="139.4269941095"><ele>85.21</ele><time>2026-05-02T02:21:29Z</time></trkpt><trkpt lat="35.8369410876" lon="139.4269797765"><ele>86.66</ele><time>2026-05-02T02:21:42Z</time></trkpt><trkpt lat="35.8369042072" lon="139.4269322511"><ele>89.06</ele><time>2026-05-02T02:21:54Z</time></trkpt><trkpt lat="35.8368778881" lon="139.4269089494"><ele>89.06</ele><time>2026-05-02T02:22:12Z</time></trkpt><trkpt lat="35.8368889522" lon="139.4268875755"><ele>90.02</ele><time>2026-05-02T02:22:26Z</time></trkpt><trkpt lat="35.8368684165" lon="139.4267979730"><ele>85.69</ele><time>2026-05-02T02:22:41Z</time></trkpt><trkpt lat="35.8368337154" lon="139.4267815445"><ele>83.77</ele><time>2026-05-02T02:22:53Z</time></trkpt><trkpt lat="35.8368225675" lon="139.4267450832"><ele>82.81</ele><time>2026-05-02T02:23:05Z</time></trkpt><trkpt lat="35.8368077315" lon="139.4267339353"><ele>83.29</ele><time>2026-05-02T02:23:17Z</time></trkpt><trkpt lat="35.8368173707" lon="139.4266979769"><ele>83.77</ele><time>2026-05-02T02:23:30Z</time></trkpt><trkpt lat="35.8368776366" lon="139.4266526308"><ele>85.69</ele><time>2026-05-02T02:23:40Z</time></trkpt><trkpt lat="35.8369633835" lon="139.4266160019"><ele>87.14</ele><time>2026-05-02T02:23:53Z</time></trkpt><trkpt lat="35.8370477054" lon="139.4266407285"><ele>89.54</ele><time>2026-05-02T02:24:07Z</time></trkpt><trkpt lat="35.8370719291" lon="139.4266584143"><ele>88.58</ele><time>2026-05-02T02:24:23Z</time></trkpt><trkpt lat="35.8370745275" lon="139.4267023355"><ele>87.14</ele><time>2026-05-02T02:24:32Z</time></trkpt><trkpt lat="35.8369809017" lon="139.4267325103"><ele>83.29</ele><time>2026-05-02T02:24:44Z</time></trkpt><trkpt lat="35.8369525708" lon="139.4267999008"><ele>81.85</ele><time>2026-05-02T02:24:57Z</time></trkpt><trkpt lat="35.8369488828" lon="139.4268379547"><ele>80.89</ele><time>2026-05-02T02:25:12Z</time></trkpt><trkpt lat="35.8369700890" lon="139.4268772658"><ele>80.89</ele><time>2026-05-02T02:25:28Z</time></trkpt><trkpt lat="35.8369662333" lon="139.4269408006"><ele>81.37</ele><time>2026-05-02T02:25:39Z</time></trkpt><trkpt lat="35.8370613679" lon="139.4269066025"><ele>81.85</ele><time>2026-05-02T02:25:58Z</time></trkpt><trkpt lat="35.8372753579" lon="139.4267926086"><ele>82.81</ele><time>2026-05-02T02:26:09Z</time></trkpt><trkpt lat="35.8374369610" lon="139.4267219491"><ele>84.73</ele><time>2026-05-02T02:26:16Z</time></trkpt><trkpt lat="35.8374598436" lon="139.4267228711"><ele>84.73</ele><time>2026-05-02T02:26:17Z</time></trkpt><trkpt lat="35.8374805469" lon="139.4267280679"><ele>85.21</ele><time>2026-05-02T02:26:18Z</time></trkpt><trkpt lat="35.8376608416" lon="139.4265719969"><ele>85.21</ele><time>2026-05-02T02:26:27Z</time></trkpt><trkpt lat="35.8378635999" lon="139.4264882617"><ele>88.10</ele><time>2026-05-02T02:26:37Z</time></trkpt><trkpt lat="35.8380692918" lon="139.4263387285"><ele>88.10</ele><time>2026-05-02T02:26:46Z</time></trkpt><trkpt lat="35.8382708766" lon="139.4262359664"><ele>88.58</ele><time>2026-05-02T02:26:55Z</time></trkpt><trkpt lat="35.8384540211" lon="139.4261751976"><ele>91.46</ele><time>2026-05-02T02:27:05Z</time></trkpt><trkpt lat="35.8386714477" lon="139.4260646403"><ele>93.39</ele><time>2026-05-02T02:27:15Z</time></trkpt><trkpt lat="35.8388467971" lon="139.4259452820"><ele>93.87</ele><time>2026-05-02T02:27:24Z</time></trkpt><trkpt lat="35.8390028682" lon="139.4258385804"><ele>94.83</ele><time>2026-05-02T02:27:32Z</time></trkpt><trkpt lat="35.8390458673" lon="139.4258070644"><ele>95.31</ele><time>2026-05-02T02:27:34Z</time></trkpt><trkpt lat="35.8390648104" lon="139.4257937372"><ele>95.31</ele><time>2026-05-02T02:27:35Z</time></trkpt><trkpt lat="35.8390829153" lon="139.4257803261"><ele>95.79</ele><time>2026-05-02T02:27:36Z</time></trkpt><trkpt lat="35.8393142559" lon="139.4256142806"><ele>96.75</ele><time>2026-05-02T02:27:47Z</time></trkpt><trkpt lat="35.8395398967" lon="139.4253520947"><ele>96.27</ele><time>2026-05-02T02:27:58Z</time></trkpt><trkpt lat="35.8396423236" lon="139.4252119493"><ele>94.83</ele><time>2026-05-02T02:28:04Z</time></trkpt><trkpt lat="35.8398448303" lon="139.4250180759"><ele>94.35</ele><time>2026-05-02T02:28:14Z</time></trkpt><trkpt lat="35.8400050923" lon="139.4248713925"><ele>92.42</ele><time>2026-05-02T02:28:23Z</time></trkpt><trkpt lat="35.8401019871" lon="139.4248196762"><ele>92.42</ele><time>2026-05-02T02:28:28Z</time></trkpt><trkpt lat="35.8401192538" lon="139.4248093665"><ele>92.42</ele><time>2026-05-02T02:28:29Z</time></trkpt><trkpt lat="35.8401336707" lon="139.4248000626"><ele>92.42</ele><time>2026-05-02T02:28:30Z</time></trkpt><trkpt lat="35.8401512727" lon="139.4247882441"><ele>92.42</ele><time>2026-05-02T02:28:31Z</time></trkpt><trkpt lat="35.8401681203" lon="139.4247805327"><ele>92.42</ele><time>2026-05-02T02:28:32Z</time></trkpt><trkpt lat="35.8401827049" lon="139.4247642718"><ele>92.90</ele><time>2026-05-02T02:28:33Z</time></trkpt><trkpt lat="35.8402000554" lon="139.4247423112"><ele>93.39</ele><time>2026-05-02T02:28:34Z</time></trkpt><trkpt lat="35.8402180765" lon="139.4247215241"><ele>93.39</ele><time>2026-05-02T02:28:35Z</time></trkpt><trkpt lat="35.8402368519" lon="139.4247042574"><ele>93.87</ele><time>2026-05-02T02:28:36Z</time></trkpt><trkpt lat="35.8402544539" lon="139.4246866554"><ele>93.87</ele><time>2026-05-02T02:28:37Z</time></trkpt><trkpt lat="35.8402737323" lon="139.4246671256"><ele>93.87</ele><time>2026-05-02T02:28:38Z</time></trkpt><trkpt lat="35.8402935974" lon="139.4246474281"><ele>93.87</ele><time>2026-05-02T02:28:39Z</time></trkpt><trkpt lat="35.8403138816" lon="139.4246272277"><ele>93.87</ele><time>2026-05-02T02:28:40Z</time></trkpt><trkpt lat="35.8403367642" lon="139.4246091228"><ele>93.87</ele><time>2026-05-02T02:28:41Z</time></trkpt><trkpt lat="35.8403580543" lon="139.4245921075"><ele>93.87</ele><time>2026-05-02T02:28:42Z</time></trkpt><trkpt lat="35.8403776679" lon="139.4245745055"><ele>93.87</ele><time>2026-05-02T02:28:43Z</time></trkpt><trkpt lat="35.8403977845" lon="139.4245553110"><ele>93.87</ele><time>2026-05-02T02:28:44Z</time></trkpt><trkpt lat="35.8404178172" lon="139.4245360326"><ele>93.87</ele><time>2026-05-02T02:28:45Z</time></trkpt><trkpt lat="35.8404386044" lon="139.4245160837"><ele>93.39</ele><time>2026-05-02T02:28:46Z</time></trkpt><trkpt lat="35.8406777401" lon="139.4242968131"><ele>90.98</ele><time>2026-05-02T02:28:57Z</time></trkpt><trkpt lat="35.8408305421" lon="139.4241698273"><ele>90.98</ele><time>2026-05-02T02:29:05Z</time></trkpt><trkpt lat="35.8409026265" lon="139.4241129141"><ele>90.98</ele><time>2026-05-02T02:29:13Z</time></trkpt><trkpt lat="35.8409184683" lon="139.4241016824"><ele>91.46</ele><time>2026-05-02T02:29:14Z</time></trkpt><trkpt lat="35.8410368208" lon="139.4239658117"><ele>90.02</ele><time>2026-05-02T02:29:25Z</time></trkpt><trkpt lat="35.8410854358" lon="139.4239075575"><ele>87.14</ele><time>2026-05-02T02:29:35Z</time></trkpt><trkpt lat="35.8410954103" lon="139.4238829985"><ele>87.62</ele><time>2026-05-02T02:29:37Z</time></trkpt><trkpt lat="35.8410917222" lon="139.4238283485"><ele>88.10</ele><time>2026-05-02T02:29:42Z</time></trkpt><trkpt lat="35.8410396706" lon="139.4238178711"><ele>88.10</ele><time>2026-05-02T02:29:52Z</time></trkpt><trkpt lat="35.8410349768" lon="139.4238168653"><ele>89.54</ele><time>2026-05-02T02:30:03Z</time></trkpt><trkpt lat="35.8410704322" lon="139.4238832500"><ele>90.98</ele><time>2026-05-02T02:30:13Z</time></trkpt><trkpt lat="35.8410624694" lon="139.4242128264"><ele>92.42</ele><time>2026-05-02T02:30:27Z</time></trkpt><trkpt lat="35.8410809934" lon="139.4243986532"><ele>92.42</ele><time>2026-05-02T02:30:42Z</time></trkpt><trkpt lat="35.8411282673" lon="139.4242090546"><ele>92.90</ele><time>2026-05-02T02:30:59Z</time></trkpt><trkpt lat="35.8411384095" lon="139.4241922069"><ele>92.90</ele><time>2026-05-02T02:31:00Z</time></trkpt><trkpt lat="35.8413200453" lon="139.4239677396"><ele>93.39</ele><time>2026-05-02T02:31:17Z</time></trkpt><trkpt lat="35.8411559276" lon="139.4239651412"><ele>92.90</ele><time>2026-05-02T02:31:33Z</time></trkpt><trkpt lat="35.8411854319" lon="139.4240709208"><ele>92.90</ele><time>2026-05-02T02:32:46Z</time></trkpt><trkpt lat="35.8410894591" lon="139.4241115730"><ele>101.56</ele><time>2026-05-02T02:33:03Z</time></trkpt><trkpt lat="35.8411339670" lon="139.4239993393"><ele>99.15</ele><time>2026-05-02T02:33:12Z</time></trkpt><trkpt lat="35.8412363939" lon="139.4239882752"><ele>104.92</ele><time>2026-05-02T02:33:26Z</time></trkpt><trkpt lat="35.8412804827" lon="139.4239927176"><ele>103.00</ele><time>2026-05-02T02:33:45Z</time></trkpt><trkpt lat="35.8412468713" lon="139.4240472838"><ele>107.81</ele><time>2026-05-02T02:33:58Z</time></trkpt><trkpt lat="35.8412001841" lon="139.4241219666"><ele>107.81</ele><time>2026-05-02T02:34:11Z</time></trkpt><trkpt lat="35.8411365654" lon="139.4241972361"><ele>108.77</ele><time>2026-05-02T02:34:37Z</time></trkpt><trkpt lat="35.8410989307" lon="139.4242045283"><ele>110.69</ele><time>2026-05-02T02:34:58Z</time></trkpt><trkpt lat="35.8410129324" lon="139.4241502136"><ele>107.32</ele><time>2026-05-02T02:35:21Z</time></trkpt><trkpt lat="35.8410541713" lon="139.4240602758"><ele>104.92</ele><time>2026-05-02T02:35:33Z</time></trkpt><trkpt lat="35.8410708513" lon="139.4240659755"><ele>103.96</ele><time>2026-05-02T02:35:57Z</time></trkpt><trkpt lat="35.8411846776" lon="139.4240191206"><ele>103.00</ele><time>2026-05-02T02:36:25Z</time></trkpt><trkpt lat="35.8412052132" lon="139.4240005966"><ele>107.81</ele><time>2026-05-02T02:36:51Z</time></trkpt><trkpt lat="35.8412241563" lon="139.4239010196"><ele>105.40</ele><time>2026-05-02T02:37:08Z</time></trkpt><trkpt lat="35.8412221447" lon="139.4238172006"><ele>103.96</ele><time>2026-05-02T02:37:12Z</time></trkpt><trkpt lat="35.8413436823" lon="139.4237741176"><ele>104.92</ele><time>2026-05-02T02:37:22Z</time></trkpt><trkpt lat="35.8414006792" lon="139.4237512350"><ele>104.44</ele><time>2026-05-02T02:37:26Z</time></trkpt><trkpt lat="35.8414147608" lon="139.4237494748"><ele>104.44</ele><time>2026-05-02T02:37:27Z</time></trkpt><trkpt lat="35.8415456023" lon="139.4236303680"><ele>104.44</ele><time>2026-05-02T02:37:35Z</time></trkpt><trkpt lat="35.8417416550" lon="139.4234547671"><ele>101.56</ele><time>2026-05-02T02:37:45Z</time></trkpt><trkpt lat="35.8419719059" lon="139.4233013783"><ele>100.60</ele><time>2026-05-02T02:37:56Z</time></trkpt><trkpt lat="35.8421666175" lon="139.4231942575"><ele>99.63</ele><time>2026-05-02T02:38:05Z</time></trkpt><trkpt lat="35.8424096089" lon="139.4231063314"><ele>100.60</ele><time>2026-05-02T02:38:16Z</time></trkpt><trkpt lat="35.8426432125" lon="139.4230211712"><ele>101.08</ele><time>2026-05-02T02:38:26Z</time></trkpt><trkpt lat="35.8428214956" lon="139.4229352567"><ele>102.04</ele><time>2026-05-02T02:38:34Z</time></trkpt><trkpt lat="35.8429351542" lon="139.4228640944"><ele>102.04</ele><time>2026-05-02T02:38:40Z</time></trkpt><trkpt lat="35.8429415245" lon="139.4228493422"><ele>102.52</ele><time>2026-05-02T02:38:41Z</time></trkpt><trkpt lat="35.8429520857" lon="139.4228408765"><ele>102.04</ele><time>2026-05-02T02:38:42Z</time></trkpt><trkpt lat="35.8429692686" lon="139.4228406250"><ele>102.04</ele><time>2026-05-02T02:38:43Z</time></trkpt><trkpt lat="35.8429891337" lon="139.4228438102"><ele>102.04</ele><time>2026-05-02T02:38:44Z</time></trkpt><trkpt lat="35.8430097532" lon="139.4228412118"><ele>102.04</ele><time>2026-05-02T02:38:45Z</time></trkpt><trkpt lat="35.8430300374" lon="139.4228375237"><ele>102.04</ele><time>2026-05-02T02:38:46Z</time></trkpt><trkpt lat="35.8430509083" lon="139.4228312373"><ele>102.52</ele><time>2026-05-02T02:38:47Z</time></trkpt><trkpt lat="35.8430752996" lon="139.4228282198"><ele>102.52</ele><time>2026-05-02T02:38:48Z</time></trkpt><trkpt lat="35.8430993557" lon="139.4228269625"><ele>103.00</ele><time>2026-05-02T02:38:49Z</time></trkpt><trkpt lat="35.8432989288" lon="139.4227709714"><ele>104.44</ele><time>2026-05-02T02:38:59Z</time></trkpt><trkpt lat="35.8434668183" lon="139.4226345140"><ele>103.96</ele><time>2026-05-02T02:39:09Z</time></trkpt><trkpt lat="35.8435065486" lon="139.4225366134"><ele>102.52</ele><time>2026-05-02T02:39:20Z</time></trkpt><trkpt lat="35.8436456881" lon="139.4224601705"><ele>100.11</ele><time>2026-05-02T02:39:30Z</time></trkpt><trkpt lat="35.8438430820" lon="139.4223340228"><ele>100.11</ele><time>2026-05-02T02:39:40Z</time></trkpt><trkpt lat="35.8439570758" lon="139.4222501200"><ele>98.67</ele><time>2026-05-02T02:39:49Z</time></trkpt><trkpt lat="35.8440365363" lon="139.4222046901"><ele>97.71</ele><time>2026-05-02T02:40:03Z</time></trkpt><trkpt lat="35.8442406356" lon="139.4220306817"><ele>96.75</ele><time>2026-05-02T02:40:13Z</time></trkpt><trkpt lat="35.8444603253" lon="139.4218734372"><ele>95.31</ele><time>2026-05-02T02:40:23Z</time></trkpt><trkpt lat="35.8446971979" lon="139.4217098225"><ele>95.31</ele><time>2026-05-02T02:40:34Z</time></trkpt><trkpt lat="35.8448885567" lon="139.4215822499"><ele>93.87</ele><time>2026-05-02T02:40:43Z</time></trkpt><trkpt lat="35.8450597990" lon="139.4214566890"><ele>93.39</ele><time>2026-05-02T02:40:52Z</time></trkpt><trkpt lat="35.8452725317" lon="139.4213101733"><ele>92.90</ele><time>2026-05-02T02:41:02Z</time></trkpt><trkpt lat="35.8454716858" lon="139.4211676810"><ele>91.46</ele><time>2026-05-02T02:41:11Z</time></trkpt><trkpt lat="35.8457046188" lon="139.4210082572"><ele>90.02</ele><time>2026-05-02T02:41:21Z</time></trkpt><trkpt lat="35.8459271584" lon="139.4208420441"><ele>88.10</ele><time>2026-05-02T02:41:31Z</time></trkpt><trkpt lat="35.8461497817" lon="139.4206964504"><ele>88.10</ele><time>2026-05-02T02:41:41Z</time></trkpt><trkpt lat="35.8463234548" lon="139.4205679558"><ele>87.62</ele><time>2026-05-02T02:41:49Z</time></trkpt><trkpt lat="35.8465333376" lon="139.4204098731"><ele>87.62</ele><time>2026-05-02T02:41:59Z</time></trkpt><trkpt lat="35.8467449807" lon="139.4202757627"><ele>87.62</ele><time>2026-05-02T02:42:08Z</time></trkpt><trkpt lat="35.8469852060" lon="139.4201048557"><ele>88.10</ele><time>2026-05-02T02:42:19Z</time></trkpt><trkpt lat="35.8471647464" lon="139.4199931249"><ele>88.58</ele><time>2026-05-02T02:42:27Z</time></trkpt><trkpt lat="35.8473514952" lon="139.4198571704"><ele>89.54</ele><time>2026-05-02T02:42:36Z</time></trkpt><trkpt lat="35.8475995995" lon="139.4196890295"><ele>90.02</ele><time>2026-05-02T02:42:47Z</time></trkpt><trkpt lat="35.8478101529" lon="139.4195749518"><ele>93.39</ele><time>2026-05-02T02:42:57Z</time></trkpt><trkpt lat="35.8478288446" lon="139.4195658155"><ele>93.87</ele><time>2026-05-02T02:42:58Z</time></trkpt><trkpt lat="35.8478470333" lon="139.4195637200"><ele>94.35</ele><time>2026-05-02T02:42:59Z</time></trkpt><trkpt lat="35.8480256516" lon="139.4194976706"><ele>97.23</ele><time>2026-05-02T02:43:09Z</time></trkpt><trkpt lat="35.8480552398" lon="139.4194871094"><ele>97.71</ele><time>2026-05-02T02:43:11Z</time></trkpt><trkpt lat="35.8480711654" lon="139.4194718543"><ele>98.19</ele><time>2026-05-02T02:43:12Z</time></trkpt><trkpt lat="35.8480911143" lon="139.4194555935"><ele>98.67</ele><time>2026-05-02T02:43:13Z</time></trkpt><trkpt lat="35.8481139131" lon="139.4194408413"><ele>99.15</ele><time>2026-05-02T02:43:14Z</time></trkpt><trkpt lat="35.8481351193" lon="139.4194143545"><ele>99.63</ele><time>2026-05-02T02:43:15Z</time></trkpt><trkpt lat="35.8481576666" lon="139.4193969201"><ele>100.11</ele><time>2026-05-02T02:43:16Z</time></trkpt><trkpt lat="35.8481831476" lon="139.4193850178"><ele>100.11</ele><time>2026-05-02T02:43:17Z</time></trkpt><trkpt lat="35.8482094668" lon="139.4193772227"><ele>100.60</ele><time>2026-05-02T02:43:18Z</time></trkpt><trkpt lat="35.8482360374" lon="139.4193688408"><ele>101.08</ele><time>2026-05-02T02:43:19Z</time></trkpt><trkpt lat="35.8482627757" lon="139.4193586987"><ele>101.08</ele><time>2026-05-02T02:43:20Z</time></trkpt><trkpt lat="35.8482884243" lon="139.4193458743"><ele>101.08</ele><time>2026-05-02T02:43:21Z</time></trkpt><trkpt lat="35.8484693058" lon="139.4192004483"><ele>103.48</ele><time>2026-05-02T02:43:30Z</time></trkpt><trkpt lat="35.8486577310" lon="139.4190471433"><ele>104.92</ele><time>2026-05-02T02:43:39Z</time></trkpt><trkpt lat="35.8488466591" lon="139.4188922457"><ele>103.96</ele><time>2026-05-02T02:43:47Z</time></trkpt><trkpt lat="35.8490433823" lon="139.4187613204"><ele>103.00</ele><time>2026-05-02T02:43:56Z</time></trkpt><trkpt lat="35.8492333163" lon="139.4186260365"><ele>101.08</ele><time>2026-05-02T02:44:05Z</time></trkpt><trkpt lat="35.8494530059" lon="139.4184684567"><ele>99.63</ele><time>2026-05-02T02:44:15Z</time></trkpt><trkpt lat="35.8496319596" lon="139.4183457457"><ele>100.60</ele><time>2026-05-02T02:44:25Z</time></trkpt><trkpt lat="35.8496392518" lon="139.4183272216"><ele>101.08</ele><time>2026-05-02T02:44:26Z</time></trkpt><trkpt lat="35.8496570215" lon="139.4183115475"><ele>101.08</ele><time>2026-05-02T02:44:27Z</time></trkpt><trkpt lat="35.8498413395" lon="139.4181892555"><ele>103.00</ele><time>2026-05-02T02:44:36Z</time></trkpt><trkpt lat="35.8499271702" lon="139.4181584101"><ele>103.96</ele><time>2026-05-02T02:44:40Z</time></trkpt><trkpt lat="35.8499462809" lon="139.4181449991"><ele>103.96</ele><time>2026-05-02T02:44:41Z</time></trkpt><trkpt lat="35.8499666490" lon="139.4181271456"><ele>104.44</ele><time>2026-05-02T02:44:42Z</time></trkpt><trkpt lat="35.8499864303" lon="139.4181087054"><ele>104.44</ele><time>2026-05-02T02:44:43Z</time></trkpt><trkpt lat="35.8500078041" lon="139.4180908520"><ele>104.44</ele><time>2026-05-02T02:44:44Z</time></trkpt><trkpt lat="35.8500303514" lon="139.4180670474"><ele>104.44</ele><time>2026-05-02T02:44:45Z</time></trkpt><trkpt lat="35.8500552457" lon="139.4180445001"><ele>104.44</ele><time>2026-05-02T02:44:46Z</time></trkpt><trkpt lat="35.8500788826" lon="139.4180253055"><ele>104.44</ele><time>2026-05-02T02:44:47Z</time></trkpt><trkpt lat="35.8500975743" lon="139.4180088770"><ele>104.44</ele><time>2026-05-02T02:44:48Z</time></trkpt><trkpt lat="35.8501197025" lon="139.4179919455"><ele>104.92</ele><time>2026-05-02T02:44:49Z</time></trkpt><trkpt lat="35.8501440100" lon="139.4179761875"><ele>104.92</ele><time>2026-05-02T02:44:50Z</time></trkpt><trkpt lat="35.8501705807" lon="139.4179587532"><ele>104.92</ele><time>2026-05-02T02:44:51Z</time></trkpt><trkpt lat="35.8501964808" lon="139.4179413188"><ele>104.92</ele><time>2026-05-02T02:44:52Z</time></trkpt><trkpt lat="35.8502185252" lon="139.4179232977"><ele>104.92</ele><time>2026-05-02T02:44:53Z</time></trkpt><trkpt lat="35.8504717425" lon="139.4177597668"><ele>106.36</ele><time>2026-05-02T02:45:04Z</time></trkpt><trkpt lat="35.8506717347" lon="139.4175979961"><ele>108.29</ele><time>2026-05-02T02:45:12Z</time></trkpt><trkpt lat="35.8508925978" lon="139.4174471218"><ele>107.32</ele><time>2026-05-02T02:45:22Z</time></trkpt><trkpt lat="35.8511132933" lon="139.4173254166"><ele>108.77</ele><time>2026-05-02T02:45:32Z</time></trkpt><trkpt lat="35.8511282969" lon="139.4173092395"><ele>108.77</ele><time>2026-05-02T02:45:33Z</time></trkpt><trkpt lat="35.8511435520" lon="139.4172894582"><ele>108.77</ele><time>2026-05-02T02:45:34Z</time></trkpt><trkpt lat="35.8511638362" lon="139.4172756281"><ele>108.29</ele><time>2026-05-02T02:45:35Z</time></trkpt><trkpt lat="35.8511879761" lon="139.4172685035"><ele>108.29</ele><time>2026-05-02T02:45:36Z</time></trkpt><trkpt lat="35.8512147982" lon="139.4172629714"><ele>108.77</ele><time>2026-05-02T02:45:37Z</time></trkpt><trkpt lat="35.8512393571" lon="139.4172554277"><ele>108.77</ele><time>2026-05-02T02:45:38Z</time></trkpt><trkpt lat="35.8513566200" lon="139.4172326289"><ele>109.73</ele><time>2026-05-02T02:45:45Z</time></trkpt><trkpt lat="35.8513763174" lon="139.4172320422"><ele>110.69</ele><time>2026-05-02T02:45:47Z</time></trkpt><trkpt lat="35.8513980266" lon="139.4172114227"><ele>111.65</ele><time>2026-05-02T02:45:49Z</time></trkpt><trkpt lat="35.8515897207" lon="139.4171613827"><ele>114.05</ele><time>2026-05-02T02:45:58Z</time></trkpt><trkpt lat="35.8517857734" lon="139.4170732889"><ele>114.53</ele><time>2026-05-02T02:46:07Z</time></trkpt><trkpt lat="35.8518704306" lon="139.4169497397"><ele>113.57</ele><time>2026-05-02T02:46:13Z</time></trkpt><trkpt lat="35.8518935647" lon="139.4169376697"><ele>113.57</ele><time>2026-05-02T02:46:14Z</time></trkpt><trkpt lat="35.8519174531" lon="139.4169204868"><ele>113.57</ele><time>2026-05-02T02:46:15Z</time></trkpt><trkpt lat="35.8519417606" lon="139.4168979395"><ele>113.57</ele><time>2026-05-02T02:46:16Z</time></trkpt><trkpt lat="35.8519634698" lon="139.4168701954"><ele>114.05</ele><time>2026-05-02T02:46:17Z</time></trkpt><trkpt lat="35.8520667348" lon="139.4167310558"><ele>114.53</ele><time>2026-05-02T02:46:23Z</time></trkpt><trkpt lat="35.8520871866" lon="139.4167213328"><ele>115.01</ele><time>2026-05-02T02:46:24Z</time></trkpt><trkpt lat="35.8521054592" lon="139.4167142082"><ele>115.01</ele><time>2026-05-02T02:46:25Z</time></trkpt><trkpt lat="35.8522927947" lon="139.4165649265"><ele>115.98</ele><time>2026-05-02T02:46:32Z</time></trkpt><trkpt lat="35.8523678966" lon="139.4165502582"><ele>114.53</ele><time>2026-05-02T02:46:35Z</time></trkpt><trkpt lat="35.8525974769" lon="139.4164689537"><ele>115.98</ele><time>2026-05-02T02:46:45Z</time></trkpt><trkpt lat="35.8526676334" lon="139.4164538663"><ele>116.94</ele><time>2026-05-02T02:46:48Z</time></trkpt><trkpt lat="35.8526875824" lon="139.4164570514"><ele>117.42</ele><time>2026-05-02T02:46:49Z</time></trkpt><trkpt lat="35.8527072798" lon="139.4164484181"><ele>117.42</ele><time>2026-05-02T02:46:50Z</time></trkpt><trkpt lat="35.8527357783" lon="139.4164071791"><ele>116.94</ele><time>2026-05-02T02:46:51Z</time></trkpt><trkpt lat="35.8527713176" lon="139.4163821172"><ele>117.42</ele><time>2026-05-02T02:46:52Z</time></trkpt><trkpt lat="35.8527991455" lon="139.4163392019"><ele>117.42</ele><time>2026-05-02T02:46:53Z</time></trkpt><trkpt lat="35.8530807775" lon="139.4160474278"><ele>111.65</ele><time>2026-05-02T02:47:03Z</time></trkpt><trkpt lat="35.8532469068" lon="139.4157398958"><ele>105.88</ele><time>2026-05-02T02:47:12Z</time></trkpt><trkpt lat="35.8534613159" lon="139.4155706652"><ele>106.36</ele><time>2026-05-02T02:47:23Z</time></trkpt><trkpt lat="35.8536706958" lon="139.4153918792"><ele>106.36</ele><time>2026-05-02T02:47:33Z</time></trkpt><trkpt lat="35.8538395073" lon="139.4152436871"><ele>107.81</ele><time>2026-05-02T02:47:41Z</time></trkpt><trkpt lat="35.8540383261" lon="139.4151250832"><ele>108.77</ele><time>2026-05-02T02:47:50Z</time></trkpt><trkpt lat="35.8542715106" lon="139.4149810821"><ele>106.36</ele><time>2026-05-02T02:48:00Z</time></trkpt><trkpt lat="35.8544747718" lon="139.4148242567"><ele>103.48</ele><time>2026-05-02T02:48:09Z</time></trkpt><trkpt lat="35.8545328584" lon="139.4147720374"><ele>103.48</ele><time>2026-05-02T02:48:12Z</time></trkpt><trkpt lat="35.8545512147" lon="139.4147380069"><ele>103.48</ele><time>2026-05-02T02:48:13Z</time></trkpt><trkpt lat="35.8545724209" lon="139.4147096761"><ele>103.00</ele><time>2026-05-02T02:48:14Z</time></trkpt><trkpt lat="35.8545940462" lon="139.4146697782"><ele>103.00</ele><time>2026-05-02T02:48:15Z</time></trkpt><trkpt lat="35.8546153363" lon="139.4146397710"><ele>103.00</ele><time>2026-05-02T02:48:16Z</time></trkpt><trkpt lat="35.8546370454" lon="139.4146106020"><ele>102.52</ele><time>2026-05-02T02:48:17Z</time></trkpt><trkpt lat="35.8546596766" lon="139.4145855401"><ele>102.52</ele><time>2026-05-02T02:48:18Z</time></trkpt><trkpt lat="35.8546803799" lon="139.4145662617"><ele>102.52</ele><time>2026-05-02T02:48:19Z</time></trkpt><trkpt lat="35.8547015022" lon="139.4145491626"><ele>102.52</ele><time>2026-05-02T02:48:20Z</time></trkpt><trkpt lat="35.8547241334" lon="139.4145383500"><ele>102.52</ele><time>2026-05-02T02:48:21Z</time></trkpt><trkpt lat="35.8547451720" lon="139.4145287946"><ele>102.52</ele><time>2026-05-02T02:48:22Z</time></trkpt><trkpt lat="35.8547640312" lon="139.4145174790"><ele>102.04</ele><time>2026-05-02T02:48:23Z</time></trkpt><trkpt lat="35.8549416438" lon="139.4143194985"><ele>101.56</ele><time>2026-05-02T02:48:32Z</time></trkpt><trkpt lat="35.8551297337" lon="139.4142554607"><ele>103.48</ele><time>2026-05-02T02:48:41Z</time></trkpt><trkpt lat="35.8552421350" lon="139.4142230228"><ele>104.92</ele><time>2026-05-02T02:48:49Z</time></trkpt><trkpt lat="35.8553022332" lon="139.4142086059"><ele>109.25</ele><time>2026-05-02T02:49:00Z</time></trkpt><trkpt lat="35.8553360123" lon="139.4141858909"><ele>112.61</ele><time>2026-05-02T02:49:05Z</time></trkpt><trkpt lat="35.8553537820" lon="139.4141810294"><ele>113.09</ele><time>2026-05-02T02:49:06Z</time></trkpt><trkpt lat="35.8553663548" lon="139.4141618349"><ele>114.05</ele><time>2026-05-02T02:49:07Z</time></trkpt><trkpt lat="35.8554428816" lon="139.4140533730"><ele>121.26</ele><time>2026-05-02T02:49:17Z</time></trkpt><trkpt lat="35.8555533551" lon="139.4139641896"><ele>121.26</ele><time>2026-05-02T02:49:25Z</time></trkpt><trkpt lat="35.8556695282" lon="139.4138946198"><ele>115.98</ele><time>2026-05-02T02:49:37Z</time></trkpt><trkpt lat="35.8557356615" lon="139.4138719048"><ele>107.32</ele><time>2026-05-02T02:49:56Z</time></trkpt><trkpt lat="35.8557474799" lon="139.4138679653"><ele>105.88</ele><time>2026-05-02T02:50:08Z</time></trkpt><trkpt lat="35.8557826001" lon="139.4138150755"><ele>107.32</ele><time>2026-05-02T02:50:19Z</time></trkpt><trkpt lat="35.8557738829" lon="139.4138181768"><ele>101.08</ele><time>2026-05-02T02:50:33Z</time></trkpt><trkpt lat="35.8557914849" lon="139.4137505349"><ele>97.71</ele><time>2026-05-02T02:50:44Z</time></trkpt><trkpt lat="35.8557839412" lon="139.4137493614"><ele>95.31</ele><time>2026-05-02T02:50:56Z</time></trkpt><trkpt lat="35.8557701111" lon="139.4137319271"><ele>93.39</ele><time>2026-05-02T02:51:15Z</time></trkpt><trkpt lat="35.8557418641" lon="139.4137373753"><ele>91.46</ele><time>2026-05-02T02:51:24Z</time></trkpt><trkpt lat="35.8556696959" lon="139.4137393869"><ele>92.90</ele><time>2026-05-02T02:51:35Z</time></trkpt><trkpt lat="35.8556559496" lon="139.4137299992"><ele>93.39</ele><time>2026-05-02T02:51:36Z</time></trkpt><trkpt lat="35.8556369226" lon="139.4137219526"><ele>93.39</ele><time>2026-05-02T02:51:37Z</time></trkpt><trkpt lat="35.8556212485" lon="139.4137282390"><ele>94.83</ele><time>2026-05-02T02:51:39Z</time></trkpt><trkpt lat="35.8555642515" lon="139.4138035085"><ele>102.04</ele><time>2026-05-02T02:51:51Z</time></trkpt><trkpt lat="35.8555435482" lon="139.4138003234"><ele>101.56</ele><time>2026-05-02T02:51:52Z</time></trkpt><trkpt lat="35.8554823603" lon="139.4136956334"><ele>103.48</ele><time>2026-05-02T02:52:00Z</time></trkpt><trkpt lat="35.8554603159" lon="139.4136372115"><ele>105.88</ele><time>2026-05-02T02:52:04Z</time></trkpt><trkpt lat="35.8553966135" lon="139.4135090522"><ele>108.29</ele><time>2026-05-02T02:52:13Z</time></trkpt><trkpt lat="35.8554163110" lon="139.4134564139"><ele>109.25</ele><time>2026-05-02T02:52:17Z</time></trkpt><trkpt lat="35.8554403670" lon="139.4133111555"><ele>109.25</ele><time>2026-05-02T02:52:23Z</time></trkpt><trkpt lat="35.8555246051" lon="139.4132351317"><ele>108.77</ele><time>2026-05-02T02:52:29Z</time></trkpt><trkpt lat="35.8556202427" lon="139.4132131711"><ele>108.77</ele><time>2026-05-02T02:52:34Z</time></trkpt><trkpt lat="35.8557314705" lon="139.4131337106"><ele>108.29</ele><time>2026-05-02T02:52:41Z</time></trkpt><trkpt lat="35.8557517547" lon="139.4131150190"><ele>108.29</ele><time>2026-05-02T02:52:42Z</time></trkpt><trkpt lat="35.8558077458" lon="139.4130374026"><ele>108.29</ele><time>2026-05-02T02:52:46Z</time></trkpt><trkpt lat="35.8558294550" lon="139.4129066449"><ele>109.25</ele><time>2026-05-02T02:52:50Z</time></trkpt><trkpt lat="35.8560438640" lon="139.4127876218"><ele>111.65</ele><time>2026-05-02T02:53:00Z</time></trkpt><trkpt lat="35.8562186267" lon="139.4127595425"><ele>113.09</ele><time>2026-05-02T02:53:08Z</time></trkpt><trkpt lat="35.8562735282" lon="139.4127602968"><ele>115.98</ele><time>2026-05-02T02:53:16Z</time></trkpt><trkpt lat="35.8563257474" lon="139.4127912261"><ele>116.46</ele><time>2026-05-02T02:53:26Z</time></trkpt><trkpt lat="35.8565430902" lon="139.4128962513"><ele>120.30</ele><time>2026-05-02T02:53:38Z</time></trkpt><trkpt lat="35.8568013366" lon="139.4129661564"><ele>123.67</ele><time>2026-05-02T02:53:49Z</time></trkpt><trkpt lat="35.8570272289" lon="139.4129006937"><ele>127.51</ele><time>2026-05-02T02:54:00Z</time></trkpt><trkpt lat="35.8571524546" lon="139.4128059782"><ele>130.40</ele><time>2026-05-02T02:54:12Z</time></trkpt><trkpt lat="35.8572272211" lon="139.4128396735"><ele>138.57</ele><time>2026-05-02T02:54:24Z</time></trkpt><trkpt lat="35.8572901692" lon="139.4128309563"><ele>143.37</ele><time>2026-05-02T02:54:36Z</time></trkpt><trkpt lat="35.8573371917" lon="139.4128895458"><ele>142.41</ele><time>2026-05-02T02:54:43Z</time></trkpt><trkpt lat="35.8574215975" lon="139.4129052199"><ele>138.57</ele><time>2026-05-02T02:54:54Z</time></trkpt><trkpt lat="35.8574664406" lon="139.4128989335"><ele>140.01</ele><time>2026-05-02T02:55:14Z</time></trkpt><trkpt lat="35.8574865572" lon="139.4129244983"><ele>140.01</ele><time>2026-05-02T02:55:28Z</time></trkpt><trkpt lat="35.8574220166" lon="139.4129685871"><ele>138.09</ele><time>2026-05-02T02:55:38Z</time></trkpt><trkpt lat="35.8573520277" lon="139.4129561819"><ele>131.36</ele><time>2026-05-02T02:55:52Z</time></trkpt><trkpt lat="35.8573871478" lon="139.4126870390"><ele>114.05</ele><time>2026-05-02T02:56:06Z</time></trkpt><trkpt lat="35.8572257124" lon="139.4125841931"><ele>103.48</ele><time>2026-05-02T02:56:15Z</time></trkpt><trkpt lat="35.8571209386" lon="139.4125235919"><ele>97.23</ele><time>2026-05-02T02:56:26Z</time></trkpt><trkpt lat="35.8571377862" lon="139.4125075825"><ele>96.75</ele><time>2026-05-02T02:56:34Z</time></trkpt><trkpt lat="35.8571558911" lon="139.4124995358"><ele>96.27</ele><time>2026-05-02T02:56:38Z</time></trkpt><trkpt lat="35.8571713138" lon="139.4125115220"><ele>99.15</ele><time>2026-05-02T02:56:47Z</time></trkpt><trkpt lat="35.8571817912" lon="139.4124405272"><ele>103.96</ele><time>2026-05-02T02:56:56Z</time></trkpt><trkpt lat="35.8572057635" lon="139.4123607315"><ele>106.84</ele><time>2026-05-02T02:57:05Z</time></trkpt><trkpt lat="35.8572359383" lon="139.4123058300"><ele>109.73</ele><time>2026-05-02T02:57:12Z</time></trkpt><trkpt lat="35.8572383691" lon="139.4122816063"><ele>110.21</ele><time>2026-05-02T02:57:13Z</time></trkpt><trkpt lat="35.8572541270" lon="139.4122548681"><ele>110.69</ele><time>2026-05-02T02:57:14Z</time></trkpt><trkpt lat="35.8572756685" lon="139.4122280460"><ele>111.65</ele><time>2026-05-02T02:57:15Z</time></trkpt><trkpt lat="35.8573032450" lon="139.4122023135"><ele>112.61</ele><time>2026-05-02T02:57:16Z</time></trkpt><trkpt lat="35.8573246188" lon="139.4121775031"><ele>114.05</ele><time>2026-05-02T02:57:17Z</time></trkpt><trkpt lat="35.8573531173" lon="139.4121549558"><ele>115.01</ele><time>2026-05-02T02:57:18Z</time></trkpt><trkpt lat="35.8573816158" lon="139.4121438079"><ele>115.98</ele><time>2026-05-02T02:57:19Z</time></trkpt><trkpt lat="35.8574046660" lon="139.4121337496"><ele>116.94</ele><time>2026-05-02T02:57:20Z</time></trkpt><trkpt lat="35.8574329130" lon="139.4121240266"><ele>117.90</ele><time>2026-05-02T02:57:21Z</time></trkpt><trkpt lat="35.8574490063" lon="139.4121049996"><ele>118.86</ele><time>2026-05-02T02:57:22Z</time></trkpt><trkpt lat="35.8574677818" lon="139.4120823685"><ele>119.82</ele><time>2026-05-02T02:57:23Z</time></trkpt><trkpt lat="35.8576073404" lon="139.4120100327"><ele>125.59</ele><time>2026-05-02T02:57:31Z</time></trkpt><trkpt lat="35.8577054087" lon="139.4119803607"><ele>130.40</ele><time>2026-05-02T02:57:38Z</time></trkpt><trkpt lat="35.8577188198" lon="139.4119611662"><ele>130.88</ele><time>2026-05-02T02:57:39Z</time></trkpt><trkpt lat="35.8577334043" lon="139.4119419716"><ele>131.36</ele><time>2026-05-02T02:57:40Z</time></trkpt><trkpt lat="35.8577454742" lon="139.4119190052"><ele>131.36</ele><time>2026-05-02T02:57:41Z</time></trkpt><trkpt lat="35.8577488270" lon="139.4118536264"><ele>131.84</ele><time>2026-05-02T02:57:44Z</time></trkpt><trkpt lat="35.8577735536" lon="139.4117283169"><ele>132.80</ele><time>2026-05-02T02:57:49Z</time></trkpt><trkpt lat="35.8578170557" lon="139.4116532989"><ele>134.24</ele><time>2026-05-02T02:57:53Z</time></trkpt><trkpt lat="35.8578784112" lon="139.4114371296"><ele>131.36</ele><time>2026-05-02T02:58:02Z</time></trkpt><trkpt lat="35.8579603024" lon="139.4112995826"><ele>128.47</ele><time>2026-05-02T02:58:12Z</time></trkpt><trkpt lat="35.8579761442" lon="139.4112691563"><ele>127.99</ele><time>2026-05-02T02:58:17Z</time></trkpt><trkpt lat="35.8579919860" lon="139.4112630375"><ele>127.51</ele><time>2026-05-02T02:58:18Z</time></trkpt><trkpt lat="35.8580058999" lon="139.4112488721"><ele>127.51</ele><time>2026-05-02T02:58:19Z</time></trkpt><trkpt lat="35.8580187242" lon="139.4112358801"><ele>127.51</ele><time>2026-05-02T02:58:20Z</time></trkpt><trkpt lat="35.8580540121" lon="139.4111730997"><ele>125.59</ele><time>2026-05-02T02:58:29Z</time></trkpt><trkpt lat="35.8580917306" lon="139.4110425096"><ele>125.59</ele><time>2026-05-02T02:58:35Z</time></trkpt><trkpt lat="35.8580986038" lon="139.4110204652"><ele>125.11</ele><time>2026-05-02T02:58:36Z</time></trkpt><trkpt lat="35.8581042197" lon="139.4109927211"><ele>125.11</ele><time>2026-05-02T02:58:37Z</time></trkpt><trkpt lat="35.8581095841" lon="139.4109689165"><ele>125.11</ele><time>2026-05-02T02:58:38Z</time></trkpt><trkpt lat="35.8581140265" lon="139.4109482970"><ele>125.11</ele><time>2026-05-02T02:58:39Z</time></trkpt><trkpt lat="35.8581239171" lon="139.4109220617"><ele>125.11</ele><time>2026-05-02T02:58:40Z</time></trkpt><trkpt lat="35.8581369091" lon="139.4108978380"><ele>125.11</ele><time>2026-05-02T02:58:41Z</time></trkpt><trkpt lat="35.8581514098" lon="139.4108746201"><ele>124.63</ele><time>2026-05-02T02:58:42Z</time></trkpt><trkpt lat="35.8583037090" lon="139.4106593728"><ele>126.07</ele><time>2026-05-02T02:58:52Z</time></trkpt><trkpt lat="35.8584683295" lon="139.4104411919"><ele>119.34</ele><time>2026-05-02T02:59:02Z</time></trkpt><trkpt lat="35.8585800603" lon="139.4101550337"><ele>118.38</ele><time>2026-05-02T02:59:12Z</time></trkpt><trkpt lat="35.8586539049" lon="139.4098667800"><ele>114.53</ele><time>2026-05-02T02:59:22Z</time></trkpt><trkpt lat="35.8587085549" lon="139.4097884931"><ele>112.13</ele><time>2026-05-02T02:59:30Z</time></trkpt><trkpt lat="35.8587861713" lon="139.4096635189"><ele>109.73</ele><time>2026-05-02T02:59:40Z</time></trkpt><trkpt lat="35.8588082157" lon="139.4096027501"><ele>116.46</ele><time>2026-05-02T02:59:47Z</time></trkpt><trkpt lat="35.8588751871" lon="139.4092986546"><ele>123.67</ele><time>2026-05-02T02:59:57Z</time></trkpt><trkpt lat="35.8589140791" lon="139.4092051126"><ele>130.88</ele><time>2026-05-02T03:00:16Z</time></trkpt><trkpt lat="35.8589524683" lon="139.4091798831"><ele>130.40</ele><time>2026-05-02T03:00:32Z</time></trkpt><trkpt lat="35.8590581641" lon="139.4091710821"><ele>115.98</ele><time>2026-05-02T03:00:50Z</time></trkpt><trkpt lat="35.8590595890" lon="139.4091119897"><ele>117.42</ele><time>2026-05-02T03:00:58Z</time></trkpt><trkpt lat="35.8590617683" lon="139.4090975728"><ele>117.90</ele><time>2026-05-02T03:00:59Z</time></trkpt><trkpt lat="35.8590787835" lon="139.4090716727"><ele>119.82</ele><time>2026-05-02T03:01:01Z</time></trkpt><trkpt lat="35.8591926936" lon="139.4088151865"><ele>121.74</ele><time>2026-05-02T03:01:13Z</time></trkpt><trkpt lat="35.8592885826" lon="139.4085441157"><ele>122.71</ele><time>2026-05-02T03:01:25Z</time></trkpt><trkpt lat="35.8593868185" lon="139.4083064049"><ele>118.38</ele><time>2026-05-02T03:01:37Z</time></trkpt><trkpt lat="35.8593733236" lon="139.4081849512"><ele>117.90</ele><time>2026-05-02T03:01:47Z</time></trkpt><trkpt lat="35.8594270516" lon="139.4080277067"><ele>100.11</ele><time>2026-05-02T03:01:59Z</time></trkpt><trkpt lat="35.8594320808" lon="139.4080239348"><ele>99.63</ele><time>2026-05-02T03:02:00Z</time></trkpt><trkpt lat="35.8595915884" lon="139.4078771677"><ele>77.04</ele><time>2026-05-02T03:02:13Z</time></trkpt><trkpt lat="35.8596028201" lon="139.4078760780"><ele>72.24</ele><time>2026-05-02T03:02:20Z</time></trkpt><trkpt lat="35.8596053347" lon="139.4078658521"><ele>72.72</ele><time>2026-05-02T03:02:21Z</time></trkpt><trkpt lat="35.8596095257" lon="139.4078494236"><ele>72.72</ele><time>2026-05-02T03:02:22Z</time></trkpt><trkpt lat="35.8596160635" lon="139.4078357611"><ele>72.72</ele><time>2026-05-02T03:02:23Z</time></trkpt><trkpt lat="35.8596262056" lon="139.4078196678"><ele>72.72</ele><time>2026-05-02T03:02:24Z</time></trkpt><trkpt lat="35.8596385270" lon="139.4078030717"><ele>72.72</ele><time>2026-05-02T03:02:25Z</time></trkpt><trkpt lat="35.8596721385" lon="139.4077352621"><ele>73.20</ele><time>2026-05-02T03:02:30Z</time></trkpt><trkpt lat="35.8596873935" lon="139.4076916762"><ele>73.68</ele><time>2026-05-02T03:02:33Z</time></trkpt><trkpt lat="35.8596912492" lon="139.4076700509"><ele>74.16</ele><time>2026-05-02T03:02:34Z</time></trkpt><trkpt lat="35.8597346675" lon="139.4075547159"><ele>75.12</ele><time>2026-05-02T03:02:41Z</time></trkpt><trkpt lat="35.8597473241" lon="139.4075398799"><ele>75.12</ele><time>2026-05-02T03:02:42Z</time></trkpt><trkpt lat="35.8597597294" lon="139.4075268880"><ele>75.12</ele><time>2026-05-02T03:02:43Z</time></trkpt><trkpt lat="35.8597739786" lon="139.4075113814"><ele>75.12</ele><time>2026-05-02T03:02:44Z</time></trkpt><trkpt lat="35.8597845398" lon="139.4075008202"><ele>75.12</ele><time>2026-05-02T03:02:45Z</time></trkpt><trkpt lat="35.8598767407" lon="139.4073843118"><ele>78.00</ele><time>2026-05-02T03:02:56Z</time></trkpt><trkpt lat="35.8600598015" lon="139.4073226210"><ele>81.37</ele><time>2026-05-02T03:03:06Z</time></trkpt><trkpt lat="35.8602725342" lon="139.4072015863"><ele>86.66</ele><time>2026-05-02T03:03:16Z</time></trkpt><trkpt lat="35.8604815789" lon="139.4071635325"><ele>93.39</ele><time>2026-05-02T03:03:25Z</time></trkpt><trkpt lat="35.8606957365" lon="139.4070386421"><ele>95.79</ele><time>2026-05-02T03:03:35Z</time></trkpt><trkpt lat="35.8608618658" lon="139.4069344550"><ele>97.23</ele><time>2026-05-02T03:03:44Z</time></trkpt><trkpt lat="35.8610707428" lon="139.4068386499"><ele>94.35</ele><time>2026-05-02T03:03:54Z</time></trkpt><trkpt lat="35.8612889238" lon="139.4067319483"><ele>91.94</ele><time>2026-05-02T03:04:04Z</time></trkpt><trkpt lat="35.8614744991" lon="139.4066972472"><ele>88.10</ele><time>2026-05-02T03:04:12Z</time></trkpt><trkpt lat="35.8614966273" lon="139.4066860992"><ele>87.62</ele><time>2026-05-02T03:04:13Z</time></trkpt><trkpt lat="35.8615150675" lon="139.4066788908"><ele>87.14</ele><time>2026-05-02T03:04:14Z</time></trkpt><trkpt lat="35.8616345935" lon="139.4066070579"><ele>79.45</ele><time>2026-05-02T03:04:25Z</time></trkpt><trkpt lat="35.8616413828" lon="139.4065609574"><ele>78.97</ele><time>2026-05-02T03:04:39Z</time></trkpt><trkpt lat="35.8616338391" lon="139.4065480493"><ele>78.48</ele><time>2026-05-02T03:04:40Z</time></trkpt><trkpt lat="35.8616227750" lon="139.4065313693"><ele>77.52</ele><time>2026-05-02T03:04:41Z</time></trkpt><trkpt lat="35.8615202643" lon="139.4063860271"><ele>73.20</ele><time>2026-05-02T03:04:50Z</time></trkpt><trkpt lat="35.8613697253" lon="139.4062684290"><ele>73.68</ele><time>2026-05-02T03:05:00Z</time></trkpt><trkpt lat="35.8612007461" lon="139.4061741326"><ele>77.04</ele><time>2026-05-02T03:05:10Z</time></trkpt><trkpt lat="35.8610265702" lon="139.4060339034"><ele>74.16</ele><time>2026-05-02T03:05:21Z</time></trkpt><trkpt lat="35.8609984070" lon="139.4060064945"><ele>73.20</ele><time>2026-05-02T03:05:23Z</time></trkpt><trkpt lat="35.8608153462" lon="139.4058944285"><ele>73.68</ele><time>2026-05-02T03:05:34Z</time></trkpt><trkpt lat="35.8605777193" lon="139.4057589769"><ele>74.16</ele><time>2026-05-02T03:05:42Z</time></trkpt><trkpt lat="35.8602437004" lon="139.4055954460"><ele>69.83</ele><time>2026-05-02T03:05:53Z</time></trkpt><trkpt lat="35.8600196522" lon="139.4054787699"><ele>66.47</ele><time>2026-05-02T03:06:04Z</time></trkpt><trkpt lat="35.8599040657" lon="139.4054079428"><ele>67.91</ele><time>2026-05-02T03:06:16Z</time></trkpt><trkpt lat="35.8598100208" lon="139.4053772651"><ele>69.35</ele><time>2026-05-02T03:06:26Z</time></trkpt><trkpt lat="35.8597432170" lon="139.4052965473"><ele>71.76</ele><time>2026-05-02T03:06:37Z</time></trkpt><trkpt lat="35.8596289717" lon="139.4051917735"><ele>70.79</ele><time>2026-05-02T03:06:49Z</time></trkpt><trkpt lat="35.8596303128" lon="139.4051316753"><ele>71.76</ele><time>2026-05-02T03:06:55Z</time></trkpt><trkpt lat="35.8596789278" lon="139.4049943797"><ele>71.27</ele><time>2026-05-02T03:07:07Z</time></trkpt><trkpt lat="35.8597225975" lon="139.4049412385"><ele>71.76</ele><time>2026-05-02T03:07:16Z</time></trkpt><trkpt lat="35.8597199153" lon="139.4049016759"><ele>70.31</ele><time>2026-05-02T03:07:34Z</time></trkpt><trkpt lat="35.8596783411" lon="139.4048719201"><ele>69.83</ele><time>2026-05-02T03:07:48Z</time></trkpt><trkpt lat="35.8596376888" lon="139.4048610236"><ele>65.51</ele><time>2026-05-02T03:07:58Z</time></trkpt><trkpt lat="35.8596494235" lon="139.4048595149"><ele>65.03</ele><time>2026-05-02T03:08:00Z</time></trkpt><trkpt lat="35.8597134613" lon="139.4048856664"><ele>67.43</ele><time>2026-05-02T03:08:12Z</time></trkpt><trkpt lat="35.8597462345" lon="139.4048656337"><ele>69.35</ele><time>2026-05-02T03:08:21Z</time></trkpt><trkpt lat="35.8596848790" lon="139.4049051963"><ele>72.24</ele><time>2026-05-02T03:08:34Z</time></trkpt><trkpt lat="35.8596632537" lon="139.4048966467"><ele>74.16</ele><time>2026-05-02T03:08:38Z</time></trkpt><trkpt lat="35.8595773391" lon="139.4047980756"><ele>78.00</ele><time>2026-05-02T03:08:45Z</time></trkpt><trkpt lat="35.8595104516" lon="139.4047057070"><ele>80.89</ele><time>2026-05-02T03:08:52Z</time></trkpt><trkpt lat="35.8593441546" lon="139.4046191219"><ele>79.45</ele><time>2026-05-02T03:09:00Z</time></trkpt><trkpt lat="35.8592078649" lon="139.4045166112"><ele>77.52</ele><time>2026-05-02T03:09:07Z</time></trkpt><trkpt lat="35.8589567430" lon="139.4043377414"><ele>74.64</ele><time>2026-05-02T03:09:18Z</time></trkpt><trkpt lat="35.8587288391" lon="139.4041744620"><ele>70.79</ele><time>2026-05-02T03:09:28Z</time></trkpt><trkpt lat="35.8586848341" lon="139.4041407667"><ele>69.83</ele><time>2026-05-02T03:09:30Z</time></trkpt><trkpt lat="35.8586484566" lon="139.4039675966"><ele>66.47</ele><time>2026-05-02T03:09:38Z</time></trkpt><trkpt lat="35.8586945571" lon="139.4038525131"><ele>64.55</ele><time>2026-05-02T03:09:46Z</time></trkpt><trkpt lat="35.8586942218" lon="139.4038232602"><ele>64.55</ele><time>2026-05-02T03:09:48Z</time></trkpt><trkpt lat="35.8586277533" lon="139.4036429655"><ele>60.70</ele><time>2026-05-02T03:10:00Z</time></trkpt><trkpt lat="35.8585422579" lon="139.4035212602"><ele>59.74</ele><time>2026-05-02T03:10:11Z</time></trkpt><trkpt lat="35.8584063035" lon="139.4033798575"><ele>59.74</ele><time>2026-05-02T03:10:25Z</time></trkpt><trkpt lat="35.8582965843" lon="139.4032525364"><ele>58.78</ele><time>2026-05-02T03:10:37Z</time></trkpt><trkpt lat="35.8581395075" lon="139.4030808751"><ele>58.78</ele><time>2026-05-02T03:10:53Z</time></trkpt><trkpt lat="35.8580227476" lon="139.4029518776"><ele>55.89</ele><time>2026-05-02T03:11:06Z</time></trkpt><trkpt lat="35.8579828497" lon="139.4029596727"><ele>54.93</ele><time>2026-05-02T03:11:18Z</time></trkpt><trkpt lat="35.8579505794" lon="139.4029402267"><ele>57.82</ele><time>2026-05-02T03:11:39Z</time></trkpt><trkpt lat="35.8579425327" lon="139.4029059447"><ele>57.82</ele><time>2026-05-02T03:11:42Z</time></trkpt><trkpt lat="35.8578067459" lon="139.4027431682"><ele>57.34</ele><time>2026-05-02T03:11:55Z</time></trkpt><trkpt lat="35.8576458134" lon="139.4025783800"><ele>56.86</ele><time>2026-05-02T03:12:06Z</time></trkpt><trkpt lat="35.8575726394" lon="139.4024874363"><ele>56.37</ele><time>2026-05-02T03:12:20Z</time></trkpt><trkpt lat="35.8575482480" lon="139.4024928845"><ele>60.22</ele><time>2026-05-02T03:12:30Z</time></trkpt><trkpt lat="35.8575870562" lon="139.4024578482"><ele>66.95</ele><time>2026-05-02T03:12:34Z</time></trkpt><trkpt lat="35.8576066699" lon="139.4024841674"><ele>72.24</ele><time>2026-05-02T03:12:38Z</time></trkpt><trkpt lat="35.8575581387" lon="139.4025794696"><ele>81.37</ele><time>2026-05-02T03:12:50Z</time></trkpt><trkpt lat="35.8575677779" lon="139.4025997538"><ele>82.33</ele><time>2026-05-02T03:12:52Z</time></trkpt><trkpt lat="35.8575968631" lon="139.4027779531"><ele>84.73</ele><time>2026-05-02T03:13:01Z</time></trkpt><trkpt lat="35.8575322386" lon="139.4029028434"><ele>83.77</ele><time>2026-05-02T03:13:14Z</time></trkpt><trkpt lat="35.8574236091" lon="139.4028952159"><ele>79.45</ele><time>2026-05-02T03:13:25Z</time></trkpt><trkpt lat="35.8573960327" lon="139.4029131532"><ele>75.12</ele><time>2026-05-02T03:13:38Z</time></trkpt><trkpt lat="35.8573672827" lon="139.4029816333"><ele>72.24</ele><time>2026-05-02T03:13:52Z</time></trkpt><trkpt lat="35.8574196696" lon="139.4030204415"><ele>72.72</ele><time>2026-05-02T03:14:05Z</time></trkpt><trkpt lat="35.8574370202" lon="139.4030445814"><ele>72.72</ele><time>2026-05-02T03:14:19Z</time></trkpt><trkpt lat="35.8574497607" lon="139.4030447491"><ele>68.87</ele><time>2026-05-02T03:14:35Z</time></trkpt><trkpt lat="35.8574269619" lon="139.4030187652"><ele>65.99</ele><time>2026-05-02T03:14:51Z</time></trkpt><trkpt lat="35.8574219327" lon="139.4030113891"><ele>66.95</ele><time>2026-05-02T03:15:11Z</time></trkpt><trkpt lat="35.8574500121" lon="139.4030062761"><ele>71.76</ele><time>2026-05-02T03:15:37Z</time></trkpt><trkpt lat="35.8574461564" lon="139.4030144904"><ele>74.64</ele><time>2026-05-02T03:16:04Z</time></trkpt><trkpt lat="35.8574552089" lon="139.4030951243"><ele>77.52</ele><time>2026-05-02T03:16:13Z</time></trkpt><trkpt lat="35.8576305583" lon="139.4032789394"><ele>76.56</ele><time>2026-05-02T03:16:27Z</time></trkpt><trkpt lat="35.8578643296" lon="139.4034995511"><ele>76.56</ele><time>2026-05-02T03:16:40Z</time></trkpt><trkpt lat="35.8580740448" lon="139.4037223421"><ele>78.00</ele><time>2026-05-02T03:16:51Z</time></trkpt><trkpt lat="35.8582778089" lon="139.4039204065"><ele>78.97</ele><time>2026-05-02T03:17:02Z</time></trkpt><trkpt lat="35.8584729396" lon="139.4041137770"><ele>79.45</ele><time>2026-05-02T03:17:12Z</time></trkpt><trkpt lat="35.8586802240" lon="139.4042750448"><ele>80.41</ele><time>2026-05-02T03:17:23Z</time></trkpt><trkpt lat="35.8589273226" lon="139.4044596143"><ele>79.45</ele><time>2026-05-02T03:17:34Z</time></trkpt><trkpt lat="35.8591967169" lon="139.4046829082"><ele>82.33</ele><time>2026-05-02T03:17:48Z</time></trkpt><trkpt lat="35.8594279736" lon="139.4048785418"><ele>83.77</ele><time>2026-05-02T03:17:59Z</time></trkpt><trkpt lat="35.8595383633" lon="139.4049658813"><ele>84.73</ele><time>2026-05-02T03:18:09Z</time></trkpt><trkpt lat="35.8595634252" lon="139.4049777836"><ele>85.21</ele><time>2026-05-02T03:18:11Z</time></trkpt><trkpt lat="35.8596422151" lon="139.4049816392"><ele>88.58</ele><time>2026-05-02T03:18:22Z</time></trkpt><trkpt lat="35.8596545365" lon="139.4049374666"><ele>91.94</ele><time>2026-05-02T03:18:26Z</time></trkpt><trkpt lat="35.8596660197" lon="139.4049161766"><ele>92.90</ele><time>2026-05-02T03:18:27Z</time></trkpt><trkpt lat="35.8596734796" lon="139.4049040228"><ele>93.39</ele><time>2026-05-02T03:18:28Z</time></trkpt><trkpt lat="35.8596868906" lon="139.4048868399"><ele>93.87</ele><time>2026-05-02T03:18:29Z</time></trkpt><trkpt lat="35.8596967813" lon="139.4048691541"><ele>94.83</ele><time>2026-05-02T03:18:30Z</time></trkpt><trkpt lat="35.8597079292" lon="139.4048520550"><ele>95.31</ele><time>2026-05-02T03:18:31Z</time></trkpt><trkpt lat="35.8597251959" lon="139.4048279151"><ele>95.31</ele><time>2026-05-02T03:18:32Z</time></trkpt><trkpt lat="35.8597400319" lon="139.4048094749"><ele>95.79</ele><time>2026-05-02T03:18:33Z</time></trkpt><trkpt lat="35.8597530238" lon="139.4047900289"><ele>96.27</ele><time>2026-05-02T03:18:34Z</time></trkpt><trkpt lat="35.8599550277" lon="139.4044681638"><ele>95.31</ele><time>2026-05-02T03:18:45Z</time></trkpt><trkpt lat="35.8601183910" lon="139.4041752163"><ele>94.35</ele><time>2026-05-02T03:18:57Z</time></trkpt><trkpt lat="35.8602356538" lon="139.4039327279"><ele>94.35</ele><time>2026-05-02T03:19:07Z</time></trkpt><trkpt lat="35.8603803255" lon="139.4036659319"><ele>92.90</ele><time>2026-05-02T03:19:17Z</time></trkpt><trkpt lat="35.8604968339" lon="139.4033856411"><ele>91.94</ele><time>2026-05-02T03:19:27Z</time></trkpt><trkpt lat="35.8606618736" lon="139.4031281490"><ele>85.69</ele><time>2026-05-02T03:19:37Z</time></trkpt><trkpt lat="35.8608177770" lon="139.4028484449"><ele>82.81</ele><time>2026-05-02T03:19:48Z</time></trkpt><trkpt lat="35.8609603532" lon="139.4025254063"><ele>79.45</ele><time>2026-05-02T03:20:00Z</time></trkpt><trkpt lat="35.8611030970" lon="139.4022374880"><ele>76.08</ele><time>2026-05-02T03:20:11Z</time></trkpt><trkpt lat="35.8611706551" lon="139.4020837639"><ele>73.68</ele><time>2026-05-02T03:20:21Z</time></trkpt><trkpt lat="35.8611735050" lon="139.4020457100"><ele>70.79</ele><time>2026-05-02T03:20:38Z</time></trkpt><trkpt lat="35.8611818869" lon="139.4020172115"><ele>66.95</ele><time>2026-05-02T03:21:01Z</time></trkpt><trkpt lat="35.8611917775" lon="139.4020187203"><ele>66.95</ele><time>2026-05-02T03:21:02Z</time></trkpt><trkpt lat="35.8612061944" lon="139.4020260125"><ele>66.47</ele><time>2026-05-02T03:21:03Z</time></trkpt><trkpt lat="35.8612278197" lon="139.4020337239"><ele>66.95</ele><time>2026-05-02T03:21:04Z</time></trkpt><trkpt lat="35.8612888400" lon="139.4020445365"><ele>67.43</ele><time>2026-05-02T03:21:07Z</time></trkpt><trkpt lat="35.8613082021" lon="139.4020409323"><ele>67.43</ele><time>2026-05-02T03:21:08Z</time></trkpt><trkpt lat="35.8614211902" lon="139.4020420220"><ele>70.31</ele><time>2026-05-02T03:21:20Z</time></trkpt><trkpt lat="35.8614185080" lon="139.4020558521"><ele>72.24</ele><time>2026-05-02T03:21:33Z</time></trkpt><trkpt lat="35.8614379540" lon="139.4020405971"><ele>72.72</ele><time>2026-05-02T03:21:38Z</time></trkpt><trkpt lat="35.8615434822" lon="139.4019887969"><ele>73.68</ele><time>2026-05-02T03:21:49Z</time></trkpt><trkpt lat="35.8615831286" lon="139.4020094164"><ele>75.60</ele><time>2026-05-02T03:22:01Z</time></trkpt><trkpt lat="35.8616228588" lon="139.4020326342"><ele>76.56</ele><time>2026-05-02T03:22:12Z</time></trkpt><trkpt lat="35.8616598230" lon="139.4020519964"><ele>80.41</ele><time>2026-05-02T03:22:21Z</time></trkpt><trkpt lat="35.8617108688" lon="139.4021395035"><ele>86.66</ele><time>2026-05-02T03:22:30Z</time></trkpt><trkpt lat="35.8618088532" lon="139.4022467919"><ele>91.94</ele><time>2026-05-02T03:22:37Z</time></trkpt><trkpt lat="35.8618240245" lon="139.4022664893"><ele>92.90</ele><time>2026-05-02T03:22:38Z</time></trkpt><trkpt lat="35.8619498368" lon="139.4024148490"><ele>99.63</ele><time>2026-05-02T03:22:47Z</time></trkpt><trkpt lat="35.8620387688" lon="139.4025276694"><ele>106.36</ele><time>2026-05-02T03:22:54Z</time></trkpt><trkpt lat="35.8620483242" lon="139.4025447685"><ele>107.81</ele><time>2026-05-02T03:22:55Z</time></trkpt><trkpt lat="35.8620675188" lon="139.4025592692"><ele>107.81</ele><time>2026-05-02T03:22:56Z</time></trkpt><trkpt lat="35.8622939140" lon="139.4026937149"><ele>109.25</ele><time>2026-05-02T03:23:06Z</time></trkpt><trkpt lat="35.8625411801" lon="139.4028480258"><ele>109.25</ele><time>2026-05-02T03:23:17Z</time></trkpt><trkpt lat="35.8627077285" lon="139.4029590860"><ele>109.73</ele><time>2026-05-02T03:23:29Z</time></trkpt><trkpt lat="35.8627461176" lon="139.4029498659"><ele>109.73</ele><time>2026-05-02T03:23:34Z</time></trkpt><trkpt lat="35.8627943136" lon="139.4029576611"><ele>108.29</ele><time>2026-05-02T03:23:35Z</time></trkpt><trkpt lat="35.8628381509" lon="139.4029380474"><ele>103.48</ele><time>2026-05-02T03:23:48Z</time></trkpt><trkpt lat="35.8629646339" lon="139.4028779492"><ele>96.75</ele><time>2026-05-02T03:23:59Z</time></trkpt><trkpt lat="35.8631055336" lon="139.4026865065"><ele>93.39</ele><time>2026-05-02T03:24:11Z</time></trkpt><trkpt lat="35.8632580005" lon="139.4024568424"><ele>87.14</ele><time>2026-05-02T03:24:22Z</time></trkpt><trkpt lat="35.8634149935" lon="139.4022506475"><ele>76.56</ele><time>2026-05-02T03:24:31Z</time></trkpt><trkpt lat="35.8635726571" lon="139.4020165410"><ele>73.68</ele><time>2026-05-02T03:24:41Z</time></trkpt><trkpt lat="35.8637060132" lon="139.4017970189"><ele>72.24</ele><time>2026-05-02T03:24:50Z</time></trkpt><trkpt lat="35.8637196757" lon="139.4017762318"><ele>72.24</ele><time>2026-05-02T03:24:51Z</time></trkpt><trkpt lat="35.8637354337" lon="139.4017577916"><ele>72.24</ele><time>2026-05-02T03:24:52Z</time></trkpt><trkpt lat="35.8637520298" lon="139.4017400220"><ele>72.24</ele><time>2026-05-02T03:24:53Z</time></trkpt><trkpt lat="35.8637704700" lon="139.4017233420"><ele>72.24</ele><time>2026-05-02T03:24:54Z</time></trkpt><trkpt lat="35.8637850545" lon="139.4017095957"><ele>72.24</ele><time>2026-05-02T03:24:55Z</time></trkpt><trkpt lat="35.8638022374" lon="139.4016955141"><ele>72.24</ele><time>2026-05-02T03:24:56Z</time></trkpt><trkpt lat="35.8638198394" lon="139.4016760681"><ele>72.24</ele><time>2026-05-02T03:24:57Z</time></trkpt><trkpt lat="35.8638349269" lon="139.4016558677"><ele>72.72</ele><time>2026-05-02T03:24:58Z</time></trkpt><trkpt lat="35.8639731444" lon="139.4014928397"><ele>74.16</ele><time>2026-05-02T03:25:07Z</time></trkpt><trkpt lat="35.8641329873" lon="139.4012964517"><ele>77.04</ele><time>2026-05-02T03:25:17Z</time></trkpt><trkpt lat="35.8643231727" lon="139.4010598306"><ele>78.48</ele><time>2026-05-02T03:25:29Z</time></trkpt><trkpt lat="35.8645242546" lon="139.4009140693"><ele>79.45</ele><time>2026-05-02T03:25:40Z</time></trkpt><trkpt lat="35.8647193015" lon="139.4007922802"><ele>80.41</ele><time>2026-05-02T03:25:50Z</time></trkpt><trkpt lat="35.8648521546" lon="139.4006736763"><ele>79.45</ele><time>2026-05-02T03:25:59Z</time></trkpt><trkpt lat="35.8650740236" lon="139.4005765300"><ele>79.45</ele><time>2026-05-02T03:26:10Z</time></trkpt><trkpt lat="35.8652878460" lon="139.4004806411"><ele>78.97</ele><time>2026-05-02T03:26:20Z</time></trkpt><trkpt lat="35.8654790372" lon="139.4004220515"><ele>79.93</ele><time>2026-05-02T03:26:29Z</time></trkpt><trkpt lat="35.8656752575" lon="139.4002505578"><ele>81.85</ele><time>2026-05-02T03:26:39Z</time></trkpt><trkpt lat="35.8657862339" lon="139.4001462869"><ele>81.85</ele><time>2026-05-02T03:26:48Z</time></trkpt><trkpt lat="35.8658686280" lon="139.4000371546"><ele>80.89</ele><time>2026-05-02T03:26:59Z</time></trkpt><trkpt lat="35.8659975417" lon="139.3999157846"><ele>81.37</ele><time>2026-05-02T03:27:07Z</time></trkpt><trkpt lat="35.8661668561" lon="139.3997303769"><ele>78.48</ele><time>2026-05-02T03:27:17Z</time></trkpt><trkpt lat="35.8663398586" lon="139.3995361682"><ele>75.12</ele><time>2026-05-02T03:27:26Z</time></trkpt><trkpt lat="35.8665301278" lon="139.3993341643"><ele>72.24</ele><time>2026-05-02T03:27:37Z</time></trkpt><trkpt lat="35.8666949160" lon="139.3991019018"><ele>68.87</ele><time>2026-05-02T03:27:47Z</time></trkpt><trkpt lat="35.8668054733" lon="139.3989454955"><ele>68.87</ele><time>2026-05-02T03:27:56Z</time></trkpt><trkpt lat="35.8669622988" lon="139.3987268116"><ele>71.27</ele><time>2026-05-02T03:28:07Z</time></trkpt><trkpt lat="35.8670352213" lon="139.3985638674"><ele>73.20</ele><time>2026-05-02T03:28:17Z</time></trkpt><trkpt lat="35.8670252468" lon="139.3984930404"><ele>72.72</ele><time>2026-05-02T03:28:29Z</time></trkpt><trkpt lat="35.8670362271" lon="139.3984829821"><ele>72.24</ele><time>2026-05-02T03:28:37Z</time></trkpt><trkpt lat="35.8670521528" lon="139.3984725885"><ele>72.72</ele><time>2026-05-02T03:28:38Z</time></trkpt><trkpt lat="35.8670685813" lon="139.3984574173"><ele>72.72</ele><time>2026-05-02T03:28:39Z</time></trkpt><trkpt lat="35.8670820761" lon="139.3984424975"><ele>72.72</ele><time>2026-05-02T03:28:40Z</time></trkpt><trkpt lat="35.8670972474" lon="139.3984275777"><ele>72.72</ele><time>2026-05-02T03:28:41Z</time></trkpt><trkpt lat="35.8671121672" lon="139.3984134961"><ele>73.20</ele><time>2026-05-02T03:28:42Z</time></trkpt><trkpt lat="35.8671271708" lon="139.3984010071"><ele>73.20</ele><time>2026-05-02T03:28:43Z</time></trkpt><trkpt lat="35.8672591019" lon="139.3982431758"><ele>75.12</ele><time>2026-05-02T03:28:53Z</time></trkpt><trkpt lat="35.8673875965" lon="139.3981282599"><ele>75.60</ele><time>2026-05-02T03:29:03Z</time></trkpt><trkpt lat="35.8674026839" lon="139.3980746157"><ele>77.04</ele><time>2026-05-02T03:29:15Z</time></trkpt><trkpt lat="35.8673948050" lon="139.3980475422"><ele>78.00</ele><time>2026-05-02T03:29:26Z</time></trkpt><trkpt lat="35.8674421627" lon="139.3980357237"><ele>80.41</ele><time>2026-05-02T03:29:37Z</time></trkpt><trkpt lat="35.8674560767" lon="139.3980563432"><ele>80.89</ele><time>2026-05-02T03:29:51Z</time></trkpt><trkpt lat="35.8674314339" lon="139.3980334606"><ele>83.29</ele><time>2026-05-02T03:30:15Z</time></trkpt><trkpt lat="35.8673979901" lon="139.3979854323"><ele>84.73</ele><time>2026-05-02T03:30:46Z</time></trkpt><trkpt lat="35.8674090542" lon="139.3979542516"><ele>80.89</ele><time>2026-05-02T03:31:04Z</time></trkpt><trkpt lat="35.8675114810" lon="139.3979122583"><ele>80.41</ele><time>2026-05-02T03:31:17Z</time></trkpt><trkpt lat="35.8675657958" lon="139.3979038764"><ele>80.41</ele><time>2026-05-02T03:31:33Z</time></trkpt><trkpt lat="35.8675870858" lon="139.3978603743"><ele>78.48</ele><time>2026-05-02T03:31:43Z</time></trkpt><trkpt lat="35.8675903548" lon="139.3978323787"><ele>78.48</ele><time>2026-05-02T03:31:58Z</time></trkpt><trkpt lat="35.8675998263" lon="139.3978360668"><ele>80.89</ele><time>2026-05-02T03:32:26Z</time></trkpt><trkpt lat="35.8676191047" lon="139.3977704365"><ele>78.48</ele><time>2026-05-02T03:32:37Z</time></trkpt><trkpt lat="35.8677187655" lon="139.3976488989"><ele>78.48</ele><time>2026-05-02T03:32:50Z</time></trkpt><trkpt lat="35.8678301610" lon="139.3975249305"><ele>78.48</ele><time>2026-05-02T03:33:03Z</time></trkpt><trkpt lat="35.8679424785" lon="139.3973951787"><ele>81.37</ele><time>2026-05-02T03:33:16Z</time></trkpt><trkpt lat="35.8680509403" lon="139.3972453102"><ele>86.18</ele><time>2026-05-02T03:33:29Z</time></trkpt><trkpt lat="35.8681910858" lon="139.3970915023"><ele>88.58</ele><time>2026-05-02T03:33:38Z</time></trkpt><trkpt lat="35.8683812711" lon="139.3968889955"><ele>91.94</ele><time>2026-05-02T03:33:50Z</time></trkpt><trkpt lat="35.8684922475" lon="139.3967680447"><ele>94.35</ele><time>2026-05-02T03:34:01Z</time></trkpt><trkpt lat="35.8685979433" lon="139.3966496084"><ele>103.00</ele><time>2026-05-02T03:34:14Z</time></trkpt><trkpt lat="35.8686769847" lon="139.3965392187"><ele>110.21</ele><time>2026-05-02T03:34:26Z</time></trkpt><trkpt lat="35.8687652461" lon="139.3964485265"><ele>110.21</ele><time>2026-05-02T03:34:35Z</time></trkpt><trkpt lat="35.8689724468" lon="139.3963280786"><ele>104.92</ele><time>2026-05-02T03:34:49Z</time></trkpt><trkpt lat="35.8691338822" lon="139.3961328641"><ele>94.83</ele><time>2026-05-02T03:35:03Z</time></trkpt><trkpt lat="35.8693014365" lon="139.3959372304"><ele>90.02</ele><time>2026-05-02T03:35:13Z</time></trkpt><trkpt lat="35.8695362974" lon="139.3957216479"><ele>84.73</ele><time>2026-05-02T03:35:26Z</time></trkpt><trkpt lat="35.8697132394" lon="139.3955202308"><ele>82.81</ele><time>2026-05-02T03:35:37Z</time></trkpt><trkpt lat="35.8698474336" lon="139.3953763973"><ele>81.85</ele><time>2026-05-02T03:35:48Z</time></trkpt><trkpt lat="35.8699478488" lon="139.3952841125"><ele>81.85</ele><time>2026-05-02T03:36:00Z</time></trkpt><trkpt lat="35.8699645288" lon="139.3952610623"><ele>81.37</ele><time>2026-05-02T03:36:19Z</time></trkpt><trkpt lat="35.8700957056" lon="139.3950632494"><ele>83.77</ele><time>2026-05-02T03:36:29Z</time></trkpt><trkpt lat="35.8702448197" lon="139.3948998023"><ele>87.14</ele><time>2026-05-02T03:36:39Z</time></trkpt><trkpt lat="35.8704030700" lon="139.3946890812"><ele>90.02</ele><time>2026-05-02T03:36:50Z</time></trkpt><trkpt lat="35.8706101868" lon="139.3944704812"><ele>91.94</ele><time>2026-05-02T03:37:02Z</time></trkpt><trkpt lat="35.8707940020" lon="139.3942781165"><ele>89.54</ele><time>2026-05-02T03:37:12Z</time></trkpt><trkpt lat="35.8709846903" lon="139.3940297607"><ele>85.21</ele><time>2026-05-02T03:37:22Z</time></trkpt><trkpt lat="35.8711562678" lon="139.3938244879"><ele>83.77</ele><time>2026-05-02T03:37:32Z</time></trkpt><trkpt lat="35.8713151049" lon="139.3936569337"><ele>84.73</ele><time>2026-05-02T03:37:42Z</time></trkpt><trkpt lat="35.8714643028" lon="139.3934915587"><ele>87.62</ele><time>2026-05-02T03:37:52Z</time></trkpt><trkpt lat="35.8716243133" lon="139.3933149520"><ele>94.35</ele><time>2026-05-02T03:38:03Z</time></trkpt><trkpt lat="35.8718323521" lon="139.3931441288"><ele>101.56</ele><time>2026-05-02T03:38:14Z</time></trkpt><trkpt lat="35.8720297460" lon="139.3929936737"><ele>106.36</ele><time>2026-05-02T03:38:25Z</time></trkpt><trkpt lat="35.8722030837" lon="139.3928553723"><ele>103.96</ele><time>2026-05-02T03:38:34Z</time></trkpt><trkpt lat="35.8722835500" lon="139.3928064220"><ele>101.08</ele><time>2026-05-02T03:38:46Z</time></trkpt><trkpt lat="35.8723743260" lon="139.3927177414"><ele>97.71</ele><time>2026-05-02T03:38:57Z</time></trkpt><trkpt lat="35.8723795228" lon="139.3926982116"><ele>97.71</ele><time>2026-05-02T03:38:58Z</time></trkpt><trkpt lat="35.8723965380" lon="139.3926616665"><ele>97.71</ele><time>2026-05-02T03:39:00Z</time></trkpt><trkpt lat="35.8725491725" lon="139.3925346807"><ele>98.67</ele><time>2026-05-02T03:39:09Z</time></trkpt><trkpt lat="35.8727288805" lon="139.3923842255"><ele>98.19</ele><time>2026-05-02T03:39:18Z</time></trkpt><trkpt lat="35.8729359973" lon="139.3922263104"><ele>96.75</ele><time>2026-05-02T03:39:28Z</time></trkpt><trkpt lat="35.8731467184" lon="139.3920520507"><ele>95.79</ele><time>2026-05-02T03:39:39Z</time></trkpt><trkpt lat="35.8733593673" lon="139.3918793835"><ele>93.87</ele><time>2026-05-02T03:39:50Z</time></trkpt><trkpt lat="35.8735757880" lon="139.3916895334"><ele>92.90</ele><time>2026-05-02T03:40:02Z</time></trkpt><trkpt lat="35.8737663087" lon="139.3915464543"><ele>96.27</ele><time>2026-05-02T03:40:13Z</time></trkpt><trkpt lat="35.8739242237" lon="139.3914255034"><ele>95.31</ele><time>2026-05-02T03:40:22Z</time></trkpt><trkpt lat="35.8740896825" lon="139.3913430255"><ele>94.35</ele><time>2026-05-02T03:40:36Z</time></trkpt><trkpt lat="35.8741024230" lon="139.3913159519"><ele>93.39</ele><time>2026-05-02T03:40:51Z</time></trkpt><trkpt lat="35.8741147444" lon="139.3913024571"><ele>93.87</ele><time>2026-05-02T03:40:56Z</time></trkpt><trkpt lat="35.8741300832" lon="139.3912935723"><ele>93.39</ele><time>2026-05-02T03:40:57Z</time></trkpt><trkpt lat="35.8741486911" lon="139.3912835978"><ele>92.90</ele><time>2026-05-02T03:40:58Z</time></trkpt><trkpt lat="35.8742893394" lon="139.3911301252"><ele>90.98</ele><time>2026-05-02T03:41:08Z</time></trkpt><trkpt lat="35.8744295686" lon="139.3910212442"><ele>90.98</ele><time>2026-05-02T03:41:16Z</time></trkpt><trkpt lat="35.8745728154" lon="139.3908670172"><ele>90.02</ele><time>2026-05-02T03:41:25Z</time></trkpt><trkpt lat="35.8747313172" lon="139.3907534424"><ele>90.98</ele><time>2026-05-02T03:41:34Z</time></trkpt><trkpt lat="35.8749286272" lon="139.3905806914"><ele>89.54</ele><time>2026-05-02T03:41:44Z</time></trkpt><trkpt lat="35.8750749752" lon="139.3904295657"><ele>91.46</ele><time>2026-05-02T03:41:54Z</time></trkpt><trkpt lat="35.8752801642" lon="139.3902640231"><ele>95.31</ele><time>2026-05-02T03:42:05Z</time></trkpt><trkpt lat="35.8754496463" lon="139.3901237100"><ele>98.19</ele><time>2026-05-02T03:42:14Z</time></trkpt><trkpt lat="35.8756508958" lon="139.3899827264"><ele>94.83</ele><time>2026-05-02T03:42:23Z</time></trkpt><trkpt lat="35.8758464456" lon="139.3898370489"><ele>91.46</ele><time>2026-05-02T03:42:33Z</time></trkpt><trkpt lat="35.8760007564" lon="139.3896921258"><ele>85.69</ele><time>2026-05-02T03:42:46Z</time></trkpt><trkpt lat="35.8760889340" lon="139.3896109890"><ele>83.77</ele><time>2026-05-02T03:42:55Z</time></trkpt><trkpt lat="35.8760997467" lon="139.3896041997"><ele>83.77</ele><time>2026-05-02T03:42:56Z</time></trkpt><trkpt lat="35.8761666343" lon="139.3895425927"><ele>83.77</ele><time>2026-05-02T03:43:08Z</time></trkpt><trkpt lat="35.8762339409" lon="139.3894876074"><ele>83.29</ele><time>2026-05-02T03:43:22Z</time></trkpt><trkpt lat="35.8764068596" lon="139.3893809896"><ele>81.85</ele><time>2026-05-02T03:43:35Z</time></trkpt><trkpt lat="35.8764415607" lon="139.3893630523"><ele>81.85</ele><time>2026-05-02T03:43:37Z</time></trkpt><trkpt lat="35.8764621802" lon="139.3893548381"><ele>81.85</ele><time>2026-05-02T03:43:38Z</time></trkpt><trkpt lat="35.8766292315" lon="139.3892229907"><ele>83.77</ele><time>2026-05-02T03:43:51Z</time></trkpt><trkpt lat="35.8766900003" lon="139.3891535886"><ele>86.18</ele><time>2026-05-02T03:44:04Z</time></trkpt><trkpt lat="35.8767204266" lon="139.3891287781"><ele>86.66</ele><time>2026-05-02T03:44:15Z</time></trkpt><trkpt lat="35.8769025654" lon="139.3890432827"><ele>85.69</ele><time>2026-05-02T03:44:32Z</time></trkpt><trkpt lat="35.8770964388" lon="139.3889274448"><ele>86.66</ele><time>2026-05-02T03:44:43Z</time></trkpt><trkpt lat="35.8772981912" lon="139.3887898140"><ele>87.62</ele><time>2026-05-02T03:44:54Z</time></trkpt><trkpt lat="35.8774543460" lon="139.3887451384"><ele>86.18</ele><time>2026-05-02T03:45:03Z</time></trkpt><trkpt lat="35.8775078226" lon="139.3887359183"><ele>86.66</ele><time>2026-05-02T03:45:16Z</time></trkpt><trkpt lat="35.8775420208" lon="139.3886893988"><ele>87.62</ele><time>2026-05-02T03:45:22Z</time></trkpt><trkpt lat="35.8775485586" lon="139.3886735570"><ele>88.10</ele><time>2026-05-02T03:45:23Z</time></trkpt><trkpt lat="35.8776851837" lon="139.3885226827"><ele>87.14</ele><time>2026-05-02T03:45:33Z</time></trkpt><trkpt lat="35.8778685797" lon="139.3883822858"><ele>85.21</ele><time>2026-05-02T03:45:44Z</time></trkpt><trkpt lat="35.8780567534" lon="139.3882424757"><ele>81.85</ele><time>2026-05-02T03:45:54Z</time></trkpt><trkpt lat="35.8783077914" lon="139.3880491052"><ele>77.52</ele><time>2026-05-02T03:46:05Z</time></trkpt><trkpt lat="35.8784248028" lon="139.3879501149"><ele>77.52</ele><time>2026-05-02T03:46:13Z</time></trkpt><trkpt lat="35.8784397226" lon="139.3879382126"><ele>78.00</ele><time>2026-05-02T03:46:14Z</time></trkpt><trkpt lat="35.8784532174" lon="139.3879216164"><ele>78.48</ele><time>2026-05-02T03:46:15Z</time></trkpt><trkpt lat="35.8784862421" lon="139.3878832273"><ele>79.45</ele><time>2026-05-02T03:46:18Z</time></trkpt><trkpt lat="35.8785048500" lon="139.3878729176"><ele>79.93</ele><time>2026-05-02T03:46:19Z</time></trkpt><trkpt lat="35.8786801156" lon="139.3877253123"><ele>80.41</ele><time>2026-05-02T03:46:29Z</time></trkpt><trkpt lat="35.8787367772" lon="139.3876759429"><ele>80.89</ele><time>2026-05-02T03:46:32Z</time></trkpt><trkpt lat="35.8787599951" lon="139.3876618613"><ele>80.41</ele><time>2026-05-02T03:46:33Z</time></trkpt><trkpt lat="35.8787815366" lon="139.3876485340"><ele>80.41</ele><time>2026-05-02T03:46:34Z</time></trkpt><trkpt lat="35.8788041677" lon="139.3876380567"><ele>80.41</ele><time>2026-05-02T03:46:35Z</time></trkpt><trkpt lat="35.8788256254" lon="139.3876272440"><ele>79.93</ele><time>2026-05-02T03:46:36Z</time></trkpt><trkpt lat="35.8788461611" lon="139.3876158446"><ele>79.93</ele><time>2026-05-02T03:46:37Z</time></trkpt><trkpt lat="35.8788665291" lon="139.3876033556"><ele>79.93</ele><time>2026-05-02T03:46:38Z</time></trkpt><trkpt lat="35.8788841311" lon="139.3875868432"><ele>79.45</ele><time>2026-05-02T03:46:39Z</time></trkpt><trkpt lat="35.8789034933" lon="139.3875727616"><ele>79.45</ele><time>2026-05-02T03:46:40Z</time></trkpt><trkpt lat="35.8789231908" lon="139.3875600211"><ele>78.97</ele><time>2026-05-02T03:46:41Z</time></trkpt><trkpt lat="35.8789434750" lon="139.3875451852"><ele>78.97</ele><time>2026-05-02T03:46:42Z</time></trkpt><trkpt lat="35.8789640944" lon="139.3875299301"><ele>78.48</ele><time>2026-05-02T03:46:43Z</time></trkpt><trkpt lat="35.8791487478" lon="139.3873452768"><ele>77.52</ele><time>2026-05-02T03:46:53Z</time></trkpt><trkpt lat="35.8793570381" lon="139.3872113340"><ele>76.08</ele><time>2026-05-02T03:47:03Z</time></trkpt><trkpt lat="35.8795519173" lon="139.3871219829"><ele>74.64</ele><time>2026-05-02T03:47:12Z</time></trkpt><trkpt lat="35.8797657397" lon="139.3871027883"><ele>73.68</ele><time>2026-05-02T03:47:22Z</time></trkpt><trkpt lat="35.8800131734" lon="139.3870900478"><ele>72.72</ele><time>2026-05-02T03:47:33Z</time></trkpt><trkpt lat="35.8802091423" lon="139.3870707694"><ele>73.68</ele><time>2026-05-02T03:47:42Z</time></trkpt><trkpt lat="35.8804684784" lon="139.3870492280"><ele>74.16</ele><time>2026-05-02T03:47:53Z</time></trkpt><trkpt lat="35.8806962986" lon="139.3869934045"><ele>71.76</ele><time>2026-05-02T03:48:03Z</time></trkpt><trkpt lat="35.8808957040" lon="139.3869373295"><ele>69.83</ele><time>2026-05-02T03:48:16Z</time></trkpt><trkpt lat="35.8810102008" lon="139.3868802488"><ele>69.35</ele><time>2026-05-02T03:48:26Z</time></trkpt><trkpt lat="35.8810216840" lon="139.3868759740"><ele>69.83</ele><time>2026-05-02T03:48:27Z</time></trkpt><trkpt lat="35.8810355980" lon="139.3867909815"><ele>70.79</ele><time>2026-05-02T03:48:38Z</time></trkpt><trkpt lat="35.8810526133" lon="139.3867406901"><ele>71.27</ele><time>2026-05-02T03:48:54Z</time></trkpt><trkpt lat="35.8810646832" lon="139.3866826873"><ele>71.27</ele><time>2026-05-02T03:49:06Z</time></trkpt><trkpt lat="35.8810822852" lon="139.3865312263"><ele>71.27</ele><time>2026-05-02T03:49:23Z</time></trkpt><trkpt lat="35.8812050801" lon="139.3867225014"><ele>71.76</ele><time>2026-05-02T03:50:48Z</time></trkpt><trkpt lat="35.8812085167" lon="139.3867274467"><ele>71.76</ele><time>2026-05-02T03:50:49Z</time></trkpt><trkpt lat="35.8811092749" lon="139.3867857009"><ele>73.68</ele><time>2026-05-02T03:50:58Z</time></trkpt><trkpt lat="35.8810989652" lon="139.3867742177"><ele>65.99</ele><time>2026-05-02T03:51:16Z</time></trkpt><trkpt lat="35.8810797706" lon="139.3867597170"><ele>69.35</ele><time>2026-05-02T03:51:35Z</time></trkpt><trkpt lat="35.8810791001" lon="139.3867491558"><ele>66.95</ele><time>2026-05-02T03:51:55Z</time></trkpt><trkpt lat="35.8810837101" lon="139.3867616449"><ele>69.35</ele><time>2026-05-02T03:52:17Z</time></trkpt><trkpt lat="35.8810873982" lon="139.3867496587"><ele>66.95</ele><time>2026-05-02T03:52:36Z</time></trkpt><trkpt lat="35.8811692894" lon="139.3867236748"><ele>61.18</ele><time>2026-05-02T03:53:08Z</time></trkpt><trkpt lat="35.8811818622" lon="139.3867683504"><ele>61.66</ele><time>2026-05-02T03:53:33Z</time></trkpt><trkpt lat="35.8811307326" lon="139.3867651653"><ele>64.55</ele><time>2026-05-02T03:53:50Z</time></trkpt><trkpt lat="35.8811168186" lon="139.3867887184"><ele>59.26</ele><time>2026-05-02T03:54:16Z</time></trkpt><trkpt lat="35.8811500110" lon="139.3868470564"><ele>64.55</ele><time>2026-05-02T03:54:44Z</time></trkpt><trkpt lat="35.8810904995" lon="139.3868204020"><ele>64.55</ele><time>2026-05-02T03:55:11Z</time></trkpt><trkpt lat="35.8810934331" lon="139.3867814261"><ele>64.55</ele><time>2026-05-02T03:55:39Z</time></trkpt><trkpt lat="35.8810366038" lon="139.3868184742"><ele>69.83</ele><time>2026-05-02T03:56:07Z</time></trkpt><trkpt lat="35.8810770046" lon="139.3867755588"><ele>72.24</ele><time>2026-05-02T03:56:31Z</time></trkpt><trkpt lat="35.8811178245" lon="139.3867985252"><ele>82.33</ele><time>2026-05-02T03:56:42Z</time></trkpt><trkpt lat="35.8812088519" lon="139.3868202344"><ele>83.29</ele><time>2026-05-02T03:56:50Z</time></trkpt><trkpt lat="35.8813441359" lon="139.3868135288"><ele>78.97</ele><time>2026-05-02T03:57:03Z</time></trkpt><trkpt lat="35.8813381847" lon="139.3868012913"><ele>80.41</ele><time>2026-05-02T03:57:22Z</time></trkpt><trkpt lat="35.8813388553" lon="139.3868007883"><ele>80.41</ele><time>2026-05-02T03:57:23Z</time></trkpt><trkpt lat="35.8814154658" lon="139.3867882993"><ele>79.93</ele><time>2026-05-02T03:57:27Z</time></trkpt><trkpt lat="35.8816285338" lon="139.3868124392"><ele>78.97</ele><time>2026-05-02T03:57:37Z</time></trkpt><trkpt lat="35.8818711061" lon="139.3867815938"><ele>76.56</ele><time>2026-05-02T03:57:47Z</time></trkpt><trkpt lat="35.8821417578" lon="139.3867330626"><ele>75.60</ele><time>2026-05-02T03:57:58Z</time></trkpt><trkpt lat="35.8823895268" lon="139.3866975233"><ele>75.12</ele><time>2026-05-02T03:58:08Z</time></trkpt><trkpt lat="35.8826714940" lon="139.3866375927"><ele>76.56</ele><time>2026-05-02T03:58:20Z</time></trkpt><trkpt lat="35.8829118870" lon="139.3865288794"><ele>75.60</ele><time>2026-05-02T03:58:31Z</time></trkpt><trkpt lat="35.8831509389" lon="139.3864369299"><ele>76.56</ele><time>2026-05-02T03:58:42Z</time></trkpt><trkpt lat="35.8833241090" lon="139.3863718025"><ele>76.08</ele><time>2026-05-02T03:58:51Z</time></trkpt><trkpt lat="35.8834422939" lon="139.3863332458"><ele>78.97</ele><time>2026-05-02T03:59:03Z</time></trkpt><trkpt lat="35.8834868018" lon="139.3863215949"><ele>79.45</ele><time>2026-05-02T03:59:04Z</time></trkpt><trkpt lat="35.8835079242" lon="139.3862931803"><ele>79.45</ele><time>2026-05-02T03:59:05Z</time></trkpt><trkpt lat="35.8835167252" lon="139.3862609938"><ele>79.93</ele><time>2026-05-02T03:59:06Z</time></trkpt><trkpt lat="35.8835470676" lon="139.3862525281"><ele>79.93</ele><time>2026-05-02T03:59:07Z</time></trkpt><trkpt lat="35.8835846186" lon="139.3862408772"><ele>79.93</ele><time>2026-05-02T03:59:08Z</time></trkpt><trkpt lat="35.8839170448" lon="139.3860873207"><ele>75.60</ele><time>2026-05-02T03:59:19Z</time></trkpt><trkpt lat="35.8841774706" lon="139.3859489355"><ele>74.64</ele><time>2026-05-02T03:59:32Z</time></trkpt><trkpt lat="35.8843674883" lon="139.3858782761"><ele>75.12</ele><time>2026-05-02T03:59:41Z</time></trkpt><trkpt lat="35.8845221344" lon="139.3858154956"><ele>78.48</ele><time>2026-05-02T03:59:49Z</time></trkpt><trkpt lat="35.8846780378" lon="139.3857407290"><ele>73.20</ele><time>2026-05-02T04:00:04Z</time></trkpt><trkpt lat="35.8847084641" lon="139.3857013341"><ele>69.83</ele><time>2026-05-02T04:00:13Z</time></trkpt><trkpt lat="35.8847189415" lon="139.3856991548"><ele>69.83</ele><time>2026-05-02T04:00:14Z</time></trkpt><trkpt lat="35.8847299218" lon="139.3856938742"><ele>69.83</ele><time>2026-05-02T04:00:15Z</time></trkpt><trkpt lat="35.8847386390" lon="139.3856882583"><ele>69.83</ele><time>2026-05-02T04:00:16Z</time></trkpt><trkpt lat="35.8848667983" lon="139.3856567424"><ele>69.35</ele><time>2026-05-02T04:00:28Z</time></trkpt><trkpt lat="35.8848921955" lon="139.3856151681"><ele>69.35</ele><time>2026-05-02T04:00:37Z</time></trkpt><trkpt lat="35.8849048521" lon="139.3856067862"><ele>69.35</ele><time>2026-05-02T04:00:38Z</time></trkpt><trkpt lat="35.8851034194" lon="139.3854656350"><ele>67.91</ele><time>2026-05-02T04:00:48Z</time></trkpt><trkpt lat="35.8852829598" lon="139.3853116594"><ele>66.47</ele><time>2026-05-02T04:00:58Z</time></trkpt><trkpt lat="35.8854512684" lon="139.3851305265"><ele>65.99</ele><time>2026-05-02T04:01:08Z</time></trkpt><trkpt lat="35.8855913300" lon="139.3849752937"><ele>69.35</ele><time>2026-05-02T04:01:18Z</time></trkpt><trkpt lat="35.8857791685" lon="139.3848086614"><ele>81.37</ele><time>2026-05-02T04:01:31Z</time></trkpt><trkpt lat="35.8859276120" lon="139.3846383411"><ele>88.58</ele><time>2026-05-02T04:01:42Z</time></trkpt><trkpt lat="35.8860125206" lon="139.3845411111"><ele>92.42</ele><time>2026-05-02T04:01:48Z</time></trkpt><trkpt lat="35.8860271052" lon="139.3845267780"><ele>92.90</ele><time>2026-05-02T04:01:49Z</time></trkpt><trkpt lat="35.8861586172" lon="139.3843090162"><ele>95.79</ele><time>2026-05-02T04:01:59Z</time></trkpt><trkpt lat="35.8862538356" lon="139.3840743229"><ele>94.83</ele><time>2026-05-02T04:02:08Z</time></trkpt><trkpt lat="35.8863769658" lon="139.3837498594"><ele>90.50</ele><time>2026-05-02T04:02:19Z</time></trkpt><trkpt lat="35.8865088969" lon="139.3834759388"><ele>89.06</ele><time>2026-05-02T04:02:30Z</time></trkpt><trkpt lat="35.8866290934" lon="139.3831541575"><ele>83.29</ele><time>2026-05-02T04:02:41Z</time></trkpt><trkpt lat="35.8867390640" lon="139.3828741182"><ele>78.48</ele><time>2026-05-02T04:02:51Z</time></trkpt><trkpt lat="35.8868451789" lon="139.3826502375"><ele>77.52</ele><time>2026-05-02T04:03:01Z</time></trkpt><trkpt lat="35.8869569935" lon="139.3824184779"><ele>77.52</ele><time>2026-05-02T04:03:11Z</time></trkpt><trkpt lat="35.8870786149" lon="139.3821701221"><ele>78.00</ele><time>2026-05-02T04:03:22Z</time></trkpt><trkpt lat="35.8871707320" lon="139.3819184974"><ele>79.45</ele><time>2026-05-02T04:03:33Z</time></trkpt><trkpt lat="35.8872565627" lon="139.3816217780"><ele>82.81</ele><time>2026-05-02T04:03:45Z</time></trkpt><trkpt lat="35.8873358555" lon="139.3813488632"><ele>84.73</ele><time>2026-05-02T04:03:57Z</time></trkpt><trkpt lat="35.8873812854" lon="139.3811440095"><ele>87.14</ele><time>2026-05-02T04:04:06Z</time></trkpt><trkpt lat="35.8873891644" lon="139.3811208755"><ele>87.14</ele><time>2026-05-02T04:04:07Z</time></trkpt><trkpt lat="35.8874501847" lon="139.3808893673"><ele>90.02</ele><time>2026-05-02T04:04:18Z</time></trkpt><trkpt lat="35.8874596562" lon="139.3808690831"><ele>90.50</ele><time>2026-05-02T04:04:20Z</time></trkpt><trkpt lat="35.8874788508" lon="139.3808570970"><ele>90.50</ele><time>2026-05-02T04:04:21Z</time></trkpt><trkpt lat="35.8874959499" lon="139.3808447756"><ele>90.98</ele><time>2026-05-02T04:04:22Z</time></trkpt><trkpt lat="35.8875075169" lon="139.3808318675"><ele>91.46</ele><time>2026-05-02T04:04:23Z</time></trkpt><trkpt lat="35.8875153121" lon="139.3808179535"><ele>91.46</ele><time>2026-05-02T04:04:24Z</time></trkpt><trkpt lat="35.8875190839" lon="139.3807984237"><ele>91.94</ele><time>2026-05-02T04:04:25Z</time></trkpt><trkpt lat="35.8875210956" lon="139.3807783071"><ele>91.94</ele><time>2026-05-02T04:04:26Z</time></trkpt><trkpt lat="35.8875259571" lon="139.3807168677"><ele>93.39</ele><time>2026-05-02T04:04:36Z</time></trkpt><trkpt lat="35.8875167370" lon="139.3806568533"><ele>93.87</ele><time>2026-05-02T04:04:49Z</time></trkpt><trkpt lat="35.8875806909" lon="139.3804580346"><ele>96.27</ele><time>2026-05-02T04:04:59Z</time></trkpt><trkpt lat="35.8876702935" lon="139.3801541068"><ele>98.67</ele><time>2026-05-02T04:05:12Z</time></trkpt><trkpt lat="35.8877578005" lon="139.3798650149"><ele>97.23</ele><time>2026-05-02T04:05:24Z</time></trkpt><trkpt lat="35.8878362551" lon="139.3796098698"><ele>96.75</ele><time>2026-05-02T04:05:35Z</time></trkpt><trkpt lat="35.8879089262" lon="139.3793011643"><ele>97.23</ele><time>2026-05-02T04:05:47Z</time></trkpt><trkpt lat="35.8879846148" lon="139.3790428340"><ele>97.71</ele><time>2026-05-02T04:05:57Z</time></trkpt><trkpt lat="35.8880175557" lon="139.3788808119"><ele>98.67</ele><time>2026-05-02T04:06:06Z</time></trkpt><trkpt lat="35.8880429529" lon="139.3787899520"><ele>101.08</ele><time>2026-05-02T04:06:18Z</time></trkpt><trkpt lat="35.8880648296" lon="139.3786894530"><ele>98.67</ele><time>2026-05-02T04:06:30Z</time></trkpt><trkpt lat="35.8880698588" lon="139.3786626309"><ele>98.19</ele><time>2026-05-02T04:06:31Z</time></trkpt><trkpt lat="35.8880779892" lon="139.3786393292"><ele>97.71</ele><time>2026-05-02T04:06:32Z</time></trkpt><trkpt lat="35.8881273586" lon="139.3785131816"><ele>99.63</ele><time>2026-05-02T04:06:43Z</time></trkpt><trkpt lat="35.8880950045" lon="139.3784567714"><ele>102.52</ele><time>2026-05-02T04:07:04Z</time></trkpt><trkpt lat="35.8881315496" lon="139.3783707730"><ele>101.56</ele><time>2026-05-02T04:07:15Z</time></trkpt><trkpt lat="35.8881530911" lon="139.3782766443"><ele>98.67</ele><time>2026-05-02T04:07:25Z</time></trkpt><trkpt lat="35.8881913964" lon="139.3781629857"><ele>97.71</ele><time>2026-05-02T04:07:39Z</time></trkpt><trkpt lat="35.8882179670" lon="139.3781150412"><ele>95.31</ele><time>2026-05-02T04:07:56Z</time></trkpt><trkpt lat="35.8882545959" lon="139.3779464811"><ele>94.83</ele><time>2026-05-02T04:08:09Z</time></trkpt><trkpt lat="35.8883281052" lon="139.3776848819"><ele>92.90</ele><time>2026-05-02T04:08:19Z</time></trkpt><trkpt lat="35.8884092420" lon="139.3774164096"><ele>90.02</ele><time>2026-05-02T04:08:29Z</time></trkpt><trkpt lat="35.8885133453" lon="139.3771570735"><ele>92.42</ele><time>2026-05-02T04:08:40Z</time></trkpt><trkpt lat="35.8886001818" lon="139.3769269064"><ele>94.83</ele><time>2026-05-02T04:08:50Z</time></trkpt><trkpt lat="35.8886782173" lon="139.3766868487"><ele>95.79</ele><time>2026-05-02T04:09:00Z</time></trkpt><trkpt lat="35.8887656406" lon="139.3764128443"><ele>96.27</ele><time>2026-05-02T04:09:11Z</time></trkpt><trkpt lat="35.8888456039" lon="139.3761447072"><ele>94.35</ele><time>2026-05-02T04:09:21Z</time></trkpt><trkpt lat="35.8889193647" lon="139.3757790886"><ele>87.14</ele><time>2026-05-02T04:09:33Z</time></trkpt><trkpt lat="35.8890153375" lon="139.3754938524"><ele>86.18</ele><time>2026-05-02T04:09:44Z</time></trkpt><trkpt lat="35.8891089633" lon="139.3752139807"><ele>84.73</ele><time>2026-05-02T04:09:55Z</time></trkpt><trkpt lat="35.8891911060" lon="139.3749849871"><ele>85.69</ele><time>2026-05-02T04:10:05Z</time></trkpt><trkpt lat="35.8892966341" lon="139.3747186102"><ele>86.18</ele><time>2026-05-02T04:10:16Z</time></trkpt><trkpt lat="35.8894353546" lon="139.3744973280"><ele>88.10</ele><time>2026-05-02T04:10:27Z</time></trkpt><trkpt lat="35.8895569760" lon="139.3743288517"><ele>89.54</ele><time>2026-05-02T04:10:36Z</time></trkpt><trkpt lat="35.8897194173" lon="139.3740271032"><ele>86.66</ele><time>2026-05-02T04:10:48Z</time></trkpt><trkpt lat="35.8898182400" lon="139.3738440424"><ele>84.73</ele><time>2026-05-02T04:10:59Z</time></trkpt><trkpt lat="35.8898360934" lon="139.3738432042"><ele>84.73</ele><time>2026-05-02T04:11:01Z</time></trkpt><trkpt lat="35.8898521028" lon="139.3737582956"><ele>83.29</ele><time>2026-05-02T04:11:14Z</time></trkpt><trkpt lat="35.8898614068" lon="139.3737245165"><ele>85.21</ele><time>2026-05-02T04:11:27Z</time></trkpt><trkpt lat="35.8898989577" lon="139.3737287074"><ele>84.73</ele><time>2026-05-02T04:11:41Z</time></trkpt><trkpt lat="35.8899502549" lon="139.3736620713"><ele>82.33</ele><time>2026-05-02T04:11:51Z</time></trkpt><trkpt lat="35.8899776638" lon="139.3736852892"><ele>80.41</ele><time>2026-05-02T04:12:05Z</time></trkpt><trkpt lat="35.8900079224" lon="139.3736235145"><ele>78.97</ele><time>2026-05-02T04:12:15Z</time></trkpt><trkpt lat="35.8900051564" lon="139.3735843711"><ele>77.52</ele><time>2026-05-02T04:12:26Z</time></trkpt><trkpt lat="35.8900386840" lon="139.3735447247"><ele>75.60</ele><time>2026-05-02T04:12:35Z</time></trkpt><trkpt lat="35.8900370914" lon="139.3735295534"><ele>76.56</ele><time>2026-05-02T04:12:47Z</time></trkpt><trkpt lat="35.8900501672" lon="139.3734886497"><ele>75.60</ele><time>2026-05-02T04:12:59Z</time></trkpt><trkpt lat="35.8900378458" lon="139.3734642584"><ele>75.60</ele><time>2026-05-02T04:13:00Z</time></trkpt><trkpt lat="35.8900337387" lon="139.3734402861"><ele>75.60</ele><time>2026-05-02T04:13:01Z</time></trkpt><trkpt lat="35.8900357503" lon="139.3734167330"><ele>75.60</ele><time>2026-05-02T04:13:02Z</time></trkpt><trkpt lat="35.8900410309" lon="139.3733930122"><ele>75.12</ele><time>2026-05-02T04:13:03Z</time></trkpt><trkpt lat="35.8901089244" lon="139.3731514458"><ele>74.64</ele><time>2026-05-02T04:13:13Z</time></trkpt><trkpt lat="35.8901840262" lon="139.3728973065"><ele>74.16</ele><time>2026-05-02T04:13:23Z</time></trkpt><trkpt lat="35.8903076593" lon="139.3726875074"><ele>73.20</ele><time>2026-05-02T04:13:32Z</time></trkpt><trkpt lat="35.8905063104" lon="139.3725674786"><ele>70.79</ele><time>2026-05-02T04:13:42Z</time></trkpt><trkpt lat="35.8905592002" lon="139.3725108169"><ele>68.39</ele><time>2026-05-02T04:13:51Z</time></trkpt><trkpt lat="35.8905864414" lon="139.3724823184"><ele>65.03</ele><time>2026-05-02T04:14:08Z</time></trkpt><trkpt lat="35.8906183764" lon="139.3724817317"><ele>65.51</ele><time>2026-05-02T04:14:18Z</time></trkpt><trkpt lat="35.8906516526" lon="139.3724618666"><ele>66.47</ele><time>2026-05-02T04:14:34Z</time></trkpt><trkpt lat="35.8907898702" lon="139.3724070489"><ele>65.99</ele><time>2026-05-02T04:14:43Z</time></trkpt><trkpt lat="35.8909834083" lon="139.3722748663"><ele>65.99</ele><time>2026-05-02T04:14:54Z</time></trkpt><trkpt lat="35.8909905329" lon="139.3722553365"><ele>66.47</ele><time>2026-05-02T04:15:06Z</time></trkpt><trkpt lat="35.8909675665" lon="139.3722430989"><ele>67.43</ele><time>2026-05-02T04:15:29Z</time></trkpt><trkpt lat="35.8911016770" lon="139.3721733615"><ele>66.95</ele><time>2026-05-02T04:15:38Z</time></trkpt><trkpt lat="35.8912813850" lon="139.3720355630"><ele>67.43</ele><time>2026-05-02T04:15:49Z</time></trkpt><trkpt lat="35.8913968876" lon="139.3719695136"><ele>68.39</ele><time>2026-05-02T04:15:59Z</time></trkpt><trkpt lat="35.8914756775" lon="139.3719503190"><ele>69.83</ele><time>2026-05-02T04:16:10Z</time></trkpt><trkpt lat="35.8916961215" lon="139.3718935736"><ele>70.79</ele><time>2026-05-02T04:16:22Z</time></trkpt><trkpt lat="35.8918366861" lon="139.3718217406"><ele>73.68</ele><time>2026-05-02T04:16:32Z</time></trkpt><trkpt lat="35.8919993788" lon="139.3716831878"><ele>78.48</ele><time>2026-05-02T04:16:44Z</time></trkpt><trkpt lat="35.8921701182" lon="139.3715933338"><ele>82.33</ele><time>2026-05-02T04:16:55Z</time></trkpt><trkpt lat="35.8922412805" lon="139.3715031445"><ele>88.10</ele><time>2026-05-02T04:17:06Z</time></trkpt><trkpt lat="35.8923583757" lon="139.3713324051"><ele>90.02</ele><time>2026-05-02T04:17:16Z</time></trkpt><trkpt lat="35.8925189730" lon="139.3711121287"><ele>95.31</ele><time>2026-05-02T04:17:28Z</time></trkpt><trkpt lat="35.8926714398" lon="139.3709522858"><ele>97.23</ele><time>2026-05-02T04:17:38Z</time></trkpt><trkpt lat="35.8928046282" lon="139.3706874177"><ele>97.71</ele><time>2026-05-02T04:17:50Z</time></trkpt><trkpt lat="35.8928586077" lon="139.3705830630"><ele>99.63</ele><time>2026-05-02T04:17:58Z</time></trkpt><trkpt lat="35.8928789757" lon="139.3705618568"><ele>100.11</ele><time>2026-05-02T04:18:01Z</time></trkpt><trkpt lat="35.8928884473" lon="139.3705518823"><ele>100.60</ele><time>2026-05-02T04:18:02Z</time></trkpt><trkpt lat="35.8928970806" lon="139.3705399800"><ele>100.60</ele><time>2026-05-02T04:18:03Z</time></trkpt><trkpt lat="35.8930270839" lon="139.3703041133"><ele>99.63</ele><time>2026-05-02T04:18:14Z</time></trkpt><trkpt lat="35.8931518067" lon="139.3700348865"><ele>99.63</ele><time>2026-05-02T04:18:25Z</time></trkpt><trkpt lat="35.8932528924" lon="139.3698333018"><ele>97.23</ele><time>2026-05-02T04:18:34Z</time></trkpt><trkpt lat="35.8933927026" lon="139.3695411086"><ele>93.39</ele><time>2026-05-02T04:18:46Z</time></trkpt><trkpt lat="35.8935136534" lon="139.3693520129"><ele>91.94</ele><time>2026-05-02T04:18:57Z</time></trkpt><trkpt lat="35.8936561458" lon="139.3691056687"><ele>87.62</ele><time>2026-05-02T04:19:08Z</time></trkpt><trkpt lat="35.8938296512" lon="139.3689044192"><ele>85.21</ele><time>2026-05-02T04:19:18Z</time></trkpt><trkpt lat="35.8939974569" lon="139.3686595000"><ele>86.18</ele><time>2026-05-02T04:19:29Z</time></trkpt><trkpt lat="35.8941515163" lon="139.3684847374"><ele>86.66</ele><time>2026-05-02T04:19:38Z</time></trkpt><trkpt lat="35.8942909911" lon="139.3682867568"><ele>87.62</ele><time>2026-05-02T04:19:47Z</time></trkpt><trkpt lat="35.8944844455" lon="139.3680860102"><ele>86.18</ele><time>2026-05-02T04:19:58Z</time></trkpt><trkpt lat="35.8946944959" lon="139.3678880297"><ele>85.69</ele><time>2026-05-02T04:20:10Z</time></trkpt><trkpt lat="35.8949192986" lon="139.3676943239"><ele>83.29</ele><time>2026-05-02T04:20:22Z</time></trkpt><trkpt lat="35.8950773813" lon="139.3676071521"><ele>80.41</ele><time>2026-05-02T04:20:33Z</time></trkpt><trkpt lat="35.8952330332" lon="139.3675188906"><ele>77.04</ele><time>2026-05-02T04:20:43Z</time></trkpt><trkpt lat="35.8953041118" lon="139.3675245903"><ele>72.72</ele><time>2026-05-02T04:20:55Z</time></trkpt><trkpt lat="35.8953943010" lon="139.3674961757"><ele>71.27</ele><time>2026-05-02T04:21:08Z</time></trkpt><trkpt lat="35.8953782916" lon="139.3674902245"><ele>73.68</ele><time>2026-05-02T04:21:20Z</time></trkpt><trkpt lat="35.8953824826" lon="139.3675137777"><ele>74.64</ele><time>2026-05-02T04:21:29Z</time></trkpt><trkpt lat="35.8954251464" lon="139.3676095828"><ele>76.08</ele><time>2026-05-02T04:21:45Z</time></trkpt><trkpt lat="35.8954404853" lon="139.3677778915"><ele>79.45</ele><time>2026-05-02T04:21:58Z</time></trkpt><trkpt lat="35.8954429999" lon="139.3677948229"><ele>79.45</ele><time>2026-05-02T04:21:59Z</time></trkpt><trkpt lat="35.8954452630" lon="139.3678675778"><ele>81.37</ele><time>2026-05-02T04:22:04Z</time></trkpt><trkpt lat="35.8954455983" lon="139.3679451104"><ele>82.81</ele><time>2026-05-02T04:22:09Z</time></trkpt><trkpt lat="35.8954736777" lon="139.3681290932"><ele>88.10</ele><time>2026-05-02T04:22:22Z</time></trkpt><trkpt lat="35.8954789583" lon="139.3682125770"><ele>90.98</ele><time>2026-05-02T04:22:32Z</time></trkpt><trkpt lat="35.8954685647" lon="139.3683019280"><ele>91.46</ele><time>2026-05-02T04:22:46Z</time></trkpt><trkpt lat="35.8954637032" lon="139.3683150876"><ele>94.83</ele><time>2026-05-02T04:22:56Z</time></trkpt><trkpt lat="35.8954958897" lon="139.3682852481"><ele>95.31</ele><time>2026-05-02T04:23:16Z</time></trkpt><trkpt lat="35.8955417387" lon="139.3682865053"><ele>92.42</ele><time>2026-05-02T04:23:34Z</time></trkpt><trkpt lat="35.8955655433" lon="139.3682585098"><ele>91.46</ele><time>2026-05-02T04:23:57Z</time></trkpt><trkpt lat="35.8955642860" lon="139.3682758603"><ele>88.10</ele><time>2026-05-02T04:24:15Z</time></trkpt><trkpt lat="35.8955320995" lon="139.3683222961"><ele>84.73</ele><time>2026-05-02T04:24:38Z</time></trkpt><trkpt lat="35.8955487795" lon="139.3683333602"><ele>83.77</ele><time>2026-05-02T04:24:59Z</time></trkpt><trkpt lat="35.8955678064" lon="139.3683162611"><ele>81.85</ele><time>2026-05-02T04:25:11Z</time></trkpt><trkpt lat="35.8955669682" lon="139.3682964798"><ele>79.93</ele><time>2026-05-02T04:25:30Z</time></trkpt><trkpt lat="35.8955580834" lon="139.3682663050"><ele>80.41</ele><time>2026-05-02T04:25:48Z</time></trkpt><trkpt lat="35.8955478575" lon="139.3682751898"><ele>81.37</ele><time>2026-05-02T04:26:01Z</time></trkpt><trkpt lat="35.8955328539" lon="139.3682649639"><ele>81.85</ele><time>2026-05-02T04:26:18Z</time></trkpt><trkpt lat="35.8955262322" lon="139.3682517204"><ele>84.25</ele><time>2026-05-02T04:26:44Z</time></trkpt><trkpt lat="35.8955496177" lon="139.3682905287"><ele>84.25</ele><time>2026-05-02T04:27:07Z</time></trkpt><trkpt lat="35.8955242205" lon="139.3682984076"><ele>82.81</ele><time>2026-05-02T04:27:17Z</time></trkpt><trkpt lat="35.8955105580" lon="139.3684188556"><ele>83.29</ele><time>2026-05-02T04:27:30Z</time></trkpt><trkpt lat="35.8955294173" lon="139.3685192708"><ele>82.81</ele><time>2026-05-02T04:27:40Z</time></trkpt><trkpt lat="35.8955759369" lon="139.3685319275"><ele>81.37</ele><time>2026-05-02T04:27:51Z</time></trkpt><trkpt lat="35.8956056926" lon="139.3685745914"><ele>86.18</ele><time>2026-05-02T04:28:03Z</time></trkpt><trkpt lat="35.8956927806" lon="139.3685881700"><ele>83.77</ele><time>2026-05-02T04:28:15Z</time></trkpt><trkpt lat="35.8957034256" lon="139.3685201090"><ele>85.69</ele><time>2026-05-02T04:28:26Z</time></trkpt><trkpt lat="35.8956739213" lon="139.3684553169"><ele>85.21</ele><time>2026-05-02T04:28:38Z</time></trkpt><trkpt lat="35.8956378791" lon="139.3684275728"><ele>83.29</ele><time>2026-05-02T04:28:50Z</time></trkpt><trkpt lat="35.8955512941" lon="139.3683933746"><ele>82.33</ele><time>2026-05-02T04:29:05Z</time></trkpt><trkpt lat="35.8955318481" lon="139.3684213702"><ele>79.45</ele><time>2026-05-02T04:29:24Z</time></trkpt><trkpt lat="35.8955136593" lon="139.3684273213"><ele>78.00</ele><time>2026-05-02T04:29:38Z</time></trkpt><trkpt lat="35.8955101389" lon="139.3684072886"><ele>76.56</ele><time>2026-05-02T04:29:55Z</time></trkpt><trkpt lat="35.8955129050" lon="139.3684027623"><ele>73.68</ele><time>2026-05-02T04:30:27Z</time></trkpt><trkpt lat="35.8955361228" lon="139.3683980685"><ele>70.79</ele><time>2026-05-02T04:30:54Z</time></trkpt><trkpt lat="35.8955315966" lon="139.3684377149"><ele>70.79</ele><time>2026-05-02T04:31:11Z</time></trkpt><trkpt lat="35.8955303393" lon="139.3685003277"><ele>73.68</ele><time>2026-05-02T04:31:23Z</time></trkpt><trkpt lat="35.8955228794" lon="139.3685543071"><ele>73.68</ele><time>2026-05-02T04:31:32Z</time></trkpt><trkpt lat="35.8955043554" lon="139.3686086219"><ele>75.60</ele><time>2026-05-02T04:31:41Z</time></trkpt><trkpt lat="35.8954956383" lon="139.3686664570"><ele>76.56</ele><time>2026-05-02T04:31:54Z</time></trkpt><trkpt lat="35.8955038525" lon="139.3686811253"><ele>75.12</ele><time>2026-05-02T04:32:17Z</time></trkpt><trkpt lat="35.8954953868" lon="139.3686879147"><ele>74.64</ele><time>2026-05-02T04:32:32Z</time></trkpt><trkpt lat="35.8954821434" lon="139.3687210232"><ele>77.04</ele><time>2026-05-02T04:32:42Z</time></trkpt><trkpt lat="35.8954784553" lon="139.3687445763"><ele>76.08</ele><time>2026-05-02T04:32:58Z</time></trkpt><trkpt lat="35.8954781201" lon="139.3686824664"><ele>77.52</ele><time>2026-05-02T04:33:05Z</time></trkpt><trkpt lat="35.8954840712" lon="139.3684868328"><ele>78.48</ele><time>2026-05-02T04:33:17Z</time></trkpt><trkpt lat="35.8954889327" lon="139.3684682250"><ele>78.48</ele><time>2026-05-02T04:33:18Z</time></trkpt><trkpt lat="35.8954947162" lon="139.3684488628"><ele>78.00</ele><time>2026-05-02T04:33:19Z</time></trkpt><trkpt lat="35.8955053613" lon="139.3684153352"><ele>77.52</ele><time>2026-05-02T04:33:21Z</time></trkpt><trkpt lat="35.8955227956" lon="139.3683798797"><ele>76.56</ele><time>2026-05-02T04:33:23Z</time></trkpt><trkpt lat="35.8955424093" lon="139.3682047818"><ele>77.52</ele><time>2026-05-02T04:33:34Z</time></trkpt><trkpt lat="35.8955331054" lon="139.3681171071"><ele>78.48</ele><time>2026-05-02T04:33:41Z</time></trkpt><trkpt lat="35.8955145814" lon="139.3680569250"><ele>80.41</ele><time>2026-05-02T04:33:45Z</time></trkpt><trkpt lat="35.8954636194" lon="139.3678557593"><ele>86.66</ele><time>2026-05-02T04:33:56Z</time></trkpt><trkpt lat="35.8954488672" lon="139.3677193020"><ele>92.42</ele><time>2026-05-02T04:34:04Z</time></trkpt><trkpt lat="35.8954475261" lon="139.3677032925"><ele>93.39</ele><time>2026-05-02T04:34:05Z</time></trkpt><trkpt lat="35.8954471909" lon="139.3675764743"><ele>91.94</ele><time>2026-05-02T04:34:11Z</time></trkpt><trkpt lat="35.8955020085" lon="139.3674735446"><ele>91.94</ele><time>2026-05-02T04:34:17Z</time></trkpt><trkpt lat="35.8955407329" lon="139.3673862889"><ele>92.42</ele><time>2026-05-02T04:34:21Z</time></trkpt><trkpt lat="35.8956808783" lon="139.3671791721"><ele>84.73</ele><time>2026-05-02T04:34:35Z</time></trkpt><trkpt lat="35.8957113884" lon="139.3671505898"><ele>84.25</ele><time>2026-05-02T04:34:37Z</time></trkpt><trkpt lat="35.8957299963" lon="139.3671386037"><ele>83.77</ele><time>2026-05-02T04:34:38Z</time></trkpt><trkpt lat="35.8959249593" lon="139.3670369312"><ele>79.93</ele><time>2026-05-02T04:34:49Z</time></trkpt><trkpt lat="35.8959966246" lon="139.3669913337"><ele>77.52</ele><time>2026-05-02T04:35:03Z</time></trkpt><trkpt lat="35.8960271347" lon="139.3669723067"><ele>76.08</ele><time>2026-05-02T04:35:21Z</time></trkpt><trkpt lat="35.8960968722" lon="139.3669521064"><ele>75.12</ele><time>2026-05-02T04:35:28Z</time></trkpt><trkpt lat="35.8961350936" lon="139.3669373542"><ele>75.60</ele><time>2026-05-02T04:35:32Z</time></trkpt><trkpt lat="35.8961474989" lon="139.3669351749"><ele>76.08</ele><time>2026-05-02T04:35:33Z</time></trkpt><trkpt lat="35.8961588144" lon="139.3669312354"><ele>75.60</ele><time>2026-05-02T04:35:34Z</time></trkpt><trkpt lat="35.8963493351" lon="139.3668450695"><ele>74.64</ele><time>2026-05-02T04:35:50Z</time></trkpt><trkpt lat="35.8964761533" lon="139.3667701352"><ele>71.27</ele><time>2026-05-02T04:36:03Z</time></trkpt><trkpt lat="35.8965754788" lon="139.3667002302"><ele>70.79</ele><time>2026-05-02T04:36:13Z</time></trkpt><trkpt lat="35.8967495710" lon="139.3665424827"><ele>71.27</ele><time>2026-05-02T04:36:24Z</time></trkpt><trkpt lat="35.8968435321" lon="139.3664428219"><ele>73.20</ele><time>2026-05-02T04:36:33Z</time></trkpt><trkpt lat="35.8969895449" lon="139.3662325200"><ele>74.16</ele><time>2026-05-02T04:36:52Z</time></trkpt><trkpt lat="35.8970649820" lon="139.3661295902"><ele>75.12</ele><time>2026-05-02T04:37:02Z</time></trkpt><trkpt lat="35.8971307799" lon="139.3660333659"><ele>77.04</ele><time>2026-05-02T04:37:15Z</time></trkpt><trkpt lat="35.8971424308" lon="139.3660316058"><ele>77.52</ele><time>2026-05-02T04:37:30Z</time></trkpt><trkpt lat="35.8971329592" lon="139.3660081364"><ele>77.52</ele><time>2026-05-02T04:37:31Z</time></trkpt><trkpt lat="35.8971307799" lon="139.3659964856"><ele>77.52</ele><time>2026-05-02T04:37:32Z</time></trkpt><trkpt lat="35.8971256670" lon="139.3659808952"><ele>77.52</ele><time>2026-05-02T04:37:33Z</time></trkpt><trkpt lat="35.8971384075" lon="139.3659189530"><ele>78.48</ele><time>2026-05-02T04:37:43Z</time></trkpt><trkpt lat="35.8971363120" lon="139.3658844195"><ele>78.48</ele><time>2026-05-02T04:37:48Z</time></trkpt><trkpt lat="35.8971584402" lon="139.3658361398"><ele>78.97</ele><time>2026-05-02T04:37:51Z</time></trkpt><trkpt lat="35.8971694205" lon="139.3658208009"><ele>78.97</ele><time>2026-05-02T04:37:52Z</time></trkpt><trkpt lat="35.8972205501" lon="139.3657453638"><ele>78.48</ele><time>2026-05-02T04:38:03Z</time></trkpt><trkpt lat="35.8972488809" lon="139.3657683302"><ele>78.48</ele><time>2026-05-02T04:38:20Z</time></trkpt><trkpt lat="35.8972578496" lon="139.3657641392"><ele>77.52</ele><time>2026-05-02T04:38:35Z</time></trkpt><trkpt lat="35.8972527366" lon="139.3657661509"><ele>78.00</ele><time>2026-05-02T04:38:57Z</time></trkpt><trkpt lat="35.8972561732" lon="139.3657621276"><ele>75.12</ele><time>2026-05-02T04:39:24Z</time></trkpt><trkpt lat="35.8973166067" lon="139.3656797335"><ele>76.08</ele><time>2026-05-02T04:39:37Z</time></trkpt><trkpt lat="35.8974657208" lon="139.3654702697"><ele>78.48</ele><time>2026-05-02T04:39:48Z</time></trkpt><trkpt lat="35.8976122364" lon="139.3652472273"><ele>77.52</ele><time>2026-05-02T04:39:59Z</time></trkpt><trkpt lat="35.8977875020" lon="139.3650142942"><ele>76.08</ele><time>2026-05-02T04:40:11Z</time></trkpt><trkpt lat="35.8979449142" lon="139.3648086861"><ele>75.12</ele><time>2026-05-02T04:40:22Z</time></trkpt><trkpt lat="35.8981040865" lon="139.3646041676"><ele>75.60</ele><time>2026-05-02T04:40:33Z</time></trkpt><trkpt lat="35.8982741553" lon="139.3644035049"><ele>74.64</ele><time>2026-05-02T04:40:44Z</time></trkpt><trkpt lat="35.8984205872" lon="139.3642156664"><ele>75.12</ele><time>2026-05-02T04:40:54Z</time></trkpt><trkpt lat="35.8984376024" lon="139.3641958851"><ele>75.12</ele><time>2026-05-02T04:40:55Z</time></trkpt><trkpt lat="35.8986046538" lon="139.3639816437"><ele>75.12</ele><time>2026-05-02T04:41:06Z</time></trkpt><trkpt lat="35.8987479843" lon="139.3637948949"><ele>76.08</ele><time>2026-05-02T04:41:16Z</time></trkpt><trkpt lat="35.8989144489" lon="139.3635827489"><ele>77.04</ele><time>2026-05-02T04:41:27Z</time></trkpt><trkpt lat="35.8989511617" lon="139.3635097425"><ele>77.52</ele><time>2026-05-02T04:41:34Z</time></trkpt><trkpt lat="35.8990445361" lon="139.3633022066"><ele>75.60</ele><time>2026-05-02T04:41:46Z</time></trkpt><trkpt lat="35.8991555125" lon="139.3631053157"><ele>76.56</ele><time>2026-05-02T04:41:55Z</time></trkpt><trkpt lat="35.8991937339" lon="139.3630265258"><ele>78.48</ele><time>2026-05-02T04:42:05Z</time></trkpt><trkpt lat="35.8992980886" lon="139.3628502544"><ele>78.48</ele><time>2026-05-02T04:42:14Z</time></trkpt><trkpt lat="35.8994407486" lon="139.3626498431"><ele>80.89</ele><time>2026-05-02T04:42:24Z</time></trkpt><trkpt lat="35.8995947242" lon="139.3624428101"><ele>82.33</ele><time>2026-05-02T04:42:34Z</time></trkpt><trkpt lat="35.8997308463" lon="139.3622807879"><ele>81.37</ele><time>2026-05-02T04:42:42Z</time></trkpt><trkpt lat="35.8999059442" lon="139.3620670494"><ele>79.45</ele><time>2026-05-02T04:42:53Z</time></trkpt><trkpt lat="35.9000736661" lon="139.3618395645"><ele>76.56</ele><time>2026-05-02T04:43:04Z</time></trkpt><trkpt lat="35.9002611693" lon="139.3615926336"><ele>75.60</ele><time>2026-05-02T04:43:16Z</time></trkpt><trkpt lat="35.9004663583" lon="139.3614243250"><ele>76.56</ele><time>2026-05-02T04:43:27Z</time></trkpt><trkpt lat="35.9006835334" lon="139.3612856884"><ele>78.48</ele><time>2026-05-02T04:43:38Z</time></trkpt><trkpt lat="35.9008717909" lon="139.3611402623"><ele>82.81</ele><time>2026-05-02T04:43:48Z</time></trkpt><trkpt lat="35.9009717032" lon="139.3610461336"><ele>84.25</ele><time>2026-05-02T04:43:58Z</time></trkpt><trkpt lat="35.9009728767" lon="139.3610538449"><ele>84.25</ele><time>2026-05-02T04:44:15Z</time></trkpt><trkpt lat="35.9010529239" lon="139.3610147014"><ele>86.18</ele><time>2026-05-02T04:44:25Z</time></trkpt><trkpt lat="35.9012089111" lon="139.3608522601"><ele>85.69</ele><time>2026-05-02T04:44:35Z</time></trkpt><trkpt lat="35.9013081528" lon="139.3607345782"><ele>82.81</ele><time>2026-05-02T04:44:43Z</time></trkpt><trkpt lat="35.9014140163" lon="139.3606571294"><ele>78.00</ele><time>2026-05-02T04:44:53Z</time></trkpt><trkpt lat="35.9015140962" lon="139.3606182374"><ele>76.56</ele><time>2026-05-02T04:45:07Z</time></trkpt><trkpt lat="35.9015605319" lon="139.3606217578"><ele>75.12</ele><time>2026-05-02T04:45:16Z</time></trkpt><trkpt lat="35.9015937243" lon="139.3606065866"><ele>73.20</ele><time>2026-05-02T04:45:29Z</time></trkpt><trkpt lat="35.9016383998" lon="139.3605956901"><ele>73.68</ele><time>2026-05-02T04:45:34Z</time></trkpt><trkpt lat="35.9017291758" lon="139.3605461530"><ele>73.20</ele><time>2026-05-02T04:45:46Z</time></trkpt><trkpt lat="35.9017399047" lon="139.3605406210"><ele>73.20</ele><time>2026-05-02T04:45:50Z</time></trkpt><trkpt lat="35.9017559141" lon="139.3605346698"><ele>72.72</ele><time>2026-05-02T04:45:51Z</time></trkpt><trkpt lat="35.9017741028" lon="139.3605259527"><ele>72.72</ele><time>2026-05-02T04:45:52Z</time></trkpt><trkpt lat="35.9017867595" lon="139.3605168164"><ele>72.24</ele><time>2026-05-02T04:45:53Z</time></trkpt><trkpt lat="35.9018041100" lon="139.3605053332"><ele>72.24</ele><time>2026-05-02T04:45:54Z</time></trkpt><trkpt lat="35.9018227179" lon="139.3604977056"><ele>71.76</ele><time>2026-05-02T04:45:55Z</time></trkpt><trkpt lat="35.9018387273" lon="139.3604895752"><ele>71.76</ele><time>2026-05-02T04:45:56Z</time></trkpt><trkpt lat="35.9018545691" lon="139.3604839593"><ele>71.76</ele><time>2026-05-02T04:45:57Z</time></trkpt><trkpt lat="35.9018723387" lon="139.3604774214"><ele>71.76</ele><time>2026-05-02T04:45:58Z</time></trkpt><trkpt lat="35.9018912818" lon="139.3604697101"><ele>71.76</ele><time>2026-05-02T04:45:59Z</time></trkpt><trkpt lat="35.9020952135" lon="139.3604433071"><ele>71.76</ele><time>2026-05-02T04:46:09Z</time></trkpt><trkpt lat="35.9022738319" lon="139.3604117073"><ele>73.68</ele><time>2026-05-02T04:46:18Z</time></trkpt><trkpt lat="35.9024325013" lon="139.3603555486"><ele>75.60</ele><time>2026-05-02T04:46:26Z</time></trkpt><trkpt lat="35.9026369359" lon="139.3602767587"><ele>75.60</ele><time>2026-05-02T04:46:36Z</time></trkpt><trkpt lat="35.9027118701" lon="139.3602534570"><ele>76.56</ele><time>2026-05-02T04:46:44Z</time></trkpt><trkpt lat="35.9026961122" lon="139.3602706399"><ele>76.08</ele><time>2026-05-02T04:46:54Z</time></trkpt><trkpt lat="35.9028194938" lon="139.3602316640"><ele>76.56</ele><time>2026-05-02T04:47:05Z</time></trkpt><trkpt lat="35.9028301388" lon="139.3602311611"><ele>76.56</ele><time>2026-05-02T04:47:06Z</time></trkpt><trkpt lat="35.9028419573" lon="139.3602334242"><ele>76.56</ele><time>2026-05-02T04:47:07Z</time></trkpt><trkpt lat="35.9028666001" lon="139.3602358550"><ele>77.04</ele><time>2026-05-02T04:47:09Z</time></trkpt><trkpt lat="35.9028786700" lon="139.3602378666"><ele>77.52</ele><time>2026-05-02T04:47:10Z</time></trkpt><trkpt lat="35.9028923325" lon="139.3602355197"><ele>78.00</ele><time>2026-05-02T04:47:11Z</time></trkpt><trkpt lat="35.9029055759" lon="139.3602342624"><ele>78.48</ele><time>2026-05-02T04:47:12Z</time></trkpt><trkpt lat="35.9029952623" lon="139.3602804467"><ele>77.52</ele><time>2026-05-02T04:47:24Z</time></trkpt><trkpt lat="35.9030391835" lon="139.3602859788"><ele>76.08</ele><time>2026-05-02T04:47:33Z</time></trkpt><trkpt lat="35.9030815121" lon="139.3602980487"><ele>74.16</ele><time>2026-05-02T04:47:42Z</time></trkpt><trkpt lat="35.9031002037" lon="139.3603060115"><ele>73.68</ele><time>2026-05-02T04:47:49Z</time></trkpt><trkpt lat="35.9031127766" lon="139.3603164889"><ele>73.68</ele><time>2026-05-02T04:47:50Z</time></trkpt><trkpt lat="35.9032936580" lon="139.3603719771"><ele>76.08</ele><time>2026-05-02T04:48:01Z</time></trkpt><trkpt lat="35.9034969192" lon="139.3603746593"><ele>79.45</ele><time>2026-05-02T04:48:12Z</time></trkpt><trkpt lat="35.9037201293" lon="139.3603642657"><ele>78.97</ele><time>2026-05-02T04:48:23Z</time></trkpt><trkpt lat="35.9039096441" lon="139.3603346776"><ele>77.04</ele><time>2026-05-02T04:48:32Z</time></trkpt><trkpt lat="35.9040856641" lon="139.3602796923"><ele>75.12</ele><time>2026-05-02T04:48:41Z</time></trkpt><trkpt lat="35.9043080360" lon="139.3601877429"><ele>73.68</ele><time>2026-05-02T04:48:52Z</time></trkpt><trkpt lat="35.9045104589" lon="139.3600935303"><ele>75.12</ele><time>2026-05-02T04:49:03Z</time></trkpt><trkpt lat="35.9045916796" lon="139.3600688037"><ele>77.04</ele><time>2026-05-02T04:49:11Z</time></trkpt><trkpt lat="35.9046002291" lon="139.3600604217"><ele>77.04</ele><time>2026-05-02T04:49:12Z</time></trkpt><trkpt lat="35.9046090301" lon="139.3600501120"><ele>77.52</ele><time>2026-05-02T04:49:13Z</time></trkpt><trkpt lat="35.9046397917" lon="139.3599963002"><ele>79.45</ele><time>2026-05-02T04:49:25Z</time></trkpt><trkpt lat="35.9046405461" lon="139.3599921092"><ele>75.12</ele><time>2026-05-02T04:49:38Z</time></trkpt><trkpt lat="35.9046412166" lon="139.3599988148"><ele>74.64</ele><time>2026-05-02T04:49:39Z</time></trkpt><trkpt lat="35.9046417195" lon="139.3600090407"><ele>74.16</ele><time>2026-05-02T04:49:40Z</time></trkpt><trkpt lat="35.9046418872" lon="139.3600206077"><ele>74.16</ele><time>2026-05-02T04:49:41Z</time></trkpt><trkpt lat="35.9046448208" lon="139.3600339349"><ele>74.16</ele><time>2026-05-02T04:49:42Z</time></trkpt><trkpt lat="35.9046556335" lon="139.3600461725"><ele>74.16</ele><time>2026-05-02T04:49:43Z</time></trkpt><trkpt lat="35.9046689607" lon="139.3600521237"><ele>74.64</ele><time>2026-05-02T04:49:44Z</time></trkpt><trkpt lat="35.9046845511" lon="139.3600531295"><ele>74.64</ele><time>2026-05-02T04:49:45Z</time></trkpt><trkpt lat="35.9047016501" lon="139.3600560632"><ele>74.64</ele><time>2026-05-02T04:49:46Z</time></trkpt><trkpt lat="35.9047184978" lon="139.3600603379"><ele>75.12</ele><time>2026-05-02T04:49:47Z</time></trkpt><trkpt lat="35.9047356807" lon="139.3600613438"><ele>75.12</ele><time>2026-05-02T04:49:48Z</time></trkpt><trkpt lat="35.9049242735" lon="139.3601106293"><ele>75.60</ele><time>2026-05-02T04:49:58Z</time></trkpt><trkpt lat="35.9049433004" lon="139.3601170834"><ele>75.60</ele><time>2026-05-02T04:49:59Z</time></trkpt><trkpt lat="35.9049626626" lon="139.3601200171"><ele>76.08</ele><time>2026-05-02T04:50:00Z</time></trkpt><trkpt lat="35.9049815219" lon="139.3601227831"><ele>76.08</ele><time>2026-05-02T04:50:01Z</time></trkpt><trkpt lat="35.9050006326" lon="139.3601236213"><ele>76.08</ele><time>2026-05-02T04:50:02Z</time></trkpt><trkpt lat="35.9051663429" lon="139.3601611722"><ele>77.04</ele><time>2026-05-02T04:50:10Z</time></trkpt><trkpt lat="35.9052688535" lon="139.3601797801"><ele>78.97</ele><time>2026-05-02T04:50:20Z</time></trkpt><trkpt lat="35.9052914847" lon="139.3601563945"><ele>79.45</ele><time>2026-05-02T04:50:35Z</time></trkpt><trkpt lat="35.9053380042" lon="139.3602045067"><ele>78.97</ele><time>2026-05-02T04:50:45Z</time></trkpt><trkpt lat="35.9053568635" lon="139.3602196779"><ele>76.56</ele><time>2026-05-02T04:51:04Z</time></trkpt><trkpt lat="35.9053710289" lon="139.3602249585"><ele>76.08</ele><time>2026-05-02T04:51:19Z</time></trkpt><trkpt lat="35.9053824283" lon="139.3602729868"><ele>75.12</ele><time>2026-05-02T04:51:35Z</time></trkpt><trkpt lat="35.9053872898" lon="139.3602992222"><ele>75.12</ele><time>2026-05-02T04:51:36Z</time></trkpt><trkpt lat="35.9053897206" lon="139.3603158183"><ele>75.12</ele><time>2026-05-02T04:51:37Z</time></trkpt><trkpt lat="35.9053965099" lon="139.3603345938"><ele>75.12</ele><time>2026-05-02T04:51:38Z</time></trkpt><trkpt lat="35.9054012038" lon="139.3603545427"><ele>75.60</ele><time>2026-05-02T04:51:39Z</time></trkpt><trkpt lat="35.9054048080" lon="139.3603761680"><ele>75.60</ele><time>2026-05-02T04:51:40Z</time></trkpt><trkpt lat="35.9054109268" lon="139.3603996374"><ele>75.60</ele><time>2026-05-02T04:51:41Z</time></trkpt><trkpt lat="35.9054173809" lon="139.3604261242"><ele>75.60</ele><time>2026-05-02T04:51:42Z</time></trkpt><trkpt lat="35.9054237511" lon="139.3604546227"><ele>76.08</ele><time>2026-05-02T04:51:43Z</time></trkpt><trkpt lat="35.9054316301" lon="139.3604788464"><ele>76.08</ele><time>2026-05-02T04:51:44Z</time></trkpt><trkpt lat="35.9054889623" lon="139.3606857955"><ele>77.52</ele><time>2026-05-02T04:51:52Z</time></trkpt><trkpt lat="35.9055538382" lon="139.3609579559"><ele>78.48</ele><time>2026-05-02T04:52:02Z</time></trkpt><trkpt lat="35.9056202229" lon="139.3611796573"><ele>79.45</ele><time>2026-05-02T04:52:10Z</time></trkpt><trkpt lat="35.9056711011" lon="139.3614229001"><ele>80.89</ele><time>2026-05-02T04:52:19Z</time></trkpt><trkpt lat="35.9057402518" lon="139.3616659753"><ele>80.41</ele><time>2026-05-02T04:52:28Z</time></trkpt><trkpt lat="35.9058034513" lon="139.3619183544"><ele>79.93</ele><time>2026-05-02T04:52:37Z</time></trkpt><trkpt lat="35.9058704227" lon="139.3621844798"><ele>79.93</ele><time>2026-05-02T04:52:47Z</time></trkpt><trkpt lat="35.9059471171" lon="139.3624504376"><ele>79.45</ele><time>2026-05-02T04:52:57Z</time></trkpt><trkpt lat="35.9060065448" lon="139.3626935966"><ele>80.41</ele><time>2026-05-02T04:53:07Z</time></trkpt><trkpt lat="35.9060490411" lon="139.3628521822"><ele>78.97</ele><time>2026-05-02T04:53:19Z</time></trkpt><trkpt lat="35.9061141685" lon="139.3630903121"><ele>78.97</ele><time>2026-05-02T04:53:29Z</time></trkpt><trkpt lat="35.9061894380" lon="139.3633804098"><ele>78.48</ele><time>2026-05-02T04:53:40Z</time></trkpt><trkpt lat="35.9061914496" lon="139.3634022865"><ele>78.97</ele><time>2026-05-02T04:53:41Z</time></trkpt><trkpt lat="35.9062615223" lon="139.3636661489"><ele>78.97</ele><time>2026-05-02T04:53:51Z</time></trkpt><trkpt lat="35.9063330200" lon="139.3639034405"><ele>78.48</ele><time>2026-05-02T04:54:00Z</time></trkpt><trkpt lat="35.9063911904" lon="139.3640860822"><ele>78.48</ele><time>2026-05-02T04:54:07Z</time></trkpt><trkpt lat="35.9064768534" lon="139.3644258007"><ele>77.52</ele><time>2026-05-02T04:54:19Z</time></trkpt><trkpt lat="35.9065429866" lon="139.3647093605"><ele>76.08</ele><time>2026-05-02T04:54:29Z</time></trkpt><trkpt lat="35.9066222794" lon="139.3650004640"><ele>75.60</ele><time>2026-05-02T04:54:39Z</time></trkpt><trkpt lat="35.9066889156" lon="139.3652390968"><ele>75.60</ele><time>2026-05-02T04:54:48Z</time></trkpt><trkpt lat="35.9067475051" lon="139.3654644862"><ele>74.64</ele><time>2026-05-02T04:54:56Z</time></trkpt><trkpt lat="35.9068215173" lon="139.3657239899"><ele>73.68</ele><time>2026-05-02T04:55:05Z</time></trkpt><trkpt lat="35.9068843815" lon="139.3659684900"><ele>73.20</ele><time>2026-05-02T04:55:14Z</time></trkpt><trkpt lat="35.9069235250" lon="139.3660730962"><ele>72.72</ele><time>2026-05-02T04:55:21Z</time></trkpt><trkpt lat="35.9069258720" lon="139.3660887703"><ele>72.72</ele><time>2026-05-02T04:55:22Z</time></trkpt><trkpt lat="35.9069296438" lon="139.3661599327"><ele>71.27</ele><time>2026-05-02T04:55:30Z</time></trkpt><trkpt lat="35.9069574717" lon="139.3661927897"><ele>71.27</ele><time>2026-05-02T04:55:40Z</time></trkpt><trkpt lat="35.9069723915" lon="139.3661945499"><ele>71.76</ele><time>2026-05-02T04:55:41Z</time></trkpt><trkpt lat="35.9070524387" lon="139.3661818933"><ele>71.76</ele><time>2026-05-02T04:55:52Z</time></trkpt><trkpt lat="35.9071583021" lon="139.3661442585"><ele>69.83</ele><time>2026-05-02T04:56:03Z</time></trkpt><trkpt lat="35.9072514251" lon="139.3661083840"><ele>68.87</ele><time>2026-05-02T04:56:14Z</time></trkpt><trkpt lat="35.9073327295" lon="139.3660888541"><ele>68.87</ele><time>2026-05-02T04:56:27Z</time></trkpt><trkpt lat="35.9075357392" lon="139.3659983296"><ele>68.87</ele><time>2026-05-02T04:56:37Z</time></trkpt><trkpt lat="35.9076706879" lon="139.3659544922"><ele>69.83</ele><time>2026-05-02T04:56:43Z</time></trkpt><trkpt lat="35.9076924808" lon="139.3659495469"><ele>69.83</ele><time>2026-05-02T04:56:44Z</time></trkpt><trkpt lat="35.9077135194" lon="139.3659414165"><ele>69.83</ele><time>2026-05-02T04:56:45Z</time></trkpt><trkpt lat="35.9079355560" lon="139.3658518977"><ele>70.31</ele><time>2026-05-02T04:56:55Z</time></trkpt><trkpt lat="35.9081530664" lon="139.3657590263"><ele>70.31</ele><time>2026-05-02T04:57:05Z</time></trkpt><trkpt lat="35.9083973989" lon="139.3656571023"><ele>70.31</ele><time>2026-05-02T04:57:16Z</time></trkpt><trkpt lat="35.9086318407" lon="139.3655605428"><ele>69.83</ele><time>2026-05-02T04:57:27Z</time></trkpt><trkpt lat="35.9088308271" lon="139.3654873688"><ele>70.79</ele><time>2026-05-02T04:57:36Z</time></trkpt><trkpt lat="35.9088572301" lon="139.3654760532"><ele>70.79</ele><time>2026-05-02T04:57:38Z</time></trkpt><trkpt lat="35.9089139756" lon="139.3654333893"><ele>72.72</ele><time>2026-05-02T04:57:49Z</time></trkpt><trkpt lat="35.9089350142" lon="139.3654535897"><ele>71.27</ele><time>2026-05-02T04:58:05Z</time></trkpt><trkpt lat="35.9089471679" lon="139.3654368259"><ele>70.79</ele><time>2026-05-02T04:58:08Z</time></trkpt><trkpt lat="35.9089620877" lon="139.3654292822"><ele>70.79</ele><time>2026-05-02T04:58:09Z</time></trkpt><trkpt lat="35.9089758340" lon="139.3654212356"><ele>70.31</ele><time>2026-05-02T04:58:10Z</time></trkpt><trkpt lat="35.9091862198" lon="139.3653202336"><ele>70.31</ele><time>2026-05-02T04:58:20Z</time></trkpt><trkpt lat="35.9093995392" lon="139.3652362470"><ele>70.31</ele><time>2026-05-02T04:58:29Z</time></trkpt><trkpt lat="35.9096147865" lon="139.3651439622"><ele>70.31</ele><time>2026-05-02T04:58:38Z</time></trkpt><trkpt lat="35.9098658245" lon="139.3650290463"><ele>71.27</ele><time>2026-05-02T04:58:49Z</time></trkpt><trkpt lat="35.9100616258" lon="139.3649536930"><ele>71.27</ele><time>2026-05-02T04:58:58Z</time></trkpt><trkpt lat="35.9102749452" lon="139.3648614082"><ele>71.76</ele><time>2026-05-02T04:59:08Z</time></trkpt><trkpt lat="35.9104628675" lon="139.3647885695"><ele>71.76</ele><time>2026-05-02T04:59:17Z</time></trkpt><trkpt lat="35.9106740914" lon="139.3647030741"><ele>73.68</ele><time>2026-05-02T04:59:27Z</time></trkpt><trkpt lat="35.9108049329" lon="139.3646546267"><ele>74.16</ele><time>2026-05-02T04:59:33Z</time></trkpt><trkpt lat="35.9108260553" lon="139.3646409642"><ele>74.64</ele><time>2026-05-02T04:59:34Z</time></trkpt><trkpt lat="35.9108480997" lon="139.3646336719"><ele>74.64</ele><time>2026-05-02T04:59:35Z</time></trkpt><trkpt lat="35.9110963717" lon="139.3645423930"><ele>76.08</ele><time>2026-05-02T04:59:46Z</time></trkpt><trkpt lat="35.9113267902" lon="139.3644466717"><ele>76.08</ele><time>2026-05-02T04:59:56Z</time></trkpt><trkpt lat="35.9115378466" lon="139.3643680494"><ele>74.64</ele><time>2026-05-02T05:00:05Z</time></trkpt><trkpt lat="35.9117268585" lon="139.3643004075"><ele>73.20</ele><time>2026-05-02T05:00:13Z</time></trkpt><trkpt lat="35.9117844421" lon="139.3642746750"><ele>72.24</ele><time>2026-05-02T05:00:16Z</time></trkpt><trkpt lat="35.9118040558" lon="139.3642681371"><ele>71.76</ele><time>2026-05-02T05:00:17Z</time></trkpt><trkpt lat="35.9118259326" lon="139.3642584980"><ele>71.76</ele><time>2026-05-02T05:00:18Z</time></trkpt><trkpt lat="35.9118485637" lon="139.3642512895"><ele>71.76</ele><time>2026-05-02T05:00:19Z</time></trkpt><trkpt lat="35.9118720330" lon="139.3642413151"><ele>71.27</ele><time>2026-05-02T05:00:20Z</time></trkpt><trkpt lat="35.9118963405" lon="139.3642313406"><ele>71.27</ele><time>2026-05-02T05:00:21Z</time></trkpt><trkpt lat="35.9119206481" lon="139.3642244674"><ele>71.27</ele><time>2026-05-02T05:00:22Z</time></trkpt><trkpt lat="35.9119445365" lon="139.3642145768"><ele>71.27</ele><time>2026-05-02T05:00:23Z</time></trkpt><trkpt lat="35.9119695146" lon="139.3642053567"><ele>71.27</ele><time>2026-05-02T05:00:24Z</time></trkpt><trkpt lat="35.9119947441" lon="139.3641973939"><ele>71.27</ele><time>2026-05-02T05:00:25Z</time></trkpt><trkpt lat="35.9120181296" lon="139.3641892634"><ele>71.27</ele><time>2026-05-02T05:00:26Z</time></trkpt><trkpt lat="35.9120417666" lon="139.3641826417"><ele>71.27</ele><time>2026-05-02T05:00:27Z</time></trkpt><trkpt lat="35.9120641463" lon="139.3641735893"><ele>71.27</ele><time>2026-05-02T05:00:28Z</time></trkpt><trkpt lat="35.9120841790" lon="139.3641656265"><ele>71.27</ele><time>2026-05-02T05:00:29Z</time></trkpt><trkpt lat="35.9121055529" lon="139.3641605135"><ele>71.27</ele><time>2026-05-02T05:00:30Z</time></trkpt><trkpt lat="35.9122753702" lon="139.3640939612"><ele>69.83</ele><time>2026-05-02T05:00:38Z</time></trkpt><trkpt lat="35.9124749433" lon="139.3640184402"><ele>69.83</ele><time>2026-05-02T05:00:48Z</time></trkpt><trkpt lat="35.9126342833" lon="139.3639571685"><ele>68.87</ele><time>2026-05-02T05:00:59Z</time></trkpt><trkpt lat="35.9126707446" lon="139.3639028538"><ele>68.39</ele><time>2026-05-02T05:01:09Z</time></trkpt><trkpt lat="35.9126711637" lon="139.3638890237"><ele>68.39</ele><time>2026-05-02T05:01:12Z</time></trkpt><trkpt lat="35.9126326907" lon="139.3636838347"><ele>70.31</ele><time>2026-05-02T05:01:21Z</time></trkpt><trkpt lat="35.9126035217" lon="139.3635541666"><ele>70.79</ele><time>2026-05-02T05:01:27Z</time></trkpt><trkpt lat="35.9125973191" lon="139.3635422643"><ele>70.79</ele><time>2026-05-02T05:01:28Z</time></trkpt><trkpt lat="35.9125904460" lon="139.3635312002"><ele>70.31</ele><time>2026-05-02T05:01:29Z</time></trkpt><trkpt lat="35.9125819802" lon="139.3635268416"><ele>70.31</ele><time>2026-05-02T05:01:30Z</time></trkpt><trkpt lat="35.9125724249" lon="139.3635302782"><ele>70.31</ele><time>2026-05-02T05:01:31Z</time></trkpt><trkpt lat="35.9125633724" lon="139.3635343853"><ele>70.31</ele><time>2026-05-02T05:01:32Z</time></trkpt><trkpt lat="35.9124968201" lon="139.3636580184"><ele>67.91</ele><time>2026-05-02T05:01:44Z</time></trkpt><trkpt lat="35.9124907013" lon="139.3636695016"><ele>67.91</ele><time>2026-05-02T05:01:45Z</time></trkpt><trkpt lat="35.9124820679" lon="139.3636797275"><ele>68.39</ele><time>2026-05-02T05:01:46Z</time></trkpt><trkpt lat="35.9124140907" lon="139.3637363054"><ele>68.39</ele><time>2026-05-02T05:01:59Z</time></trkpt><trkpt lat="35.9124016017" lon="139.3637378141"><ele>69.35</ele><time>2026-05-02T05:02:10Z</time></trkpt><trkpt lat="35.9123610333" lon="139.3637295999"><ele>68.39</ele><time>2026-05-02T05:02:20Z</time></trkpt><trkpt lat="35.9124025237" lon="139.3637127522"><ele>67.43</ele><time>2026-05-02T05:02:30Z</time></trkpt><trkpt lat="35.9123981651" lon="139.3637528177"><ele>66.47</ele><time>2026-05-02T05:02:42Z</time></trkpt><trkpt lat="35.9123311937" lon="139.3637822382"><ele>65.99</ele><time>2026-05-02T05:02:54Z</time></trkpt><trkpt lat="35.9123486280" lon="139.3637788855"><ele>65.99</ele><time>2026-05-02T05:03:01Z</time></trkpt><trkpt lat="35.9123589378" lon="139.3637757841"><ele>65.99</ele><time>2026-05-02T05:03:02Z</time></trkpt><trkpt lat="35.9123855922" lon="139.3638008460"><ele>65.51</ele><time>2026-05-02T05:03:08Z</time></trkpt><trkpt lat="35.9123938065" lon="139.3639724236"><ele>67.43</ele><time>2026-05-02T05:03:18Z</time></trkpt><trkpt lat="35.9123939741" lon="139.3639964797"><ele>67.43</ele><time>2026-05-02T05:03:20Z</time></trkpt><trkpt lat="35.9124973230" lon="139.3639966473"><ele>67.91</ele><time>2026-05-02T05:03:30Z</time></trkpt><trkpt lat="35.9126079641" lon="139.3639514688"><ele>67.91</ele><time>2026-05-02T05:03:36Z</time></trkpt><trkpt lat="35.9126212914" lon="139.3639507145"><ele>68.39</ele><time>2026-05-02T05:03:37Z</time></trkpt><trkpt lat="35.9126863349" lon="139.3639171030"><ele>67.91</ele><time>2026-05-02T05:03:49Z</time></trkpt><trkpt lat="35.9126928728" lon="139.3638958968"><ele>68.39</ele><time>2026-05-02T05:03:53Z</time></trkpt><trkpt lat="35.9127088822" lon="139.3638922088"><ele>68.39</ele><time>2026-05-02T05:03:54Z</time></trkpt><trkpt lat="35.9127269872" lon="139.3638874311"><ele>68.39</ele><time>2026-05-02T05:03:55Z</time></trkpt><trkpt lat="35.9127469361" lon="139.3638823181"><ele>68.39</ele><time>2026-05-02T05:03:56Z</time></trkpt><trkpt lat="35.9127685614" lon="139.3638799712"><ele>68.87</ele><time>2026-05-02T05:03:57Z</time></trkpt><trkpt lat="35.9127870016" lon="139.3638791330"><ele>68.39</ele><time>2026-05-02T05:03:58Z</time></trkpt><trkpt lat="35.9128061961" lon="139.3638766184"><ele>68.39</ele><time>2026-05-02T05:03:59Z</time></trkpt><trkpt lat="35.9128242172" lon="139.3638740201"><ele>68.39</ele><time>2026-05-02T05:04:00Z</time></trkpt><trkpt lat="35.9130104631" lon="139.3638080545"><ele>69.83</ele><time>2026-05-02T05:04:09Z</time></trkpt><trkpt lat="35.9131204337" lon="139.3637748621"><ele>70.79</ele><time>2026-05-02T05:04:17Z</time></trkpt><trkpt lat="35.9131160751" lon="139.3637854233"><ele>70.79</ele><time>2026-05-02T05:04:29Z</time></trkpt><trkpt lat="35.9132709727" lon="139.3637316115"><ele>72.72</ele><time>2026-05-02T05:04:38Z</time></trkpt><trkpt lat="35.9134621639" lon="139.3636463676"><ele>71.76</ele><time>2026-05-02T05:04:48Z</time></trkpt><trkpt lat="35.9136441350" lon="139.3635633029"><ele>71.27</ele><time>2026-05-02T05:04:57Z</time></trkpt><trkpt lat="35.9138557781" lon="139.3634589482"><ele>70.79</ele><time>2026-05-02T05:05:07Z</time></trkpt><trkpt lat="35.9140612185" lon="139.3633633945"><ele>71.76</ele><time>2026-05-02T05:05:17Z</time></trkpt><trkpt lat="35.9142324608" lon="139.3632908072"><ele>71.27</ele><time>2026-05-02T05:05:25Z</time></trkpt><trkpt lat="35.9144434333" lon="139.3632046413"><ele>70.79</ele><time>2026-05-02T05:05:35Z</time></trkpt><trkpt lat="35.9145917092" lon="139.3631563615"><ele>71.27</ele><time>2026-05-02T05:05:43Z</time></trkpt><trkpt lat="35.9147818107" lon="139.3630776554"><ele>70.79</ele><time>2026-05-02T05:05:56Z</time></trkpt><trkpt lat="35.9150322620" lon="139.3629934173"><ele>72.72</ele><time>2026-05-02T05:06:07Z</time></trkpt><trkpt lat="35.9152477607" lon="139.3629180640"><ele>74.64</ele><time>2026-05-02T05:06:17Z</time></trkpt><trkpt lat="35.9154679533" lon="139.3628366757"><ele>76.08</ele><time>2026-05-02T05:06:27Z</time></trkpt><trkpt lat="35.9157402813" lon="139.3627189938"><ele>76.56</ele><time>2026-05-02T05:06:39Z</time></trkpt><trkpt lat="35.9159834404" lon="139.3626169860"><ele>77.04</ele><time>2026-05-02T05:06:50Z</time></trkpt><trkpt lat="35.9161322191" lon="139.3625620008"><ele>77.04</ele><time>2026-05-02T05:06:59Z</time></trkpt><trkpt lat="35.9162803274" lon="139.3625152297"><ele>78.00</ele><time>2026-05-02T05:07:09Z</time></trkpt><trkpt lat="35.9162875358" lon="139.3625107035"><ele>78.48</ele><time>2026-05-02T05:07:10Z</time></trkpt><trkpt lat="35.9163087420" lon="139.3625044171"><ele>78.97</ele><time>2026-05-02T05:07:11Z</time></trkpt><trkpt lat="35.9163316246" lon="139.3624967895"><ele>78.97</ele><time>2026-05-02T05:07:12Z</time></trkpt><trkpt lat="35.9165878594" lon="139.3623887468"><ele>78.97</ele><time>2026-05-02T05:07:24Z</time></trkpt><trkpt lat="35.9168824833" lon="139.3622825481"><ele>78.97</ele><time>2026-05-02T05:07:37Z</time></trkpt><trkpt lat="35.9171311744" lon="139.3621781096"><ele>77.04</ele><time>2026-05-02T05:07:48Z</time></trkpt><trkpt lat="35.9173100442" lon="139.3620920274"><ele>76.56</ele><time>2026-05-02T05:07:56Z</time></trkpt><trkpt lat="35.9175166581" lon="139.3620001618"><ele>74.16</ele><time>2026-05-02T05:08:05Z</time></trkpt><trkpt lat="35.9177859686" lon="139.3619016744"><ele>72.24</ele><time>2026-05-02T05:08:16Z</time></trkpt><trkpt lat="35.9180236794" lon="139.3618090544"><ele>70.31</ele><time>2026-05-02T05:08:27Z</time></trkpt><trkpt lat="35.9180363361" lon="139.3618046958"><ele>70.31</ele><time>2026-05-02T05:08:28Z</time></trkpt><trkpt lat="35.9180481546" lon="139.3617983256"><ele>70.31</ele><time>2026-05-02T05:08:29Z</time></trkpt><trkpt lat="35.9180610627" lon="139.3617910333"><ele>70.31</ele><time>2026-05-02T05:08:30Z</time></trkpt><trkpt lat="35.9182572830" lon="139.3616908696"><ele>71.27</ele><time>2026-05-02T05:08:40Z</time></trkpt><trkpt lat="35.9184949100" lon="139.3615632132"><ele>69.83</ele><time>2026-05-02T05:08:51Z</time></trkpt><trkpt lat="35.9187709261" lon="139.3614184577"><ele>68.39</ele><time>2026-05-02T05:09:04Z</time></trkpt><trkpt lat="35.9189438447" lon="139.3612906337"><ele>67.91</ele><time>2026-05-02T05:09:18Z</time></trkpt><trkpt lat="35.9191041905" lon="139.3611344788"><ele>67.91</ele><time>2026-05-02T05:09:29Z</time></trkpt><trkpt lat="35.9191813879" lon="139.3610275257"><ele>67.43</ele><time>2026-05-02T05:09:37Z</time></trkpt><trkpt lat="35.9191837348" lon="139.3610147014"><ele>67.43</ele><time>2026-05-02T05:09:38Z</time></trkpt><trkpt lat="35.9191714972" lon="139.3609628174"><ele>65.99</ele><time>2026-05-02T05:09:50Z</time></trkpt><trkpt lat="35.9191823099" lon="139.3609508313"><ele>65.51</ele><time>2026-05-02T05:09:59Z</time></trkpt><trkpt lat="35.9191947989" lon="139.3609395158"><ele>65.51</ele><time>2026-05-02T05:10:00Z</time></trkpt><trkpt lat="35.9192085452" lon="139.3609242607"><ele>65.51</ele><time>2026-05-02T05:10:01Z</time></trkpt><trkpt lat="35.9192222077" lon="139.3609080836"><ele>65.99</ele><time>2026-05-02T05:10:02Z</time></trkpt><trkpt lat="35.9192330204" lon="139.3608913198"><ele>65.99</ele><time>2026-05-02T05:10:03Z</time></trkpt><trkpt lat="35.9192340262" lon="139.3608681019"><ele>65.99</ele><time>2026-05-02T05:10:04Z</time></trkpt><trkpt lat="35.9192253929" lon="139.3608490750"><ele>66.47</ele><time>2026-05-02T05:10:05Z</time></trkpt><trkpt lat="35.9192216210" lon="139.3608333170"><ele>66.95</ele><time>2026-05-02T05:10:06Z</time></trkpt><trkpt lat="35.9192160890" lon="139.3608125299"><ele>66.95</ele><time>2026-05-02T05:10:07Z</time></trkpt><trkpt lat="35.9192087967" lon="139.3607947603"><ele>67.43</ele><time>2026-05-02T05:10:08Z</time></trkpt><trkpt lat="35.9192056954" lon="139.3607753143"><ele>67.91</ele><time>2026-05-02T05:10:09Z</time></trkpt><trkpt lat="35.9192106407" lon="139.3607548624"><ele>67.91</ele><time>2026-05-02T05:10:10Z</time></trkpt><trkpt lat="35.9192186035" lon="139.3607344106"><ele>68.39</ele><time>2026-05-02T05:10:11Z</time></trkpt><trkpt lat="35.9192283265" lon="139.3607066665"><ele>68.87</ele><time>2026-05-02T05:10:12Z</time></trkpt><trkpt lat="35.9193564858" lon="139.3604709674"><ele>68.39</ele><time>2026-05-02T05:10:22Z</time></trkpt><trkpt lat="35.9194546379" lon="139.3602980487"><ele>67.91</ele><time>2026-05-02T05:10:32Z</time></trkpt><trkpt lat="35.9195688833" lon="139.3601537962"><ele>67.43</ele><time>2026-05-02T05:10:45Z</time></trkpt><trkpt lat="35.9196867328" lon="139.3602395430"><ele>66.47</ele><time>2026-05-02T05:10:57Z</time></trkpt><trkpt lat="35.9196912590" lon="139.3602309097"><ele>65.51</ele><time>2026-05-02T05:11:04Z</time></trkpt><trkpt lat="35.9196846373" lon="139.3602211867"><ele>65.51</ele><time>2026-05-02T05:11:05Z</time></trkpt><trkpt lat="35.9196745791" lon="139.3602120504"><ele>65.51</ele><time>2026-05-02T05:11:06Z</time></trkpt><trkpt lat="35.9196300711" lon="139.3601526227"><ele>65.99</ele><time>2026-05-02T05:11:13Z</time></trkpt><trkpt lat="35.9196331725" lon="139.3601376191"><ele>65.99</ele><time>2026-05-02T05:11:14Z</time></trkpt><trkpt lat="35.9196404647" lon="139.3601223640"><ele>65.99</ele><time>2026-05-02T05:11:15Z</time></trkpt><trkpt lat="35.9196483437" lon="139.3601102103"><ele>65.99</ele><time>2026-05-02T05:11:16Z</time></trkpt><trkpt lat="35.9196604136" lon="139.3600922730"><ele>65.99</ele><time>2026-05-02T05:11:17Z</time></trkpt><trkpt lat="35.9196708072" lon="139.3600742519"><ele>65.99</ele><time>2026-05-02T05:11:18Z</time></trkpt><trkpt lat="35.9197525308" lon="139.3599271495"><ele>66.47</ele><time>2026-05-02T05:11:27Z</time></trkpt><trkpt lat="35.9198555443" lon="139.3597242236"><ele>67.43</ele><time>2026-05-02T05:11:36Z</time></trkpt><trkpt lat="35.9199841227" lon="139.3595354632"><ele>66.95</ele><time>2026-05-02T05:11:45Z</time></trkpt><trkpt lat="35.9201382659" lon="139.3593278434"><ele>65.99</ele><time>2026-05-02T05:11:55Z</time></trkpt><trkpt lat="35.9202871285" lon="139.3591131829"><ele>65.99</ele><time>2026-05-02T05:12:05Z</time></trkpt><trkpt lat="35.9204213228" lon="139.3589074071"><ele>66.47</ele><time>2026-05-02T05:12:15Z</time></trkpt><trkpt lat="35.9205660783" lon="139.3586966861"><ele>66.47</ele><time>2026-05-02T05:12:25Z</time></trkpt><trkpt lat="35.9206520766" lon="139.3585659284"><ele>66.47</ele><time>2026-05-02T05:12:35Z</time></trkpt><trkpt lat="35.9207873605" lon="139.3583708815"><ele>66.47</ele><time>2026-05-02T05:12:53Z</time></trkpt><trkpt lat="35.9209316969" lon="139.3581605796"><ele>66.47</ele><time>2026-05-02T05:13:05Z</time></trkpt><trkpt lat="35.9210863430" lon="139.3579342682"><ele>65.99</ele><time>2026-05-02T05:13:16Z</time></trkpt><trkpt lat="35.9212165140" lon="139.3577420712"><ele>66.47</ele><time>2026-05-02T05:13:26Z</time></trkpt><trkpt lat="35.9213657957" lon="139.3575415760"><ele>68.87</ele><time>2026-05-02T05:13:37Z</time></trkpt><trkpt lat="35.9215454198" lon="139.3573677354"><ele>69.83</ele><time>2026-05-02T05:13:48Z</time></trkpt><trkpt lat="35.9217820410" lon="139.3572896998"><ele>68.87</ele><time>2026-05-02T05:13:59Z</time></trkpt><trkpt lat="35.9220210928" lon="139.3572166096"><ele>69.35</ele><time>2026-05-02T05:14:10Z</time></trkpt><trkpt lat="35.9222251084" lon="139.3571523204"><ele>69.83</ele><time>2026-05-02T05:14:19Z</time></trkpt><trkpt lat="35.9224497434" lon="139.3570467085"><ele>69.35</ele><time>2026-05-02T05:14:29Z</time></trkpt><trkpt lat="35.9226629790" lon="139.3569753785"><ele>69.35</ele><time>2026-05-02T05:14:39Z</time></trkpt><trkpt lat="35.9228569362" lon="139.3569278531"><ele>69.35</ele><time>2026-05-02T05:14:48Z</time></trkpt><trkpt lat="35.9230197966" lon="139.3568739574"><ele>70.79</ele><time>2026-05-02T05:14:58Z</time></trkpt><trkpt lat="35.9230303578" lon="139.3568737060"><ele>71.27</ele><time>2026-05-02T05:14:59Z</time></trkpt><trkpt lat="35.9232366364" lon="139.3568367418"><ele>75.12</ele><time>2026-05-02T05:15:11Z</time></trkpt><trkpt lat="35.9234572481" lon="139.3568046391"><ele>76.08</ele><time>2026-05-02T05:15:21Z</time></trkpt><trkpt lat="35.9236384649" lon="139.3567887973"><ele>78.97</ele><time>2026-05-02T05:15:30Z</time></trkpt><trkpt lat="35.9238283150" lon="139.3567630649"><ele>82.81</ele><time>2026-05-02T05:15:40Z</time></trkpt><trkpt lat="35.9239438176" lon="139.3567420263"><ele>82.81</ele><time>2026-05-02T05:15:51Z</time></trkpt><trkpt lat="35.9239562228" lon="139.3567412719"><ele>82.33</ele><time>2026-05-02T05:15:52Z</time></trkpt><trkpt lat="35.9239661973" lon="139.3567401823"><ele>81.85</ele><time>2026-05-02T05:15:53Z</time></trkpt><trkpt lat="35.9239775967" lon="139.3567388412"><ele>81.85</ele><time>2026-05-02T05:15:54Z</time></trkpt><trkpt lat="35.9241562989" lon="139.3568556849"><ele>78.97</ele><time>2026-05-02T05:16:07Z</time></trkpt><trkpt lat="35.9243338276" lon="139.3570010271"><ele>78.00</ele><time>2026-05-02T05:16:17Z</time></trkpt><trkpt lat="35.9245492425" lon="139.3570218980"><ele>77.04</ele><time>2026-05-02T05:16:27Z</time></trkpt><trkpt lat="35.9246820956" lon="139.3570422661"><ele>75.60</ele><time>2026-05-02T05:16:33Z</time></trkpt><trkpt lat="35.9247036371" lon="139.3570518214"><ele>75.60</ele><time>2026-05-02T05:16:34Z</time></trkpt><trkpt lat="35.9247227479" lon="139.3570574373"><ele>75.60</ele><time>2026-05-02T05:16:35Z</time></trkpt><trkpt lat="35.9249196388" lon="139.3571118359"><ele>76.08</ele><time>2026-05-02T05:16:44Z</time></trkpt><trkpt lat="35.9251607861" lon="139.3570946530"><ele>75.12</ele><time>2026-05-02T05:16:54Z</time></trkpt><trkpt lat="35.9253814816" lon="139.3570738658"><ele>73.68</ele><time>2026-05-02T05:17:03Z</time></trkpt><trkpt lat="35.9255944658" lon="139.3570591137"><ele>72.24</ele><time>2026-05-02T05:17:12Z</time></trkpt><trkpt lat="35.9257943742" lon="139.3570512347"><ele>70.31</ele><time>2026-05-02T05:17:20Z</time></trkpt><trkpt lat="35.9260371141" lon="139.3570238259"><ele>68.39</ele><time>2026-05-02T05:17:30Z</time></trkpt><trkpt lat="35.9262664430" lon="139.3569833413"><ele>66.95</ele><time>2026-05-02T05:17:40Z</time></trkpt><trkpt lat="35.9264721349" lon="139.3569457904"><ele>66.47</ele><time>2026-05-02T05:17:49Z</time></trkpt><trkpt lat="35.9266912378" lon="139.3569054734"><ele>65.03</ele><time>2026-05-02T05:18:00Z</time></trkpt><trkpt lat="35.9268385079" lon="139.3568891287"><ele>65.99</ele><time>2026-05-02T05:18:13Z</time></trkpt><trkpt lat="35.9268855304" lon="139.3568498176"><ele>65.99</ele><time>2026-05-02T05:18:23Z</time></trkpt><trkpt lat="35.9269423597" lon="139.3568263482"><ele>64.07</ele><time>2026-05-02T05:18:38Z</time></trkpt><trkpt lat="35.9270366561" lon="139.3567879591"><ele>64.07</ele><time>2026-05-02T05:18:48Z</time></trkpt><trkpt lat="35.9270942397" lon="139.3567752186"><ele>61.18</ele><time>2026-05-02T05:19:07Z</time></trkpt><trkpt lat="35.9272214770" lon="139.3567494024"><ele>61.66</ele><time>2026-05-02T05:19:19Z</time></trkpt><trkpt lat="35.9273963235" lon="139.3566953391"><ele>63.10</ele><time>2026-05-02T05:19:28Z</time></trkpt><trkpt lat="35.9275723435" lon="139.3566537648"><ele>63.10</ele><time>2026-05-02T05:19:37Z</time></trkpt><trkpt lat="35.9277731739" lon="139.3566105142"><ele>63.58</ele><time>2026-05-02T05:19:47Z</time></trkpt><trkpt lat="35.9279997367" lon="139.3565504160"><ele>63.10</ele><time>2026-05-02T05:19:58Z</time></trkpt><trkpt lat="35.9282386210" lon="139.3564561196"><ele>63.58</ele><time>2026-05-02T05:20:10Z</time></trkpt><trkpt lat="35.9284619987" lon="139.3563896511"><ele>65.03</ele><time>2026-05-02T05:20:21Z</time></trkpt><trkpt lat="35.9287163056" lon="139.3563483283"><ele>65.03</ele><time>2026-05-02T05:20:32Z</time></trkpt><trkpt lat="35.9289263561" lon="139.3562783394"><ele>65.03</ele><time>2026-05-02T05:20:42Z</time></trkpt><trkpt lat="35.9291044716" lon="139.3562326580"><ele>63.58</ele><time>2026-05-02T05:20:52Z</time></trkpt><trkpt lat="35.9293363988" lon="139.3562107813"><ele>63.10</ele><time>2026-05-02T05:21:03Z</time></trkpt><trkpt lat="35.9295187052" lon="139.3561908323"><ele>62.62</ele><time>2026-05-02T05:21:12Z</time></trkpt><trkpt lat="35.9297131654" lon="139.3561412115"><ele>64.55</ele><time>2026-05-02T05:21:22Z</time></trkpt><trkpt lat="35.9298667219" lon="139.3561140541"><ele>65.03</ele><time>2026-05-02T05:21:31Z</time></trkpt><trkpt lat="35.9299859125" lon="139.3560817000"><ele>66.95</ele><time>2026-05-02T05:21:43Z</time></trkpt><trkpt lat="35.9300449211" lon="139.3560588174"><ele>66.95</ele><time>2026-05-02T05:21:55Z</time></trkpt><trkpt lat="35.9300833941" lon="139.3560442328"><ele>67.91</ele><time>2026-05-02T05:22:07Z</time></trkpt><trkpt lat="35.9300963860" lon="139.3560319114"><ele>66.95</ele><time>2026-05-02T05:22:29Z</time></trkpt><trkpt lat="35.9300928656" lon="139.3560444843"><ele>64.55</ele><time>2026-05-02T05:22:42Z</time></trkpt><trkpt lat="35.9301088750" lon="139.3560548779"><ele>63.58</ele><time>2026-05-02T05:22:48Z</time></trkpt><trkpt lat="35.9301314224" lon="139.3560153153"><ele>64.07</ele><time>2026-05-02T05:22:51Z</time></trkpt><trkpt lat="35.9301344398" lon="139.3559965398"><ele>64.07</ele><time>2026-05-02T05:22:52Z</time></trkpt><trkpt lat="35.9301369544" lon="139.3559772614"><ele>64.55</ele><time>2026-05-02T05:22:53Z</time></trkpt><trkpt lat="35.9301411454" lon="139.3559579831"><ele>65.03</ele><time>2026-05-02T05:22:54Z</time></trkpt><trkpt lat="35.9301462583" lon="139.3559375312"><ele>65.03</ele><time>2026-05-02T05:22:55Z</time></trkpt><trkpt lat="35.9301495273" lon="139.3559195939"><ele>65.51</ele><time>2026-05-02T05:22:56Z</time></trkpt><trkpt lat="35.9301548079" lon="139.3559029978"><ele>65.51</ele><time>2026-05-02T05:22:57Z</time></trkpt><trkpt lat="35.9301626869" lon="139.3558896706"><ele>65.03</ele><time>2026-05-02T05:22:58Z</time></trkpt><trkpt lat="35.9301752597" lon="139.3558719009"><ele>65.03</ele><time>2026-05-02T05:22:59Z</time></trkpt><trkpt lat="35.9301924426" lon="139.3558586575"><ele>65.03</ele><time>2026-05-02T05:23:00Z</time></trkpt><trkpt lat="35.9302066080" lon="139.3558493536"><ele>65.03</ele><time>2026-05-02T05:23:01Z</time></trkpt><trkpt lat="35.9302248806" lon="139.3558383733"><ele>64.55</ele><time>2026-05-02T05:23:02Z</time></trkpt><trkpt lat="35.9302419797" lon="139.3558282312"><ele>64.55</ele><time>2026-05-02T05:23:03Z</time></trkpt><trkpt lat="35.9304615855" lon="139.3557457533"><ele>65.03</ele><time>2026-05-02T05:23:14Z</time></trkpt><trkpt lat="35.9306622483" lon="139.3556822184"><ele>66.47</ele><time>2026-05-02T05:23:25Z</time></trkpt><trkpt lat="35.9307539463" lon="139.3556101341"><ele>69.35</ele><time>2026-05-02T05:23:37Z</time></trkpt><trkpt lat="35.9307904076" lon="139.3555624411"><ele>70.79</ele><time>2026-05-02T05:23:53Z</time></trkpt><trkpt lat="35.9308044892" lon="139.3555606809"><ele>70.79</ele><time>2026-05-02T05:23:54Z</time></trkpt><trkpt lat="35.9308186546" lon="139.3555601779"><ele>70.79</ele><time>2026-05-02T05:23:55Z</time></trkpt><trkpt lat="35.9308308084" lon="139.3555616867"><ele>70.79</ele><time>2026-05-02T05:23:56Z</time></trkpt><trkpt lat="35.9308878053" lon="139.3555727508"><ele>70.79</ele><time>2026-05-02T05:24:00Z</time></trkpt><trkpt lat="35.9309026413" lon="139.3555809651"><ele>71.27</ele><time>2026-05-02T05:24:01Z</time></trkpt><trkpt lat="35.9309202433" lon="139.3555868324"><ele>71.27</ele><time>2026-05-02T05:24:02Z</time></trkpt><trkpt lat="35.9309365042" lon="139.3555919454"><ele>70.79</ele><time>2026-05-02T05:24:03Z</time></trkpt><trkpt lat="35.9309502505" lon="139.3555995729"><ele>70.79</ele><time>2026-05-02T05:24:04Z</time></trkpt><trkpt lat="35.9309637453" lon="139.3556066975"><ele>70.79</ele><time>2026-05-02T05:24:05Z</time></trkpt><trkpt lat="35.9309775755" lon="139.3556122296"><ele>70.79</ele><time>2026-05-02T05:24:06Z</time></trkpt><trkpt lat="35.9309901483" lon="139.3556160852"><ele>70.79</ele><time>2026-05-02T05:24:07Z</time></trkpt><trkpt lat="35.9310023021" lon="139.3556209467"><ele>70.79</ele><time>2026-05-02T05:24:08Z</time></trkpt><trkpt lat="35.9310154617" lon="139.3556277361"><ele>70.31</ele><time>2026-05-02T05:24:09Z</time></trkpt><trkpt lat="35.9310287051" lon="139.3556314241"><ele>70.31</ele><time>2026-05-02T05:24:10Z</time></trkpt><trkpt lat="35.9310439602" lon="139.3556356151"><ele>69.83</ele><time>2026-05-02T05:24:11Z</time></trkpt><trkpt lat="35.9312670864" lon="139.3557020836"><ele>66.47</ele><time>2026-05-02T05:24:25Z</time></trkpt><trkpt lat="35.9313089959" lon="139.3557053525"><ele>66.47</ele><time>2026-05-02T05:24:27Z</time></trkpt><trkpt lat="35.9313257597" lon="139.3557121418"><ele>65.99</ele><time>2026-05-02T05:24:28Z</time></trkpt><trkpt lat="35.9313400928" lon="139.3557164166"><ele>65.99</ele><time>2026-05-02T05:24:29Z</time></trkpt><trkpt lat="35.9314224031" lon="139.3557321746"><ele>65.99</ele><time>2026-05-02T05:24:39Z</time></trkpt><trkpt lat="35.9315140173" lon="139.3557788618"><ele>66.95</ele><time>2026-05-02T05:24:47Z</time></trkpt><trkpt lat="35.9315531608" lon="139.3558232859"><ele>66.47</ele><time>2026-05-02T05:24:51Z</time></trkpt><trkpt lat="35.9315750375" lon="139.3558616750"><ele>66.47</ele><time>2026-05-02T05:24:54Z</time></trkpt><trkpt lat="35.9315833356" lon="139.3558719009"><ele>65.99</ele><time>2026-05-02T05:24:55Z</time></trkpt><trkpt lat="35.9317013528" lon="139.3560247030"><ele>65.51</ele><time>2026-05-02T05:25:09Z</time></trkpt><trkpt lat="35.9317777958" lon="139.3561395351"><ele>62.14</ele><time>2026-05-02T05:25:17Z</time></trkpt><trkpt lat="35.9317643009" lon="139.3562009744"><ele>58.78</ele><time>2026-05-02T05:25:26Z</time></trkpt><trkpt lat="35.9317566734" lon="139.3562447280"><ele>57.34</ele><time>2026-05-02T05:25:39Z</time></trkpt><trkpt lat="35.9317120817" lon="139.3563130405"><ele>54.93</ele><time>2026-05-02T05:25:53Z</time></trkpt><trkpt lat="35.9316366445" lon="139.3564805947"><ele>54.93</ele><time>2026-05-02T05:26:07Z</time></trkpt><trkpt lat="35.9316362254" lon="139.3564832769"><ele>53.49</ele><time>2026-05-02T05:26:18Z</time></trkpt><trkpt lat="35.9316791408" lon="139.3565166369"><ele>55.89</ele><time>2026-05-02T05:26:33Z</time></trkpt><trkpt lat="35.9316456970" lon="139.3565343227"><ele>57.82</ele><time>2026-05-02T05:26:54Z</time></trkpt><trkpt lat="35.9316323698" lon="139.3565266952"><ele>61.66</ele><time>2026-05-02T05:27:17Z</time></trkpt><trkpt lat="35.9316399973" lon="139.3565562833"><ele>62.62</ele><time>2026-05-02T05:27:37Z</time></trkpt><trkpt lat="35.9316316154" lon="139.3565418664"><ele>61.66</ele><time>2026-05-02T05:28:01Z</time></trkpt><trkpt lat="35.9316190425" lon="139.3565295450"><ele>61.18</ele><time>2026-05-02T05:28:34Z</time></trkpt><trkpt lat="35.9316535760" lon="139.3565038126"><ele>65.99</ele><time>2026-05-02T05:28:56Z</time></trkpt></trkseg></trk></gpx>