<?xml version="1.0" encoding="UTF-8"?>
<gpx xmlns:xsi="http://www.w3.org/2001/XMLSchema-instance" xmlns="http://www.topografix.com/GPX/1/1" xsi:schemaLocation="http://www.topografix.com/GPX/1/1 http://www.topografix.com/GPX/1/1/gpx.xsd" creator="Yamareco Android 9.1.3 - www.yamareco.com">
<trk><name>track</name><number>1</number><trkseg>
<trkpt lat="35.6506576" lon="139.4466004"><ele>51</ele><time>2026-04-17T23:25:08Z</time></trkpt>
<trkpt lat="35.6506187" lon="139.4464992"><ele>51</ele><time>2026-04-17T23:25:59Z</time></trkpt>
<trkpt lat="35.6506148" lon="139.4466207"><ele>51</ele><time>2026-04-17T23:26:59Z</time></trkpt>
<trkpt lat="35.6506949" lon="139.4467034"><ele>51</ele><time>2026-04-17T23:27:05Z</time></trkpt>
<trkpt lat="35.6507672" lon="139.4467805"><ele>51</ele><time>2026-04-17T23:27:11Z</time></trkpt>
<trkpt lat="35.6508605" lon="139.4468784"><ele>51</ele><time>2026-04-17T23:27:20Z</time></trkpt>
<trkpt lat="35.6509316" lon="139.446957"><ele>51</ele><time>2026-04-17T23:27:29Z</time></trkpt>
<trkpt lat="35.6509863" lon="139.4470523"><ele>51</ele><time>2026-04-17T23:27:35Z</time></trkpt>
<trkpt lat="35.6509385" lon="139.4469374"><ele>51</ele><time>2026-04-17T23:27:44Z</time></trkpt>
<trkpt lat="35.6506939" lon="139.4468971"><ele>51</ele><time>2026-04-17T23:28:29Z</time></trkpt>
<trkpt lat="35.6506301" lon="139.4468139"><ele>51</ele><time>2026-04-17T23:30:02Z</time></trkpt>
<trkpt lat="35.650528" lon="139.4467979"><ele>51</ele><time>2026-04-17T23:30:10Z</time></trkpt>
<trkpt lat="35.6504212" lon="139.4468061"><ele>51</ele><time>2026-04-17T23:31:00Z</time></trkpt>
<trkpt lat="35.6503254" lon="139.4467244"><ele>51</ele><time>2026-04-17T23:31:35Z</time></trkpt>
<trkpt lat="35.6502632" lon="139.4466335"><ele>51</ele><time>2026-04-17T23:31:41Z</time></trkpt>
<trkpt lat="35.6501747" lon="139.4465592"><ele>51</ele><time>2026-04-17T23:31:50Z</time></trkpt>
<trkpt lat="35.6500707" lon="139.4466012"><ele>51</ele><time>2026-04-17T23:31:56Z</time></trkpt>
<trkpt lat="35.6499833" lon="139.4466464"><ele>51</ele><time>2026-04-17T23:32:37Z</time></trkpt>
<trkpt lat="35.6500047" lon="139.4467581"><ele>51</ele><time>2026-04-17T23:33:16Z</time></trkpt>
<trkpt lat="35.650022" lon="139.4468757"><ele>51</ele><time>2026-04-17T23:34:25Z</time></trkpt>
<trkpt lat="35.6500054" lon="139.4470075"><ele>51</ele><time>2026-04-17T23:34:31Z</time></trkpt>
<trkpt lat="35.6499471" lon="139.4472884"><ele>51</ele><time>2026-04-17T23:34:39Z</time></trkpt>
<trkpt lat="35.6499312" lon="139.447549"><ele>50</ele><time>2026-04-17T23:34:48Z</time></trkpt>
<trkpt lat="35.6499537" lon="139.4477129"><ele>50</ele><time>2026-04-17T23:34:53Z</time></trkpt>
<trkpt lat="35.6499649" lon="139.4479769"><ele>50</ele><time>2026-04-17T23:35:02Z</time></trkpt>
<trkpt lat="35.6499292" lon="139.4481392"><ele>50</ele><time>2026-04-17T23:35:07Z</time></trkpt>
<trkpt lat="35.6498785" lon="139.4482951"><ele>50</ele><time>2026-04-17T23:35:13Z</time></trkpt>
<trkpt lat="35.6498752" lon="139.4484665"><ele>50</ele><time>2026-04-17T23:35:19Z</time></trkpt>
<trkpt lat="35.6498245" lon="139.4487243"><ele>50</ele><time>2026-04-17T23:35:27Z</time></trkpt>
<trkpt lat="35.649788" lon="139.44887"><ele>50</ele><time>2026-04-17T23:35:33Z</time></trkpt>
<trkpt lat="35.6497746" lon="139.4492428"><ele>50</ele><time>2026-04-17T23:35:44Z</time></trkpt>
<trkpt lat="35.6497801" lon="139.4495096"><ele>50</ele><time>2026-04-17T23:35:52Z</time></trkpt>
<trkpt lat="35.6497429" lon="139.4496755"><ele>50</ele><time>2026-04-17T23:35:58Z</time></trkpt>
<trkpt lat="35.6496697" lon="139.4499242"><ele>50</ele><time>2026-04-17T23:36:06Z</time></trkpt>
<trkpt lat="35.6496562" lon="139.4500957"><ele>50</ele><time>2026-04-17T23:36:12Z</time></trkpt>
<trkpt lat="35.6496036" lon="139.4502441"><ele>50</ele><time>2026-04-17T23:36:18Z</time></trkpt>
<trkpt lat="35.6495765" lon="139.4504076"><ele>50</ele><time>2026-04-17T23:36:23Z</time></trkpt>
<trkpt lat="35.6494653" lon="139.4506334"><ele>50</ele><time>2026-04-17T23:36:32Z</time></trkpt>
<trkpt lat="35.6493934" lon="139.4508806"><ele>50</ele><time>2026-04-17T23:36:40Z</time></trkpt>
<trkpt lat="35.6493501" lon="139.4510462"><ele>50</ele><time>2026-04-17T23:36:46Z</time></trkpt>
<trkpt lat="35.6493229" lon="139.4511542"><ele>50</ele><time>2026-04-17T23:36:52Z</time></trkpt>
<trkpt lat="35.6492632" lon="139.451238"><ele>50</ele><time>2026-04-17T23:36:57Z</time></trkpt>
<trkpt lat="35.64924" lon="139.4513955"><ele>50</ele><time>2026-04-17T23:37:03Z</time></trkpt>
<trkpt lat="35.6491992" lon="139.4515634"><ele>50</ele><time>2026-04-17T23:37:08Z</time></trkpt>
<trkpt lat="35.6491619" lon="139.4517232"><ele>50</ele><time>2026-04-17T23:37:14Z</time></trkpt>
<trkpt lat="35.6491368" lon="139.4518878"><ele>50</ele><time>2026-04-17T23:37:20Z</time></trkpt>
<trkpt lat="35.6490761" lon="139.452136"><ele>50</ele><time>2026-04-17T23:37:28Z</time></trkpt>
<trkpt lat="35.649048" lon="139.4522864"><ele>50</ele><time>2026-04-17T23:37:33Z</time></trkpt>
<trkpt lat="35.6489797" lon="139.4524074"><ele>50</ele><time>2026-04-17T23:37:39Z</time></trkpt>
<trkpt lat="35.6489193" lon="139.4525189"><ele>50</ele><time>2026-04-17T23:37:48Z</time></trkpt>
<trkpt lat="35.6487966" lon="139.4525798"><ele>50</ele><time>2026-04-17T23:38:07Z</time></trkpt>
<trkpt lat="35.648664" lon="139.4525517"><ele>50</ele><time>2026-04-17T23:38:12Z</time></trkpt>
<trkpt lat="35.6485322" lon="139.4525669"><ele>50</ele><time>2026-04-17T23:38:18Z</time></trkpt>
<trkpt lat="35.6483988" lon="139.4526198"><ele>50</ele><time>2026-04-17T23:38:23Z</time></trkpt>
<trkpt lat="35.6482615" lon="139.4526341"><ele>50</ele><time>2026-04-17T23:38:29Z</time></trkpt>
<trkpt lat="35.6480482" lon="139.4525983"><ele>50</ele><time>2026-04-17T23:38:37Z</time></trkpt>
<trkpt lat="35.6479134" lon="139.4525933"><ele>50</ele><time>2026-04-17T23:38:43Z</time></trkpt>
<trkpt lat="35.6476991" lon="139.452489"><ele>50</ele><time>2026-04-17T23:38:55Z</time></trkpt>
<trkpt lat="35.6475067" lon="139.4523452"><ele>50</ele><time>2026-04-17T23:39:03Z</time></trkpt>
<trkpt lat="35.647382" lon="139.4522748"><ele>50</ele><time>2026-04-17T23:39:09Z</time></trkpt>
<trkpt lat="35.6472719" lon="139.4522427"><ele>50</ele><time>2026-04-17T23:39:18Z</time></trkpt>
<trkpt lat="35.6470846" lon="139.4520981"><ele>51</ele><time>2026-04-17T23:39:26Z</time></trkpt>
<trkpt lat="35.646947" lon="139.4520406"><ele>51</ele><time>2026-04-17T23:39:32Z</time></trkpt>
<trkpt lat="35.6468278" lon="139.4519491"><ele>51</ele><time>2026-04-17T23:39:38Z</time></trkpt>
<trkpt lat="35.6467187" lon="139.4518661"><ele>52</ele><time>2026-04-17T23:39:43Z</time></trkpt>
<trkpt lat="35.6465971" lon="139.4517905"><ele>52</ele><time>2026-04-17T23:39:49Z</time></trkpt>
<trkpt lat="35.6464682" lon="139.4517358"><ele>52</ele><time>2026-04-17T23:39:54Z</time></trkpt>
<trkpt lat="35.646331" lon="139.451692"><ele>52</ele><time>2026-04-17T23:40:00Z</time></trkpt>
<trkpt lat="35.6461313" lon="139.4515907"><ele>51</ele><time>2026-04-17T23:40:08Z</time></trkpt>
<trkpt lat="35.6460073" lon="139.4515224"><ele>51</ele><time>2026-04-17T23:40:14Z</time></trkpt>
<trkpt lat="35.6458791" lon="139.4514705"><ele>51</ele><time>2026-04-17T23:40:19Z</time></trkpt>
<trkpt lat="35.6457641" lon="139.4513893"><ele>52</ele><time>2026-04-17T23:40:25Z</time></trkpt>
<trkpt lat="35.6456462" lon="139.4513257"><ele>53</ele><time>2026-04-17T23:40:30Z</time></trkpt>
<trkpt lat="35.645535" lon="139.4512574"><ele>53</ele><time>2026-04-17T23:40:36Z</time></trkpt>
<trkpt lat="35.6454104" lon="139.4512056"><ele>53</ele><time>2026-04-17T23:40:42Z</time></trkpt>
<trkpt lat="35.6452871" lon="139.4511548"><ele>53</ele><time>2026-04-17T23:40:47Z</time></trkpt>
<trkpt lat="35.6451565" lon="139.4511056"><ele>54</ele><time>2026-04-17T23:40:53Z</time></trkpt>
<trkpt lat="35.6450197" lon="139.45109"><ele>55</ele><time>2026-04-17T23:40:58Z</time></trkpt>
<trkpt lat="35.6448845" lon="139.4510578"><ele>55</ele><time>2026-04-17T23:41:04Z</time></trkpt>
<trkpt lat="35.6447574" lon="139.4510407"><ele>56</ele><time>2026-04-17T23:41:09Z</time></trkpt>
<trkpt lat="35.6446212" lon="139.451046"><ele>56</ele><time>2026-04-17T23:41:15Z</time></trkpt>
<trkpt lat="35.6444887" lon="139.4510279"><ele>56</ele><time>2026-04-17T23:41:20Z</time></trkpt>
<trkpt lat="35.6443652" lon="139.4510089"><ele>56</ele><time>2026-04-17T23:41:26Z</time></trkpt>
<trkpt lat="35.6442286" lon="139.4509823"><ele>56</ele><time>2026-04-17T23:41:31Z</time></trkpt>
<trkpt lat="35.6440927" lon="139.4509684"><ele>56</ele><time>2026-04-17T23:41:37Z</time></trkpt>
<trkpt lat="35.6439584" lon="139.4509387"><ele>56</ele><time>2026-04-17T23:41:42Z</time></trkpt>
<trkpt lat="35.6438113" lon="139.4509078"><ele>57</ele><time>2026-04-17T23:41:48Z</time></trkpt>
<trkpt lat="35.6436712" lon="139.4508767"><ele>55</ele><time>2026-04-17T23:41:53Z</time></trkpt>
<trkpt lat="35.6435372" lon="139.4508182"><ele>55</ele><time>2026-04-17T23:41:59Z</time></trkpt>
<trkpt lat="35.643404" lon="139.4507733"><ele>55</ele><time>2026-04-17T23:42:04Z</time></trkpt>
<trkpt lat="35.6432678" lon="139.4507367"><ele>55</ele><time>2026-04-17T23:42:10Z</time></trkpt>
<trkpt lat="35.6430588" lon="139.4506911"><ele>56</ele><time>2026-04-17T23:42:18Z</time></trkpt>
<trkpt lat="35.6429277" lon="139.4506783"><ele>56</ele><time>2026-04-17T23:42:24Z</time></trkpt>
<trkpt lat="35.642791" lon="139.4506381"><ele>56</ele><time>2026-04-17T23:42:29Z</time></trkpt>
<trkpt lat="35.642649" lon="139.4505851"><ele>56</ele><time>2026-04-17T23:42:35Z</time></trkpt>
<trkpt lat="35.6425127" lon="139.450546"><ele>55</ele><time>2026-04-17T23:42:41Z</time></trkpt>
<trkpt lat="35.6423743" lon="139.450512"><ele>55</ele><time>2026-04-17T23:42:46Z</time></trkpt>
<trkpt lat="35.6422392" lon="139.4504636"><ele>55</ele><time>2026-04-17T23:42:52Z</time></trkpt>
<trkpt lat="35.6420169" lon="139.45041"><ele>55</ele><time>2026-04-17T23:43:00Z</time></trkpt>
<trkpt lat="35.641885" lon="139.450378"><ele>55</ele><time>2026-04-17T23:43:06Z</time></trkpt>
<trkpt lat="35.6417376" lon="139.4503299"><ele>55</ele><time>2026-04-17T23:43:12Z</time></trkpt>
<trkpt lat="35.6416015" lon="139.4502881"><ele>55</ele><time>2026-04-17T23:43:17Z</time></trkpt>
<trkpt lat="35.6414602" lon="139.4502538"><ele>57</ele><time>2026-04-17T23:43:23Z</time></trkpt>
<trkpt lat="35.64133" lon="139.4502132"><ele>57</ele><time>2026-04-17T23:43:28Z</time></trkpt>
<trkpt lat="35.6411959" lon="139.4501807"><ele>58</ele><time>2026-04-17T23:43:34Z</time></trkpt>
<trkpt lat="35.641063" lon="139.45014"><ele>58</ele><time>2026-04-17T23:43:39Z</time></trkpt>
<trkpt lat="35.6409558" lon="139.4500968"><ele>59</ele><time>2026-04-17T23:43:50Z</time></trkpt>
<trkpt lat="35.6407299" lon="139.4500355"><ele>59</ele><time>2026-04-17T23:44:13Z</time></trkpt>
<trkpt lat="35.6405197" lon="139.4499054"><ele>61</ele><time>2026-04-17T23:44:21Z</time></trkpt>
<trkpt lat="35.6403923" lon="139.44983"><ele>63</ele><time>2026-04-17T23:44:27Z</time></trkpt>
<trkpt lat="35.64027" lon="139.4497825"><ele>63</ele><time>2026-04-17T23:44:32Z</time></trkpt>
<trkpt lat="35.6401423" lon="139.4497298"><ele>62</ele><time>2026-04-17T23:44:38Z</time></trkpt>
<trkpt lat="35.6400129" lon="139.44967"><ele>62</ele><time>2026-04-17T23:44:43Z</time></trkpt>
<trkpt lat="35.6398982" lon="139.449586"><ele>62</ele><time>2026-04-17T23:44:49Z</time></trkpt>
<trkpt lat="35.639793" lon="139.449514"><ele>63</ele><time>2026-04-17T23:44:55Z</time></trkpt>
<trkpt lat="35.6397031" lon="139.4494352"><ele>63</ele><time>2026-04-17T23:45:01Z</time></trkpt>
<trkpt lat="35.6395971" lon="139.4493469"><ele>64</ele><time>2026-04-17T23:45:07Z</time></trkpt>
<trkpt lat="35.6395657" lon="139.4491897"><ele>65</ele><time>2026-04-17T23:45:35Z</time></trkpt>
<trkpt lat="35.6394632" lon="139.4490942"><ele>65</ele><time>2026-04-17T23:45:40Z</time></trkpt>
<trkpt lat="35.6393694" lon="139.4490875"><ele>64</ele><time>2026-04-17T23:45:43Z</time></trkpt>
<trkpt lat="35.6392418" lon="139.4490129"><ele>64</ele><time>2026-04-17T23:45:48Z</time></trkpt>
<trkpt lat="35.639135" lon="139.4489609"><ele>62</ele><time>2026-04-17T23:45:51Z</time></trkpt>
<trkpt lat="35.6389372" lon="139.4488081"><ele>62</ele><time>2026-04-17T23:46:00Z</time></trkpt>
<trkpt lat="35.6388274" lon="139.4487102"><ele>64</ele><time>2026-04-17T23:46:06Z</time></trkpt>
<trkpt lat="35.6387254" lon="139.4486275"><ele>65</ele><time>2026-04-17T23:46:12Z</time></trkpt>
<trkpt lat="35.6386207" lon="139.4485523"><ele>66</ele><time>2026-04-17T23:46:17Z</time></trkpt>
<trkpt lat="35.6385138" lon="139.448474"><ele>67</ele><time>2026-04-17T23:46:23Z</time></trkpt>
<trkpt lat="35.6384085" lon="139.4484031"><ele>68</ele><time>2026-04-17T23:46:29Z</time></trkpt>
<trkpt lat="35.6382851" lon="139.4483376"><ele>70</ele><time>2026-04-17T23:46:34Z</time></trkpt>
<trkpt lat="35.6380881" lon="139.4482476"><ele>74</ele><time>2026-04-17T23:46:43Z</time></trkpt>
<trkpt lat="35.6379639" lon="139.4482118"><ele>73</ele><time>2026-04-17T23:46:48Z</time></trkpt>
<trkpt lat="35.6378407" lon="139.4481697"><ele>75</ele><time>2026-04-17T23:46:54Z</time></trkpt>
<trkpt lat="35.6377156" lon="139.4481192"><ele>74</ele><time>2026-04-17T23:46:59Z</time></trkpt>
<trkpt lat="35.6376066" lon="139.4480717"><ele>74</ele><time>2026-04-17T23:47:05Z</time></trkpt>
<trkpt lat="35.6374865" lon="139.4480141"><ele>73</ele><time>2026-04-17T23:47:10Z</time></trkpt>
<trkpt lat="35.637358" lon="139.4479544"><ele>74</ele><time>2026-04-17T23:47:16Z</time></trkpt>
<trkpt lat="35.6372412" lon="139.4478921"><ele>75</ele><time>2026-04-17T23:47:21Z</time></trkpt>
<trkpt lat="35.6371418" lon="139.4478232"><ele>76</ele><time>2026-04-17T23:47:27Z</time></trkpt>
<trkpt lat="35.6370248" lon="139.4477475"><ele>74</ele><time>2026-04-17T23:47:33Z</time></trkpt>
<trkpt lat="35.6369083" lon="139.4476829"><ele>74</ele><time>2026-04-17T23:47:38Z</time></trkpt>
<trkpt lat="35.6368146" lon="139.4475712"><ele>74</ele><time>2026-04-17T23:47:44Z</time></trkpt>
<trkpt lat="35.6367764" lon="139.4474694"><ele>74</ele><time>2026-04-17T23:47:49Z</time></trkpt>
<trkpt lat="35.6368152" lon="139.4473674"><ele>76</ele><time>2026-04-17T23:48:14Z</time></trkpt>
<trkpt lat="35.6366111" lon="139.4472486"><ele>74</ele><time>2026-04-17T23:48:33Z</time></trkpt>
<trkpt lat="35.6365062" lon="139.447134"><ele>73</ele><time>2026-04-17T23:48:38Z</time></trkpt>
<trkpt lat="35.6365131" lon="139.4469906"><ele>75</ele><time>2026-04-17T23:48:41Z</time></trkpt>
<trkpt lat="35.6364365" lon="139.446708"><ele>74</ele><time>2026-04-17T23:48:50Z</time></trkpt>
<trkpt lat="35.6363712" lon="139.4464509"><ele>74</ele><time>2026-04-17T23:48:58Z</time></trkpt>
<trkpt lat="35.6362349" lon="139.446036"><ele>75</ele><time>2026-04-17T23:49:12Z</time></trkpt>
<trkpt lat="35.6361273" lon="139.4457841"><ele>76</ele><time>2026-04-17T23:49:20Z</time></trkpt>
<trkpt lat="35.6360865" lon="139.4456182"><ele>76</ele><time>2026-04-17T23:49:29Z</time></trkpt>
<trkpt lat="35.6360432" lon="139.4454595"><ele>76</ele><time>2026-04-17T23:49:43Z</time></trkpt>
<trkpt lat="35.6359883" lon="139.4453282"><ele>76</ele><time>2026-04-17T23:49:46Z</time></trkpt>
<trkpt lat="35.6358744" lon="139.4450514"><ele>76</ele><time>2026-04-17T23:49:54Z</time></trkpt>
<trkpt lat="35.6357423" lon="139.4447939"><ele>74</ele><time>2026-04-17T23:50:03Z</time></trkpt>
<trkpt lat="35.6356377" lon="139.4445236"><ele>73</ele><time>2026-04-17T23:50:11Z</time></trkpt>
<trkpt lat="35.6355997" lon="139.4444231"><ele>72</ele><time>2026-04-17T23:50:14Z</time></trkpt>
<trkpt lat="35.6355278" lon="139.4442623"><ele>71</ele><time>2026-04-17T23:50:20Z</time></trkpt>
<trkpt lat="35.6354293" lon="139.4441427"><ele>71</ele><time>2026-04-17T23:50:42Z</time></trkpt>
<trkpt lat="35.6353556" lon="139.4440091"><ele>72</ele><time>2026-04-17T23:50:48Z</time></trkpt>
<trkpt lat="35.6353594" lon="139.4437194"><ele>73</ele><time>2026-04-17T23:50:56Z</time></trkpt>
<trkpt lat="35.635233" lon="139.4434745"><ele>72</ele><time>2026-04-17T23:51:04Z</time></trkpt>
<trkpt lat="35.635162" lon="139.443322"><ele>72</ele><time>2026-04-17T23:51:10Z</time></trkpt>
<trkpt lat="35.6350412" lon="139.4430857"><ele>72</ele><time>2026-04-17T23:51:18Z</time></trkpt>
<trkpt lat="35.6349693" lon="139.4429494"><ele>73</ele><time>2026-04-17T23:51:24Z</time></trkpt>
<trkpt lat="35.6348789" lon="139.4428248"><ele>75</ele><time>2026-04-17T23:51:29Z</time></trkpt>
<trkpt lat="35.6348042" lon="139.4426856"><ele>76</ele><time>2026-04-17T23:51:37Z</time></trkpt>
<trkpt lat="35.634737" lon="139.4425769"><ele>76</ele><time>2026-04-17T23:51:49Z</time></trkpt>
<trkpt lat="35.6346472" lon="139.4426076"><ele>75</ele><time>2026-04-17T23:51:52Z</time></trkpt>
<trkpt lat="35.6345454" lon="139.4426511"><ele>74</ele><time>2026-04-17T23:51:57Z</time></trkpt>
<trkpt lat="35.6344415" lon="139.4426503"><ele>74</ele><time>2026-04-17T23:52:06Z</time></trkpt>
<trkpt lat="35.6342355" lon="139.4427427"><ele>74</ele><time>2026-04-17T23:52:32Z</time></trkpt>
<trkpt lat="35.634008" lon="139.4428303"><ele>72</ele><time>2026-04-17T23:52:41Z</time></trkpt>
<trkpt lat="35.6337349" lon="139.4427674"><ele>71</ele><time>2026-04-17T23:52:49Z</time></trkpt>
<trkpt lat="35.6336234" lon="139.4427617"><ele>71</ele><time>2026-04-17T23:52:55Z</time></trkpt>
<trkpt lat="35.6334932" lon="139.4427106"><ele>70</ele><time>2026-04-17T23:52:58Z</time></trkpt>
<trkpt lat="35.6333083" lon="139.4427913"><ele>69</ele><time>2026-04-17T23:53:07Z</time></trkpt>
<trkpt lat="35.6332159" lon="139.4425309"><ele>68</ele><time>2026-04-17T23:53:31Z</time></trkpt>
<trkpt lat="35.6331063" lon="139.442486"><ele>68</ele><time>2026-04-17T23:53:37Z</time></trkpt>
<trkpt lat="35.6329958" lon="139.4424537"><ele>68</ele><time>2026-04-17T23:53:46Z</time></trkpt>
<trkpt lat="35.632933" lon="139.4423401"><ele>68</ele><time>2026-04-17T23:54:16Z</time></trkpt>
<trkpt lat="35.6327756" lon="139.4421403"><ele>67</ele><time>2026-04-17T23:54:25Z</time></trkpt>
<trkpt lat="35.6325071" lon="139.4423879"><ele>66</ele><time>2026-04-17T23:54:31Z</time></trkpt>
<trkpt lat="35.6326355" lon="139.4420921"><ele>67</ele><time>2026-04-17T23:54:43Z</time></trkpt>
<trkpt lat="35.6325853" lon="139.4419907"><ele>68</ele><time>2026-04-17T23:54:46Z</time></trkpt>
<trkpt lat="35.6325033" lon="139.4419175"><ele>68</ele><time>2026-04-17T23:54:49Z</time></trkpt>
<trkpt lat="35.6323884" lon="139.4418168"><ele>68</ele><time>2026-04-17T23:54:54Z</time></trkpt>
<trkpt lat="35.632291" lon="139.4417927"><ele>68</ele><time>2026-04-17T23:55:00Z</time></trkpt>
<trkpt lat="35.6320642" lon="139.4418374"><ele>67</ele><time>2026-04-17T23:55:08Z</time></trkpt>
<trkpt lat="35.6318546" lon="139.4418013"><ele>66</ele><time>2026-04-17T23:55:17Z</time></trkpt>
<trkpt lat="35.6317666" lon="139.4416992"><ele>66</ele><time>2026-04-17T23:55:23Z</time></trkpt>
<trkpt lat="35.6316675" lon="139.4417123"><ele>66</ele><time>2026-04-17T23:55:34Z</time></trkpt>
<trkpt lat="35.6315494" lon="139.4417502"><ele>66</ele><time>2026-04-17T23:55:49Z</time></trkpt>
<trkpt lat="35.6313295" lon="139.4418085"><ele>67</ele><time>2026-04-17T23:55:58Z</time></trkpt>
<trkpt lat="35.6311041" lon="139.4418057"><ele>67</ele><time>2026-04-17T23:56:06Z</time></trkpt>
<trkpt lat="35.6309611" lon="139.4418121"><ele>68</ele><time>2026-04-17T23:56:11Z</time></trkpt>
<trkpt lat="35.6308407" lon="139.4418464"><ele>68</ele><time>2026-04-17T23:56:19Z</time></trkpt>
<trkpt lat="35.630819" lon="139.4419891"><ele>68</ele><time>2026-04-17T23:56:53Z</time></trkpt>
<trkpt lat="35.6307179" lon="139.4420103"><ele>69</ele><time>2026-04-17T23:56:59Z</time></trkpt>
<trkpt lat="35.6305906" lon="139.4418958"><ele>69</ele><time>2026-04-17T23:57:05Z</time></trkpt>
<trkpt lat="35.6304804" lon="139.4418546"><ele>69</ele><time>2026-04-17T23:57:11Z</time></trkpt>
<trkpt lat="35.6303484" lon="139.4417908"><ele>70</ele><time>2026-04-17T23:57:17Z</time></trkpt>
<trkpt lat="35.6301152" lon="139.441865"><ele>72</ele><time>2026-04-17T23:57:26Z</time></trkpt>
<trkpt lat="35.6299138" lon="139.4420021"><ele>71</ele><time>2026-04-17T23:57:35Z</time></trkpt>
<trkpt lat="35.6296786" lon="139.4420855"><ele>71</ele><time>2026-04-17T23:57:47Z</time></trkpt>
<trkpt lat="35.6295233" lon="139.4421809"><ele>69</ele><time>2026-04-17T23:57:55Z</time></trkpt>
<trkpt lat="35.6294276" lon="139.4422388"><ele>69</ele><time>2026-04-17T23:57:58Z</time></trkpt>
<trkpt lat="35.6293348" lon="139.4422691"><ele>69</ele><time>2026-04-17T23:58:01Z</time></trkpt>
<trkpt lat="35.6290981" lon="139.442259"><ele>69</ele><time>2026-04-17T23:58:10Z</time></trkpt>
<trkpt lat="35.6289919" lon="139.4422305"><ele>69</ele><time>2026-04-17T23:58:19Z</time></trkpt>
<trkpt lat="35.6289339" lon="139.4421229"><ele>69</ele><time>2026-04-17T23:58:31Z</time></trkpt>
<trkpt lat="35.629018" lon="139.4421694"><ele>69</ele><time>2026-04-17T23:59:21Z</time></trkpt>
<trkpt lat="35.6290947" lon="139.4420515"><ele>69</ele><time>2026-04-17T23:59:33Z</time></trkpt>
<trkpt lat="35.6291228" lon="139.4419369"><ele>69</ele><time>2026-04-17T23:59:36Z</time></trkpt>
<trkpt lat="35.6292375" lon="139.4418392"><ele>69</ele><time>2026-04-17T23:59:42Z</time></trkpt>
<trkpt lat="35.62933" lon="139.4417547"><ele>71</ele><time>2026-04-17T23:59:51Z</time></trkpt>
<trkpt lat="35.6292886" lon="139.4416274"><ele>74</ele><time>2026-04-18T00:00:42Z</time></trkpt>
<trkpt lat="35.6292442" lon="139.4415267"><ele>82</ele><time>2026-04-18T00:01:02Z</time></trkpt>
<trkpt lat="35.6293195" lon="139.4414253"><ele>85</ele><time>2026-04-18T00:01:08Z</time></trkpt>
<trkpt lat="35.6294023" lon="139.4413624"><ele>84</ele><time>2026-04-18T00:01:14Z</time></trkpt>
<trkpt lat="35.6294899" lon="139.4414089"><ele>79</ele><time>2026-04-18T00:01:17Z</time></trkpt>
<trkpt lat="35.6295827" lon="139.4414123"><ele>78</ele><time>2026-04-18T00:01:23Z</time></trkpt>
<trkpt lat="35.6296083" lon="139.4412934"><ele>80</ele><time>2026-04-18T00:01:33Z</time></trkpt>
<trkpt lat="35.6295268" lon="139.441238"><ele>81</ele><time>2026-04-18T00:01:42Z</time></trkpt>
<trkpt lat="35.6294373" lon="139.4411716"><ele>89</ele><time>2026-04-18T00:01:51Z</time></trkpt>
<trkpt lat="35.6294382" lon="139.4410484"><ele>91</ele><time>2026-04-18T00:02:14Z</time></trkpt>
<trkpt lat="35.6294231" lon="139.4408787"><ele>91</ele><time>2026-04-18T00:02:19Z</time></trkpt>
<trkpt lat="35.6293871" lon="139.440711"><ele>93</ele><time>2026-04-18T00:02:25Z</time></trkpt>
<trkpt lat="35.6293492" lon="139.4406106"><ele>91</ele><time>2026-04-18T00:02:31Z</time></trkpt>
<trkpt lat="35.6292238" lon="139.4406843"><ele>96</ele><time>2026-04-18T00:02:41Z</time></trkpt>
<trkpt lat="35.6291782" lon="139.4407862"><ele>99</ele><time>2026-04-18T00:02:47Z</time></trkpt>
<trkpt lat="35.6291381" lon="139.440912"><ele>100</ele><time>2026-04-18T00:02:53Z</time></trkpt>
<trkpt lat="35.6290736" lon="139.4410051"><ele>101</ele><time>2026-04-18T00:02:58Z</time></trkpt>
<trkpt lat="35.6289957" lon="139.4410771"><ele>102</ele><time>2026-04-18T00:03:04Z</time></trkpt>
<trkpt lat="35.6288893" lon="139.4410942"><ele>104</ele><time>2026-04-18T00:03:10Z</time></trkpt>
<trkpt lat="35.628761" lon="139.4411277"><ele>107</ele><time>2026-04-18T00:03:19Z</time></trkpt>
<trkpt lat="35.6286525" lon="139.4412148"><ele>105</ele><time>2026-04-18T00:03:27Z</time></trkpt>
<trkpt lat="35.6285928" lon="139.4413579"><ele>99</ele><time>2026-04-18T00:03:36Z</time></trkpt>
<trkpt lat="35.6285158" lon="139.4414174"><ele>96</ele><time>2026-04-18T00:03:42Z</time></trkpt>
<trkpt lat="35.6284577" lon="139.4413226"><ele>98</ele><time>2026-04-18T00:03:45Z</time></trkpt>
<trkpt lat="35.6284186" lon="139.4410183"><ele>109</ele><time>2026-04-18T00:03:53Z</time></trkpt>
<trkpt lat="35.6283308" lon="139.4408848"><ele>110</ele><time>2026-04-18T00:03:59Z</time></trkpt>
<trkpt lat="35.6282073" lon="139.4408379"><ele>110</ele><time>2026-04-18T00:04:05Z</time></trkpt>
<trkpt lat="35.6280686" lon="139.4408613"><ele>110</ele><time>2026-04-18T00:04:10Z</time></trkpt>
<trkpt lat="35.6279568" lon="139.4408528"><ele>110</ele><time>2026-04-18T00:04:17Z</time></trkpt>
<trkpt lat="35.6278432" lon="139.4407896"><ele>110</ele><time>2026-04-18T00:04:26Z</time></trkpt>
<trkpt lat="35.6277534" lon="139.4407512"><ele>110</ele><time>2026-04-18T00:04:48Z</time></trkpt>
<trkpt lat="35.6276513" lon="139.4407028"><ele>111</ele><time>2026-04-18T00:04:54Z</time></trkpt>
<trkpt lat="35.6275389" lon="139.4406455"><ele>111</ele><time>2026-04-18T00:05:00Z</time></trkpt>
<trkpt lat="35.6274263" lon="139.4405756"><ele>111</ele><time>2026-04-18T00:05:06Z</time></trkpt>
<trkpt lat="35.6273131" lon="139.440491"><ele>111</ele><time>2026-04-18T00:05:12Z</time></trkpt>
<trkpt lat="35.6272088" lon="139.4404524"><ele>112</ele><time>2026-04-18T00:05:17Z</time></trkpt>
<trkpt lat="35.6271037" lon="139.4403554"><ele>110</ele><time>2026-04-18T00:05:24Z</time></trkpt>
<trkpt lat="35.6270118" lon="139.4402786"><ele>110</ele><time>2026-04-18T00:05:30Z</time></trkpt>
<trkpt lat="35.627129" lon="139.4403462"><ele>110</ele><time>2026-04-18T00:06:03Z</time></trkpt>
<trkpt lat="35.6271593" lon="139.4402065"><ele>108</ele><time>2026-04-18T00:06:35Z</time></trkpt>
<trkpt lat="35.6270752" lon="139.440121"><ele>106</ele><time>2026-04-18T00:06:41Z</time></trkpt>
<trkpt lat="35.6270018" lon="139.4400551"><ele>102</ele><time>2026-04-18T00:06:46Z</time></trkpt>
<trkpt lat="35.6270019" lon="139.4399363"><ele>99</ele><time>2026-04-18T00:07:19Z</time></trkpt>
<trkpt lat="35.6270038" lon="139.4398109"><ele>96</ele><time>2026-04-18T00:07:28Z</time></trkpt>
<trkpt lat="35.627022" lon="139.4396928"><ele>95</ele><time>2026-04-18T00:07:40Z</time></trkpt>
<trkpt lat="35.6270864" lon="139.4396036"><ele>93</ele><time>2026-04-18T00:07:58Z</time></trkpt>
<trkpt lat="35.6269543" lon="139.439547"><ele>93</ele><time>2026-04-18T00:08:35Z</time></trkpt>
<trkpt lat="35.6267359" lon="139.4394607"><ele>96</ele><time>2026-04-18T00:08:43Z</time></trkpt>
<trkpt lat="35.6265226" lon="139.4393962"><ele>94</ele><time>2026-04-18T00:08:51Z</time></trkpt>
<trkpt lat="35.6263011" lon="139.4393656"><ele>95</ele><time>2026-04-18T00:09:00Z</time></trkpt>
<trkpt lat="35.6260781" lon="139.4393523"><ele>95</ele><time>2026-04-18T00:09:08Z</time></trkpt>
<trkpt lat="35.6259847" lon="139.4393282"><ele>93</ele><time>2026-04-18T00:09:14Z</time></trkpt>
<trkpt lat="35.6259051" lon="139.4392474"><ele>93</ele><time>2026-04-18T00:09:16Z</time></trkpt>
<trkpt lat="35.6257615" lon="139.4389881"><ele>91</ele><time>2026-04-18T00:09:25Z</time></trkpt>
<trkpt lat="35.6257233" lon="139.4388841"><ele>90</ele><time>2026-04-18T00:09:31Z</time></trkpt>
<trkpt lat="35.6255677" lon="139.4388984"><ele>91</ele><time>2026-04-18T00:09:49Z</time></trkpt>
<trkpt lat="35.6253663" lon="139.438995"><ele>98</ele><time>2026-04-18T00:09:58Z</time></trkpt>
<trkpt lat="35.6252336" lon="139.4390091"><ele>100</ele><time>2026-04-18T00:10:04Z</time></trkpt>
<trkpt lat="35.6251167" lon="139.4389714"><ele>100</ele><time>2026-04-18T00:10:09Z</time></trkpt>
<trkpt lat="35.6249024" lon="139.4389036"><ele>99</ele><time>2026-04-18T00:10:18Z</time></trkpt>
<trkpt lat="35.624801" lon="139.4388832"><ele>99</ele><time>2026-04-18T00:10:24Z</time></trkpt>
<trkpt lat="35.6245984" lon="139.4387971"><ele>99</ele><time>2026-04-18T00:10:32Z</time></trkpt>
<trkpt lat="35.6244752" lon="139.4387445"><ele>98</ele><time>2026-04-18T00:10:38Z</time></trkpt>
<trkpt lat="35.6243564" lon="139.438733"><ele>96</ele><time>2026-04-18T00:10:44Z</time></trkpt>
<trkpt lat="35.6242473" lon="139.4386753"><ele>97</ele><time>2026-04-18T00:10:49Z</time></trkpt>
<trkpt lat="35.6241502" lon="139.4386314"><ele>98</ele><time>2026-04-18T00:10:58Z</time></trkpt>
<trkpt lat="35.6240309" lon="139.4386213"><ele>98</ele><time>2026-04-18T00:11:04Z</time></trkpt>
<trkpt lat="35.6238914" lon="139.4386081"><ele>99</ele><time>2026-04-18T00:11:10Z</time></trkpt>
<trkpt lat="35.6237496" lon="139.4386381"><ele>100</ele><time>2026-04-18T00:11:15Z</time></trkpt>
<trkpt lat="35.6236118" lon="139.4386203"><ele>101</ele><time>2026-04-18T00:11:21Z</time></trkpt>
<trkpt lat="35.6234948" lon="139.4386066"><ele>101</ele><time>2026-04-18T00:11:27Z</time></trkpt>
<trkpt lat="35.6233854" lon="139.4385911"><ele>101</ele><time>2026-04-18T00:11:32Z</time></trkpt>
<trkpt lat="35.6232413" lon="139.4385868"><ele>100</ele><time>2026-04-18T00:11:38Z</time></trkpt>
<trkpt lat="35.6230998" lon="139.4385927"><ele>100</ele><time>2026-04-18T00:11:43Z</time></trkpt>
<trkpt lat="35.6229673" lon="139.4385431"><ele>100</ele><time>2026-04-18T00:11:49Z</time></trkpt>
<trkpt lat="35.6228794" lon="139.4384125"><ele>101</ele><time>2026-04-18T00:11:55Z</time></trkpt>
<trkpt lat="35.6227839" lon="139.4382872"><ele>101</ele><time>2026-04-18T00:12:01Z</time></trkpt>
<trkpt lat="35.6226772" lon="139.4381957"><ele>101</ele><time>2026-04-18T00:12:06Z</time></trkpt>
<trkpt lat="35.6225611" lon="139.4381121"><ele>101</ele><time>2026-04-18T00:12:12Z</time></trkpt>
<trkpt lat="35.6223407" lon="139.4380557"><ele>100</ele><time>2026-04-18T00:12:20Z</time></trkpt>
<trkpt lat="35.6221109" lon="139.4380354"><ele>101</ele><time>2026-04-18T00:12:28Z</time></trkpt>
<trkpt lat="35.6218882" lon="139.4380105"><ele>101</ele><time>2026-04-18T00:12:37Z</time></trkpt>
<trkpt lat="35.6216629" lon="139.4379718"><ele>100</ele><time>2026-04-18T00:12:45Z</time></trkpt>
<trkpt lat="35.621446" lon="139.4378664"><ele>100</ele><time>2026-04-18T00:12:53Z</time></trkpt>
<trkpt lat="35.621349" lon="139.4377379"><ele>100</ele><time>2026-04-18T00:12:59Z</time></trkpt>
<trkpt lat="35.6212995" lon="139.4375015"><ele>99</ele><time>2026-04-18T00:13:08Z</time></trkpt>
<trkpt lat="35.6212481" lon="139.4373703"><ele>99</ele><time>2026-04-18T00:13:17Z</time></trkpt>
<trkpt lat="35.6211251" lon="139.4373416"><ele>99</ele><time>2026-04-18T00:13:26Z</time></trkpt>
<trkpt lat="35.6210019" lon="139.437374"><ele>99</ele><time>2026-04-18T00:13:40Z</time></trkpt>
<trkpt lat="35.6207863" lon="139.4374153"><ele>99</ele><time>2026-04-18T00:13:48Z</time></trkpt>
<trkpt lat="35.6206434" lon="139.4374284"><ele>100</ele><time>2026-04-18T00:13:54Z</time></trkpt>
<trkpt lat="35.6204199" lon="139.4374541"><ele>101</ele><time>2026-04-18T00:14:03Z</time></trkpt>
<trkpt lat="35.6202763" lon="139.4374634"><ele>101</ele><time>2026-04-18T00:14:08Z</time></trkpt>
<trkpt lat="35.6200607" lon="139.4374639"><ele>102</ele><time>2026-04-18T00:14:17Z</time></trkpt>
<trkpt lat="35.6199427" lon="139.4374814"><ele>102</ele><time>2026-04-18T00:14:23Z</time></trkpt>
<trkpt lat="35.6197299" lon="139.4374974"><ele>104</ele><time>2026-04-18T00:14:31Z</time></trkpt>
<trkpt lat="35.6194032" lon="139.4374813"><ele>107</ele><time>2026-04-18T00:14:45Z</time></trkpt>
<trkpt lat="35.6192635" lon="139.4374855"><ele>108</ele><time>2026-04-18T00:14:51Z</time></trkpt>
<trkpt lat="35.6191264" lon="139.4374757"><ele>109</ele><time>2026-04-18T00:14:56Z</time></trkpt>
<trkpt lat="35.6189853" lon="139.4374679"><ele>109</ele><time>2026-04-18T00:15:02Z</time></trkpt>
<trkpt lat="35.6188422" lon="139.4374562"><ele>109</ele><time>2026-04-18T00:15:08Z</time></trkpt>
<trkpt lat="35.6187083" lon="139.4374133"><ele>108</ele><time>2026-04-18T00:15:13Z</time></trkpt>
<trkpt lat="35.6185703" lon="139.4373757"><ele>109</ele><time>2026-04-18T00:15:19Z</time></trkpt>
<trkpt lat="35.6184374" lon="139.4373505"><ele>108</ele><time>2026-04-18T00:15:25Z</time></trkpt>
<trkpt lat="35.6182999" lon="139.4373201"><ele>109</ele><time>2026-04-18T00:15:31Z</time></trkpt>
<trkpt lat="35.6181635" lon="139.4372969"><ele>109</ele><time>2026-04-18T00:15:36Z</time></trkpt>
<trkpt lat="35.6180253" lon="139.4372898"><ele>109</ele><time>2026-04-18T00:15:42Z</time></trkpt>
<trkpt lat="35.6178063" lon="139.437267"><ele>109</ele><time>2026-04-18T00:15:50Z</time></trkpt>
<trkpt lat="35.6176679" lon="139.4372917"><ele>109</ele><time>2026-04-18T00:15:55Z</time></trkpt>
<trkpt lat="35.6175388" lon="139.4373101"><ele>109</ele><time>2026-04-18T00:16:01Z</time></trkpt>
<trkpt lat="35.617415" lon="139.4373327"><ele>110</ele><time>2026-04-18T00:16:10Z</time></trkpt>
<trkpt lat="35.6173119" lon="139.4373533"><ele>110</ele><time>2026-04-18T00:16:19Z</time></trkpt>
<trkpt lat="35.6171016" lon="139.4373977"><ele>111</ele><time>2026-04-18T00:16:28Z</time></trkpt>
<trkpt lat="35.617008" lon="139.4374215"><ele>111</ele><time>2026-04-18T00:16:34Z</time></trkpt>
<trkpt lat="35.616882" lon="139.4374854"><ele>111</ele><time>2026-04-18T00:16:58Z</time></trkpt>
<trkpt lat="35.616772" lon="139.4375441"><ele>111</ele><time>2026-04-18T00:17:04Z</time></trkpt>
<trkpt lat="35.6165318" lon="139.4375389"><ele>112</ele><time>2026-04-18T00:17:12Z</time></trkpt>
<trkpt lat="35.6163174" lon="139.4376152"><ele>113</ele><time>2026-04-18T00:17:20Z</time></trkpt>
<trkpt lat="35.6160899" lon="139.4376584"><ele>114</ele><time>2026-04-18T00:17:28Z</time></trkpt>
<trkpt lat="35.6159293" lon="139.4376747"><ele>114</ele><time>2026-04-18T00:17:35Z</time></trkpt>
<trkpt lat="35.6158424" lon="139.4376403"><ele>114</ele><time>2026-04-18T00:17:44Z</time></trkpt>
<trkpt lat="35.6157241" lon="139.4376599"><ele>114</ele><time>2026-04-18T00:17:50Z</time></trkpt>
<trkpt lat="35.6155017" lon="139.4376876"><ele>114</ele><time>2026-04-18T00:17:58Z</time></trkpt>
<trkpt lat="35.6152779" lon="139.4377186"><ele>114</ele><time>2026-04-18T00:18:07Z</time></trkpt>
<trkpt lat="35.6150592" lon="139.4377673"><ele>114</ele><time>2026-04-18T00:18:15Z</time></trkpt>
<trkpt lat="35.6148383" lon="139.4377739"><ele>114</ele><time>2026-04-18T00:18:23Z</time></trkpt>
<trkpt lat="35.6146235" lon="139.4377268"><ele>114</ele><time>2026-04-18T00:18:31Z</time></trkpt>
<trkpt lat="35.6144004" lon="139.4377638"><ele>113</ele><time>2026-04-18T00:18:40Z</time></trkpt>
<trkpt lat="35.6141878" lon="139.4377986"><ele>114</ele><time>2026-04-18T00:18:48Z</time></trkpt>
<trkpt lat="35.6140463" lon="139.437816"><ele>115</ele><time>2026-04-18T00:18:54Z</time></trkpt>
<trkpt lat="35.6138295" lon="139.4378347"><ele>115</ele><time>2026-04-18T00:19:02Z</time></trkpt>
<trkpt lat="35.6136707" lon="139.4378463"><ele>115</ele><time>2026-04-18T00:19:08Z</time></trkpt>
<trkpt lat="35.6135791" lon="139.4378358"><ele>115</ele><time>2026-04-18T00:19:11Z</time></trkpt>
<trkpt lat="35.6134162" lon="139.4378437"><ele>116</ele><time>2026-04-18T00:19:17Z</time></trkpt>
<trkpt lat="35.6131892" lon="139.4378633"><ele>115</ele><time>2026-04-18T00:19:25Z</time></trkpt>
<trkpt lat="35.6129716" lon="139.4378973"><ele>115</ele><time>2026-04-18T00:19:34Z</time></trkpt>
<trkpt lat="35.6127467" lon="139.4379238"><ele>115</ele><time>2026-04-18T00:19:42Z</time></trkpt>
<trkpt lat="35.6126356" lon="139.4379633"><ele>115</ele><time>2026-04-18T00:19:51Z</time></trkpt>
<trkpt lat="35.6125449" lon="139.4379357"><ele>115</ele><time>2026-04-18T00:20:25Z</time></trkpt>
<trkpt lat="35.6123125" lon="139.4379228"><ele>116</ele><time>2026-04-18T00:20:34Z</time></trkpt>
<trkpt lat="35.6122182" lon="139.4379445"><ele>115</ele><time>2026-04-18T00:20:36Z</time></trkpt>
<trkpt lat="35.6119818" lon="139.4379882"><ele>115</ele><time>2026-04-18T00:20:45Z</time></trkpt>
<trkpt lat="35.6117111" lon="139.4380216"><ele>115</ele><time>2026-04-18T00:20:53Z</time></trkpt>
<trkpt lat="35.6115454" lon="139.4380425"><ele>115</ele><time>2026-04-18T00:20:59Z</time></trkpt>
<trkpt lat="35.6113791" lon="139.4380462"><ele>115</ele><time>2026-04-18T00:21:05Z</time></trkpt>
<trkpt lat="35.611161" lon="139.4380588"><ele>116</ele><time>2026-04-18T00:21:13Z</time></trkpt>
<trkpt lat="35.6110387" lon="139.4381264"><ele>116</ele><time>2026-04-18T00:21:19Z</time></trkpt>
<trkpt lat="35.6109414" lon="139.4381442"><ele>116</ele><time>2026-04-18T00:21:43Z</time></trkpt>
<trkpt lat="35.6108226" lon="139.4381175"><ele>117</ele><time>2026-04-18T00:21:49Z</time></trkpt>
<trkpt lat="35.6106887" lon="139.4381484"><ele>117</ele><time>2026-04-18T00:21:58Z</time></trkpt>
<trkpt lat="35.6105677" lon="139.4380909"><ele>117</ele><time>2026-04-18T00:22:15Z</time></trkpt>
<trkpt lat="35.6104716" lon="139.4380996"><ele>117</ele><time>2026-04-18T00:22:24Z</time></trkpt>
<trkpt lat="35.6102459" lon="139.4381105"><ele>118</ele><time>2026-04-18T00:22:39Z</time></trkpt>
<trkpt lat="35.6100338" lon="139.4382034"><ele>117</ele><time>2026-04-18T00:22:47Z</time></trkpt>
<trkpt lat="35.6098658" lon="139.438154"><ele>117</ele><time>2026-04-18T00:22:53Z</time></trkpt>
<trkpt lat="35.6097632" lon="139.4381479"><ele>117</ele><time>2026-04-18T00:23:02Z</time></trkpt>
<trkpt lat="35.6096475" lon="139.4380992"><ele>117</ele><time>2026-04-18T00:23:07Z</time></trkpt>
<trkpt lat="35.6095401" lon="139.438025"><ele>117</ele><time>2026-04-18T00:23:13Z</time></trkpt>
<trkpt lat="35.6094359" lon="139.437933"><ele>117</ele><time>2026-04-18T00:23:18Z</time></trkpt>
<trkpt lat="35.6093318" lon="139.4378132"><ele>117</ele><time>2026-04-18T00:23:24Z</time></trkpt>
<trkpt lat="35.609202" lon="139.4375773"><ele>118</ele><time>2026-04-18T00:23:32Z</time></trkpt>
<trkpt lat="35.609127" lon="139.43732"><ele>118</ele><time>2026-04-18T00:23:40Z</time></trkpt>
<trkpt lat="35.6090845" lon="139.4370483"><ele>119</ele><time>2026-04-18T00:23:49Z</time></trkpt>
<trkpt lat="35.6090304" lon="139.4367676"><ele>118</ele><time>2026-04-18T00:23:57Z</time></trkpt>
<trkpt lat="35.6089935" lon="139.4365929"><ele>119</ele><time>2026-04-18T00:24:05Z</time></trkpt>
<trkpt lat="35.6089675" lon="139.4364292"><ele>119</ele><time>2026-04-18T00:24:08Z</time></trkpt>
<trkpt lat="35.6089013" lon="139.4361563"><ele>121</ele><time>2026-04-18T00:24:17Z</time></trkpt>
<trkpt lat="35.6088663" lon="139.4359972"><ele>122</ele><time>2026-04-18T00:24:22Z</time></trkpt>
<trkpt lat="35.608807" lon="139.4358512"><ele>122</ele><time>2026-04-18T00:24:28Z</time></trkpt>
<trkpt lat="35.6087362" lon="139.4357139"><ele>123</ele><time>2026-04-18T00:24:33Z</time></trkpt>
<trkpt lat="35.6086558" lon="139.4356085"><ele>124</ele><time>2026-04-18T00:24:39Z</time></trkpt>
<trkpt lat="35.6085739" lon="139.4355358"><ele>124</ele><time>2026-04-18T00:24:48Z</time></trkpt>
<trkpt lat="35.6084958" lon="139.4354369"><ele>125</ele><time>2026-04-18T00:24:53Z</time></trkpt>
<trkpt lat="35.6084073" lon="139.4353477"><ele>125</ele><time>2026-04-18T00:24:59Z</time></trkpt>
<trkpt lat="35.6083246" lon="139.4352458"><ele>126</ele><time>2026-04-18T00:25:05Z</time></trkpt>
<trkpt lat="35.6082302" lon="139.4351454"><ele>127</ele><time>2026-04-18T00:25:10Z</time></trkpt>
<trkpt lat="35.6081457" lon="139.4350351"><ele>128</ele><time>2026-04-18T00:25:19Z</time></trkpt>
<trkpt lat="35.6080621" lon="139.4349501"><ele>128</ele><time>2026-04-18T00:25:25Z</time></trkpt>
<trkpt lat="35.6079823" lon="139.4348531"><ele>129</ele><time>2026-04-18T00:25:30Z</time></trkpt>
<trkpt lat="35.6079043" lon="139.4347484"><ele>130</ele><time>2026-04-18T00:25:36Z</time></trkpt>
<trkpt lat="35.6078146" lon="139.4346555"><ele>131</ele><time>2026-04-18T00:25:42Z</time></trkpt>
<trkpt lat="35.6077264" lon="139.4345487"><ele>131</ele><time>2026-04-18T00:25:47Z</time></trkpt>
<trkpt lat="35.6076373" lon="139.4344502"><ele>132</ele><time>2026-04-18T00:25:53Z</time></trkpt>
<trkpt lat="35.6075367" lon="139.4343586"><ele>131</ele><time>2026-04-18T00:25:58Z</time></trkpt>
<trkpt lat="35.6074472" lon="139.4342467"><ele>132</ele><time>2026-04-18T00:26:04Z</time></trkpt>
<trkpt lat="35.6073399" lon="139.4341392"><ele>132</ele><time>2026-04-18T00:26:10Z</time></trkpt>
<trkpt lat="35.6072494" lon="139.4340092"><ele>133</ele><time>2026-04-18T00:26:15Z</time></trkpt>
<trkpt lat="35.6071479" lon="139.4338977"><ele>133</ele><time>2026-04-18T00:26:21Z</time></trkpt>
<trkpt lat="35.6070049" lon="139.433669"><ele>135</ele><time>2026-04-18T00:26:30Z</time></trkpt>
<trkpt lat="35.6069146" lon="139.4337166"><ele>133</ele><time>2026-04-18T00:27:34Z</time></trkpt>
<trkpt lat="35.6068076" lon="139.4337572"><ele>130</ele><time>2026-04-18T00:27:46Z</time></trkpt>
<trkpt lat="35.6067043" lon="139.433764"><ele>129</ele><time>2026-04-18T00:28:04Z</time></trkpt>
<trkpt lat="35.6065733" lon="139.433695"><ele>132</ele><time>2026-04-18T00:28:13Z</time></trkpt>
<trkpt lat="35.6064471" lon="139.433744"><ele>132</ele><time>2026-04-18T00:28:19Z</time></trkpt>
<trkpt lat="35.6063598" lon="139.433817"><ele>129</ele><time>2026-04-18T00:28:24Z</time></trkpt>
<trkpt lat="35.6062576" lon="139.4338867"><ele>127</ele><time>2026-04-18T00:28:33Z</time></trkpt>
<trkpt lat="35.6061652" lon="139.4338804"><ele>128</ele><time>2026-04-18T00:29:49Z</time></trkpt>
<trkpt lat="35.6061056" lon="139.4340163"><ele>122</ele><time>2026-04-18T00:29:57Z</time></trkpt>
<trkpt lat="35.6058975" lon="139.4341652"><ele>122</ele><time>2026-04-18T00:30:13Z</time></trkpt>
<trkpt lat="35.6057722" lon="139.4342385"><ele>118</ele><time>2026-04-18T00:30:18Z</time></trkpt>
<trkpt lat="35.6055576" lon="139.434296"><ele>115</ele><time>2026-04-18T00:30:27Z</time></trkpt>
<trkpt lat="35.6054067" lon="139.4343323"><ele>116</ele><time>2026-04-18T00:30:33Z</time></trkpt>
<trkpt lat="35.6052264" lon="139.4343431"><ele>116</ele><time>2026-04-18T00:30:41Z</time></trkpt>
<trkpt lat="35.605003" lon="139.4341861"><ele>116</ele><time>2026-04-18T00:30:50Z</time></trkpt>
<trkpt lat="35.6048611" lon="139.4341558"><ele>116</ele><time>2026-04-18T00:30:56Z</time></trkpt>
<trkpt lat="35.6047528" lon="139.4341274"><ele>115</ele><time>2026-04-18T00:31:02Z</time></trkpt>
<trkpt lat="35.6046299" lon="139.4340865"><ele>116</ele><time>2026-04-18T00:31:30Z</time></trkpt>
<trkpt lat="35.6044998" lon="139.4340296"><ele>116</ele><time>2026-04-18T00:31:35Z</time></trkpt>
<trkpt lat="35.6043603" lon="139.4339459"><ele>114</ele><time>2026-04-18T00:31:44Z</time></trkpt>
<trkpt lat="35.6042119" lon="139.4339921"><ele>114</ele><time>2026-04-18T00:31:54Z</time></trkpt>
<trkpt lat="35.6041283" lon="139.4340335"><ele>112</ele><time>2026-04-18T00:32:00Z</time></trkpt>
<trkpt lat="35.6042249" lon="139.4340155"><ele>113</ele><time>2026-04-18T00:32:27Z</time></trkpt>
<trkpt lat="35.6043439" lon="139.4340364"><ele>114</ele><time>2026-04-18T00:32:33Z</time></trkpt>
<trkpt lat="35.6045448" lon="139.4339576"><ele>114</ele><time>2026-04-18T00:32:42Z</time></trkpt>
<trkpt lat="35.6047752" lon="139.4340407"><ele>117</ele><time>2026-04-18T00:32:50Z</time></trkpt>
<trkpt lat="35.6049534" lon="139.4342204"><ele>116</ele><time>2026-04-18T00:32:59Z</time></trkpt>
<trkpt lat="35.6050844" lon="139.4344278"><ele>114</ele><time>2026-04-18T00:33:07Z</time></trkpt>
<trkpt lat="35.6052906" lon="139.434558"><ele>112</ele><time>2026-04-18T00:33:18Z</time></trkpt>
<trkpt lat="35.6054282" lon="139.4345295"><ele>112</ele><time>2026-04-18T00:33:23Z</time></trkpt>
<trkpt lat="35.6055576" lon="139.4344613"><ele>113</ele><time>2026-04-18T00:33:29Z</time></trkpt>
<trkpt lat="35.605699" lon="139.4344316"><ele>115</ele><time>2026-04-18T00:33:35Z</time></trkpt>
<trkpt lat="35.60592" lon="139.4345019"><ele>115</ele><time>2026-04-18T00:33:43Z</time></trkpt>
<trkpt lat="35.6060105" lon="139.4346381"><ele>113</ele><time>2026-04-18T00:33:49Z</time></trkpt>
<trkpt lat="35.606018" lon="139.4349207"><ele>115</ele><time>2026-04-18T00:33:57Z</time></trkpt>
<trkpt lat="35.6060422" lon="139.4350348"><ele>117</ele><time>2026-04-18T00:34:04Z</time></trkpt>
<trkpt lat="35.6061087" lon="139.435178"><ele>119</ele><time>2026-04-18T00:34:12Z</time></trkpt>
<trkpt lat="35.606213" lon="139.4352766"><ele>122</ele><time>2026-04-18T00:34:24Z</time></trkpt>
<trkpt lat="35.6063122" lon="139.4353078"><ele>125</ele><time>2026-04-18T00:34:30Z</time></trkpt>
<trkpt lat="35.6063814" lon="139.4353973"><ele>126</ele><time>2026-04-18T00:34:36Z</time></trkpt>
<trkpt lat="35.6064101" lon="139.4355149"><ele>126</ele><time>2026-04-18T00:34:41Z</time></trkpt>
<trkpt lat="35.6064334" lon="139.4356263"><ele>125</ele><time>2026-04-18T00:34:47Z</time></trkpt>
<trkpt lat="35.6064226" lon="139.4357555"><ele>125</ele><time>2026-04-18T00:35:26Z</time></trkpt>
<trkpt lat="35.6064351" lon="139.4358828"><ele>126</ele><time>2026-04-18T00:35:32Z</time></trkpt>
<trkpt lat="35.6065001" lon="139.4361644"><ele>127</ele><time>2026-04-18T00:35:41Z</time></trkpt>
<trkpt lat="35.6065905" lon="139.4362975"><ele>128</ele><time>2026-04-18T00:35:46Z</time></trkpt>
<trkpt lat="35.6066995" lon="139.4363815"><ele>128</ele><time>2026-04-18T00:35:53Z</time></trkpt>
<trkpt lat="35.6068079" lon="139.4364483"><ele>128</ele><time>2026-04-18T00:36:02Z</time></trkpt>
<trkpt lat="35.606872" lon="139.4365454"><ele>128</ele><time>2026-04-18T00:36:09Z</time></trkpt>
<trkpt lat="35.60677" lon="139.4364679"><ele>128</ele><time>2026-04-18T00:36:26Z</time></trkpt>
<trkpt lat="35.6066791" lon="139.4364423"><ele>128</ele><time>2026-04-18T00:36:35Z</time></trkpt>
<trkpt lat="35.6065667" lon="139.4363927"><ele>127</ele><time>2026-04-18T00:36:47Z</time></trkpt>
<trkpt lat="35.6064682" lon="139.4363046"><ele>127</ele><time>2026-04-18T00:36:52Z</time></trkpt>
<trkpt lat="35.6062764" lon="139.4362106"><ele>131</ele><time>2026-04-18T00:37:01Z</time></trkpt>
<trkpt lat="35.6061625" lon="139.4362796"><ele>132</ele><time>2026-04-18T00:37:10Z</time></trkpt>
<trkpt lat="35.6060653" lon="139.4362954"><ele>134</ele><time>2026-04-18T00:37:23Z</time></trkpt>
<trkpt lat="35.6059551" lon="139.4363163"><ele>134</ele><time>2026-04-18T00:37:32Z</time></trkpt>
<trkpt lat="35.6058248" lon="139.4363405"><ele>135</ele><time>2026-04-18T00:37:38Z</time></trkpt>
<trkpt lat="35.6056866" lon="139.4363427"><ele>133</ele><time>2026-04-18T00:37:43Z</time></trkpt>
<trkpt lat="35.6054657" lon="139.4363211"><ele>128</ele><time>2026-04-18T00:37:52Z</time></trkpt>
<trkpt lat="35.6053288" lon="139.4363191"><ele>127</ele><time>2026-04-18T00:37:58Z</time></trkpt>
<trkpt lat="35.6051912" lon="139.4363181"><ele>127</ele><time>2026-04-18T00:38:03Z</time></trkpt>
<trkpt lat="35.6050843" lon="139.436343"><ele>128</ele><time>2026-04-18T00:38:09Z</time></trkpt>
<trkpt lat="35.6049841" lon="139.4362776"><ele>126</ele><time>2026-04-18T00:38:14Z</time></trkpt>
<trkpt lat="35.6048871" lon="139.4362291"><ele>125</ele><time>2026-04-18T00:38:17Z</time></trkpt>
<trkpt lat="35.6047802" lon="139.4361753"><ele>125</ele><time>2026-04-18T00:38:23Z</time></trkpt>
<trkpt lat="35.6045747" lon="139.435917"><ele>121</ele><time>2026-04-18T00:38:45Z</time></trkpt>
<trkpt lat="35.6044435" lon="139.4358551"><ele>120</ele><time>2026-04-18T00:38:51Z</time></trkpt>
<trkpt lat="35.604212" lon="139.4359146"><ele>118</ele><time>2026-04-18T00:39:00Z</time></trkpt>
<trkpt lat="35.6041023" lon="139.4360599"><ele>117</ele><time>2026-04-18T00:39:03Z</time></trkpt>
<trkpt lat="35.6040298" lon="139.436126"><ele>116</ele><time>2026-04-18T00:39:05Z</time></trkpt>
<trkpt lat="35.6038905" lon="139.4363208"><ele>117</ele><time>2026-04-18T00:39:14Z</time></trkpt>
<trkpt lat="35.6038141" lon="139.4364463"><ele>116</ele><time>2026-04-18T00:39:20Z</time></trkpt>
<trkpt lat="35.6036996" lon="139.4365444"><ele>114</ele><time>2026-04-18T00:39:25Z</time></trkpt>
<trkpt lat="35.6035023" lon="139.4366721"><ele>113</ele><time>2026-04-18T00:39:34Z</time></trkpt>
<trkpt lat="35.6033732" lon="139.4367347"><ele>111</ele><time>2026-04-18T00:39:39Z</time></trkpt>
<trkpt lat="35.6032921" lon="139.4368766"><ele>108</ele><time>2026-04-18T00:39:45Z</time></trkpt>
<trkpt lat="35.6031679" lon="139.4368823"><ele>110</ele><time>2026-04-18T00:39:54Z</time></trkpt>
<trkpt lat="35.6030391" lon="139.4368643"><ele>112</ele><time>2026-04-18T00:40:17Z</time></trkpt>
<trkpt lat="35.6028222" lon="139.4368552"><ele>108</ele><time>2026-04-18T00:40:26Z</time></trkpt>
<trkpt lat="35.6027098" lon="139.4369209"><ele>106</ele><time>2026-04-18T00:40:29Z</time></trkpt>
<trkpt lat="35.602471" lon="139.4369511"><ele>103</ele><time>2026-04-18T00:40:37Z</time></trkpt>
<trkpt lat="35.6023727" lon="139.4369324"><ele>99</ele><time>2026-04-18T00:41:03Z</time></trkpt>
<trkpt lat="35.6022932" lon="139.4370677"><ele>100</ele><time>2026-04-18T00:41:09Z</time></trkpt>
<trkpt lat="35.60212" lon="139.4372355"><ele>103</ele><time>2026-04-18T00:41:17Z</time></trkpt>
<trkpt lat="35.6021847" lon="139.437313"><ele>106</ele><time>2026-04-18T00:41:58Z</time></trkpt>
<trkpt lat="35.6021604" lon="139.4374271"><ele>105</ele><time>2026-04-18T00:42:17Z</time></trkpt>
<trkpt lat="35.6021847" lon="139.4375704"><ele>105</ele><time>2026-04-18T00:42:34Z</time></trkpt>
<trkpt lat="35.6022645" lon="139.43783"><ele>99</ele><time>2026-04-18T00:43:00Z</time></trkpt>
<trkpt lat="35.6023005" lon="139.4379878"><ele>97</ele><time>2026-04-18T00:43:05Z</time></trkpt>
<trkpt lat="35.6022859" lon="139.4381529"><ele>95</ele><time>2026-04-18T00:43:11Z</time></trkpt>
<trkpt lat="35.6022786" lon="139.4382871"><ele>94</ele><time>2026-04-18T00:43:17Z</time></trkpt>
<trkpt lat="35.6022658" lon="139.4384438"><ele>91</ele><time>2026-04-18T00:43:23Z</time></trkpt>
<trkpt lat="35.6022676" lon="139.4385978"><ele>89</ele><time>2026-04-18T00:43:29Z</time></trkpt>
<trkpt lat="35.6022034" lon="139.4386809"><ele>88</ele><time>2026-04-18T00:43:39Z</time></trkpt>
<trkpt lat="35.6022207" lon="139.4385445"><ele>89</ele><time>2026-04-18T00:43:56Z</time></trkpt>
<trkpt lat="35.6023274" lon="139.4384302"><ele>92</ele><time>2026-04-18T00:44:02Z</time></trkpt>
<trkpt lat="35.6023975" lon="139.4382812"><ele>97</ele><time>2026-04-18T00:44:07Z</time></trkpt>
<trkpt lat="35.6023688" lon="139.4381039"><ele>98</ele><time>2026-04-18T00:44:14Z</time></trkpt>
<trkpt lat="35.602368" lon="139.4379764"><ele>98</ele><time>2026-04-18T00:44:20Z</time></trkpt>
<trkpt lat="35.6023538" lon="139.4378157"><ele>101</ele><time>2026-04-18T00:44:29Z</time></trkpt>
<trkpt lat="35.6022973" lon="139.4376855"><ele>103</ele><time>2026-04-18T00:44:39Z</time></trkpt>
<trkpt lat="35.6022087" lon="139.4376106"><ele>105</ele><time>2026-04-18T00:45:39Z</time></trkpt>
<trkpt lat="35.602129" lon="139.4374855"><ele>105</ele><time>2026-04-18T00:45:48Z</time></trkpt>
<trkpt lat="35.6021864" lon="139.4373931"><ele>107</ele><time>2026-04-18T00:45:53Z</time></trkpt>
<trkpt lat="35.6020733" lon="139.4373127"><ele>103</ele><time>2026-04-18T00:46:02Z</time></trkpt>
<trkpt lat="35.6019549" lon="139.4372749"><ele>101</ele><time>2026-04-18T00:46:07Z</time></trkpt>
<trkpt lat="35.6018236" lon="139.4372378"><ele>101</ele><time>2026-04-18T00:46:13Z</time></trkpt>
<trkpt lat="35.6017317" lon="139.4371445"><ele>99</ele><time>2026-04-18T00:46:19Z</time></trkpt>
<trkpt lat="35.6016522" lon="139.4370099"><ele>95</ele><time>2026-04-18T00:46:25Z</time></trkpt>
<trkpt lat="35.6015602" lon="139.4368993"><ele>94</ele><time>2026-04-18T00:46:30Z</time></trkpt>
<trkpt lat="35.6014739" lon="139.436805"><ele>93</ele><time>2026-04-18T00:46:36Z</time></trkpt>
<trkpt lat="35.6013453" lon="139.4368151"><ele>91</ele><time>2026-04-18T00:46:42Z</time></trkpt>
<trkpt lat="35.601226" lon="139.4368827"><ele>92</ele><time>2026-04-18T00:46:47Z</time></trkpt>
<trkpt lat="35.601109" lon="139.4368399"><ele>87</ele><time>2026-04-18T00:46:53Z</time></trkpt>
<trkpt lat="35.6008811" lon="139.4367817"><ele>83</ele><time>2026-04-18T00:47:02Z</time></trkpt>
<trkpt lat="35.6007542" lon="139.4367325"><ele>80</ele><time>2026-04-18T00:47:08Z</time></trkpt>
<trkpt lat="35.6006542" lon="139.4366061"><ele>79</ele><time>2026-04-18T00:47:14Z</time></trkpt>
<trkpt lat="35.600543" lon="139.4364596"><ele>78</ele><time>2026-04-18T00:47:25Z</time></trkpt>
<trkpt lat="35.6006017" lon="139.4363551"><ele>79</ele><time>2026-04-18T00:47:35Z</time></trkpt>
<trkpt lat="35.6006956" lon="139.4362979"><ele>79</ele><time>2026-04-18T00:47:41Z</time></trkpt>
<trkpt lat="35.6007835" lon="139.4362491"><ele>79</ele><time>2026-04-18T00:47:47Z</time></trkpt>
<trkpt lat="35.60067" lon="139.4363402"><ele>79</ele><time>2026-04-18T00:48:18Z</time></trkpt>
<trkpt lat="35.6005666" lon="139.4364982"><ele>78</ele><time>2026-04-18T00:48:24Z</time></trkpt>
<trkpt lat="35.600481" lon="139.4365411"><ele>78</ele><time>2026-04-18T00:48:31Z</time></trkpt>
<trkpt lat="35.6003045" lon="139.436803"><ele>78</ele><time>2026-04-18T00:48:39Z</time></trkpt>
<trkpt lat="35.6001378" lon="139.436992"><ele>78</ele><time>2026-04-18T00:48:47Z</time></trkpt>
<trkpt lat="35.5999666" lon="139.4371536"><ele>77</ele><time>2026-04-18T00:48:56Z</time></trkpt>
<trkpt lat="35.5997979" lon="139.4373049"><ele>76</ele><time>2026-04-18T00:49:05Z</time></trkpt>
<trkpt lat="35.5995635" lon="139.4373322"><ele>74</ele><time>2026-04-18T00:49:32Z</time></trkpt>
<trkpt lat="35.5994514" lon="139.4373872"><ele>74</ele><time>2026-04-18T00:50:22Z</time></trkpt>
<trkpt lat="35.5994097" lon="139.4375389"><ele>74</ele><time>2026-04-18T00:50:25Z</time></trkpt>
<trkpt lat="35.5992562" lon="139.437723"><ele>74</ele><time>2026-04-18T00:50:34Z</time></trkpt>
<trkpt lat="35.5991692" lon="139.4378185"><ele>73</ele><time>2026-04-18T00:50:39Z</time></trkpt>
<trkpt lat="35.5990775" lon="139.4379297"><ele>73</ele><time>2026-04-18T00:50:50Z</time></trkpt>
<trkpt lat="35.5988851" lon="139.4381498"><ele>73</ele><time>2026-04-18T00:51:12Z</time></trkpt>
<trkpt lat="35.5987536" lon="139.4382172"><ele>72</ele><time>2026-04-18T00:51:43Z</time></trkpt>
<trkpt lat="35.5986339" lon="139.4383085"><ele>72</ele><time>2026-04-18T00:51:49Z</time></trkpt>
<trkpt lat="35.5984784" lon="139.4385234"><ele>72</ele><time>2026-04-18T00:51:57Z</time></trkpt>
<trkpt lat="35.5984109" lon="139.438641"><ele>72</ele><time>2026-04-18T00:52:16Z</time></trkpt>
<trkpt lat="35.5983338" lon="139.4387575"><ele>71</ele><time>2026-04-18T00:52:22Z</time></trkpt>
<trkpt lat="35.5982563" lon="139.4388337"><ele>71</ele><time>2026-04-18T00:52:30Z</time></trkpt>
<trkpt lat="35.598137" lon="139.4388311"><ele>71</ele><time>2026-04-18T00:52:46Z</time></trkpt>
<trkpt lat="35.5980534" lon="139.4387376"><ele>70</ele><time>2026-04-18T00:52:52Z</time></trkpt>
<trkpt lat="35.5978903" lon="139.4385568"><ele>72</ele><time>2026-04-18T00:53:01Z</time></trkpt>
<trkpt lat="35.5979291" lon="139.4384534"><ele>73</ele><time>2026-04-18T00:53:07Z</time></trkpt>
<trkpt lat="35.5979952" lon="139.4383336"><ele>73</ele><time>2026-04-18T00:53:28Z</time></trkpt>
<trkpt lat="35.5979788" lon="139.4382093"><ele>75</ele><time>2026-04-18T00:54:10Z</time></trkpt>
<trkpt lat="35.5979195" lon="139.4381185"><ele>76</ele><time>2026-04-18T00:54:43Z</time></trkpt>
<trkpt lat="35.597951" lon="139.4382263"><ele>74</ele><time>2026-04-18T00:56:50Z</time></trkpt>
<trkpt lat="35.5979721" lon="139.4383799"><ele>73</ele><time>2026-04-18T00:57:08Z</time></trkpt>
<trkpt lat="35.5979223" lon="139.4385211"><ele>72</ele><time>2026-04-18T00:57:13Z</time></trkpt>
<trkpt lat="35.5979447" lon="139.4386381"><ele>71</ele><time>2026-04-18T00:57:25Z</time></trkpt>
<trkpt lat="35.5980228" lon="139.4387243"><ele>71</ele><time>2026-04-18T00:57:34Z</time></trkpt>
<trkpt lat="35.5981193" lon="139.4387671"><ele>70</ele><time>2026-04-18T00:57:46Z</time></trkpt>
<trkpt lat="35.5982234" lon="139.4388477"><ele>71</ele><time>2026-04-18T00:58:22Z</time></trkpt>
<trkpt lat="35.5982" lon="139.4389618"><ele>71</ele><time>2026-04-18T00:58:55Z</time></trkpt>
<trkpt lat="35.598143" lon="139.4392968"><ele>73</ele><time>2026-04-18T00:59:07Z</time></trkpt>
<trkpt lat="35.5981237" lon="139.4394088"><ele>73</ele><time>2026-04-18T00:59:09Z</time></trkpt>
<trkpt lat="35.5980745" lon="139.4396722"><ele>73</ele><time>2026-04-18T00:59:18Z</time></trkpt>
<trkpt lat="35.5980307" lon="139.4399296"><ele>73</ele><time>2026-04-18T00:59:26Z</time></trkpt>
<trkpt lat="35.597998" lon="139.4401912"><ele>73</ele><time>2026-04-18T00:59:35Z</time></trkpt>
<trkpt lat="35.5979882" lon="139.4403009"><ele>72</ele><time>2026-04-18T00:59:40Z</time></trkpt>
<trkpt lat="35.5979643" lon="139.4404207"><ele>72</ele><time>2026-04-18T00:59:46Z</time></trkpt>
<trkpt lat="35.5979097" lon="139.4407617"><ele>70</ele><time>2026-04-18T00:59:57Z</time></trkpt>
<trkpt lat="35.5978118" lon="139.4410056"><ele>69</ele><time>2026-04-18T01:00:06Z</time></trkpt>
<trkpt lat="35.5976929" lon="139.4412356"><ele>69</ele><time>2026-04-18T01:00:14Z</time></trkpt>
<trkpt lat="35.5975551" lon="139.4414564"><ele>68</ele><time>2026-04-18T01:00:23Z</time></trkpt>
<trkpt lat="35.5973888" lon="139.4416387"><ele>68</ele><time>2026-04-18T01:00:31Z</time></trkpt>
<trkpt lat="35.5973148" lon="139.4417802"><ele>68</ele><time>2026-04-18T01:00:37Z</time></trkpt>
<trkpt lat="35.5972706" lon="139.4419039"><ele>67</ele><time>2026-04-18T01:00:46Z</time></trkpt>
<trkpt lat="35.5971826" lon="139.4419883"><ele>67</ele><time>2026-04-18T01:00:52Z</time></trkpt>
<trkpt lat="35.5970392" lon="139.4422181"><ele>66</ele><time>2026-04-18T01:01:01Z</time></trkpt>
<trkpt lat="35.5969513" lon="139.4423566"><ele>65</ele><time>2026-04-18T01:01:06Z</time></trkpt>
<trkpt lat="35.596865" lon="139.4424871"><ele>65</ele><time>2026-04-18T01:01:12Z</time></trkpt>
<trkpt lat="35.5967901" lon="139.4426081"><ele>65</ele><time>2026-04-18T01:01:17Z</time></trkpt>
<trkpt lat="35.5967265" lon="139.4427375"><ele>65</ele><time>2026-04-18T01:01:32Z</time></trkpt>
<trkpt lat="35.5966343" lon="139.4428465"><ele>65</ele><time>2026-04-18T01:01:38Z</time></trkpt>
<trkpt lat="35.5965458" lon="139.4429185"><ele>65</ele><time>2026-04-18T01:01:44Z</time></trkpt>
<trkpt lat="35.5964444" lon="139.4429346"><ele>65</ele><time>2026-04-18T01:02:03Z</time></trkpt>
<trkpt lat="35.5963265" lon="139.4430084"><ele>64</ele><time>2026-04-18T01:02:12Z</time></trkpt>
<trkpt lat="35.5962019" lon="139.4430653"><ele>64</ele><time>2026-04-18T01:02:17Z</time></trkpt>
<trkpt lat="35.5960619" lon="139.443103"><ele>65</ele><time>2026-04-18T01:02:23Z</time></trkpt>
<trkpt lat="35.5959556" lon="139.4431895"><ele>65</ele><time>2026-04-18T01:02:29Z</time></trkpt>
<trkpt lat="35.5958468" lon="139.4432946"><ele>64</ele><time>2026-04-18T01:02:34Z</time></trkpt>
<trkpt lat="35.5957488" lon="139.4434018"><ele>64</ele><time>2026-04-18T01:02:40Z</time></trkpt>
<trkpt lat="35.5956284" lon="139.4434934"><ele>64</ele><time>2026-04-18T01:02:46Z</time></trkpt>
<trkpt lat="35.5955685" lon="139.44359"><ele>63</ele><time>2026-04-18T01:02:51Z</time></trkpt>
<trkpt lat="35.5955164" lon="139.44368"><ele>63</ele><time>2026-04-18T01:02:57Z</time></trkpt>
<trkpt lat="35.5954138" lon="139.4437759"><ele>63</ele><time>2026-04-18T01:03:09Z</time></trkpt>
<trkpt lat="35.5953239" lon="139.4438829"><ele>64</ele><time>2026-04-18T01:03:14Z</time></trkpt>
<trkpt lat="35.595236" lon="139.4439722"><ele>64</ele><time>2026-04-18T01:03:17Z</time></trkpt>
<trkpt lat="35.595119" lon="139.4440718"><ele>65</ele><time>2026-04-18T01:03:23Z</time></trkpt>
<trkpt lat="35.5949019" lon="139.4442251"><ele>64</ele><time>2026-04-18T01:03:31Z</time></trkpt>
<trkpt lat="35.5947467" lon="139.4444049"><ele>61</ele><time>2026-04-18T01:03:39Z</time></trkpt>
<trkpt lat="35.5946272" lon="139.4445025"><ele>60</ele><time>2026-04-18T01:03:45Z</time></trkpt>
<trkpt lat="35.5944079" lon="139.4446139"><ele>60</ele><time>2026-04-18T01:03:54Z</time></trkpt>
<trkpt lat="35.5943252" lon="139.4444883"><ele>61</ele><time>2026-04-18T01:04:19Z</time></trkpt>
<trkpt lat="35.5943112" lon="139.4443562"><ele>62</ele><time>2026-04-18T01:04:26Z</time></trkpt>
<trkpt lat="35.5943043" lon="139.4442344"><ele>63</ele><time>2026-04-18T01:04:34Z</time></trkpt>
<trkpt lat="35.594294" lon="139.4441234"><ele>64</ele><time>2026-04-18T01:04:40Z</time></trkpt>
<trkpt lat="35.5941821" lon="139.444142"><ele>65</ele><time>2026-04-18T01:04:52Z</time></trkpt>
<trkpt lat="35.5941422" lon="139.4442677"><ele>66</ele><time>2026-04-18T01:05:01Z</time></trkpt>
<trkpt lat="35.5941187" lon="139.4444044"><ele>64</ele><time>2026-04-18T01:05:10Z</time></trkpt>
<trkpt lat="35.5940497" lon="139.4445382"><ele>64</ele><time>2026-04-18T01:05:19Z</time></trkpt>
<trkpt lat="35.5939941" lon="139.4446551"><ele>64</ele><time>2026-04-18T01:05:28Z</time></trkpt>
<trkpt lat="35.5939538" lon="139.4447607"><ele>67</ele><time>2026-04-18T01:05:34Z</time></trkpt>
<trkpt lat="35.5937771" lon="139.4449383"><ele>71</ele><time>2026-04-18T01:05:43Z</time></trkpt>
<trkpt lat="35.5936996" lon="139.4450551"><ele>72</ele><time>2026-04-18T01:05:48Z</time></trkpt>
<trkpt lat="35.5936453" lon="139.4451948"><ele>72</ele><time>2026-04-18T01:05:54Z</time></trkpt>
<trkpt lat="35.5935661" lon="139.4453258"><ele>72</ele><time>2026-04-18T01:06:00Z</time></trkpt>
<trkpt lat="35.593532" lon="139.4454318"><ele>71</ele><time>2026-04-18T01:06:06Z</time></trkpt>
<trkpt lat="35.593494" lon="139.4455527"><ele>71</ele><time>2026-04-18T01:06:12Z</time></trkpt>
<trkpt lat="35.5935224" lon="139.445696"><ele>70</ele><time>2026-04-18T01:06:18Z</time></trkpt>
<trkpt lat="35.5935507" lon="139.4458431"><ele>68</ele><time>2026-04-18T01:06:24Z</time></trkpt>
<trkpt lat="35.5935391" lon="139.4460139"><ele>67</ele><time>2026-04-18T01:06:29Z</time></trkpt>
<trkpt lat="35.5934553" lon="139.4461499"><ele>67</ele><time>2026-04-18T01:06:35Z</time></trkpt>
<trkpt lat="35.5933862" lon="139.4462901"><ele>67</ele><time>2026-04-18T01:06:40Z</time></trkpt>
<trkpt lat="35.5933357" lon="139.4464431"><ele>66</ele><time>2026-04-18T01:06:46Z</time></trkpt>
<trkpt lat="35.5932638" lon="139.4465894"><ele>66</ele><time>2026-04-18T01:06:51Z</time></trkpt>
<trkpt lat="35.5931464" lon="139.4466894"><ele>66</ele><time>2026-04-18T01:06:57Z</time></trkpt>
<trkpt lat="35.593008" lon="139.446688"><ele>67</ele><time>2026-04-18T01:07:02Z</time></trkpt>
<trkpt lat="35.5928704" lon="139.4466485"><ele>68</ele><time>2026-04-18T01:07:08Z</time></trkpt>
<trkpt lat="35.5926703" lon="139.4464266"><ele>71</ele><time>2026-04-18T01:07:19Z</time></trkpt>
<trkpt lat="35.59261" lon="139.4463372"><ele>72</ele><time>2026-04-18T01:07:21Z</time></trkpt>
<trkpt lat="35.5924846" lon="139.4462803"><ele>73</ele><time>2026-04-18T01:07:27Z</time></trkpt>
<trkpt lat="35.5923902" lon="139.4464064"><ele>71</ele><time>2026-04-18T01:07:32Z</time></trkpt>
<trkpt lat="35.5922737" lon="139.446515"><ele>71</ele><time>2026-04-18T01:07:38Z</time></trkpt>
<trkpt lat="35.5921984" lon="139.4465842"><ele>71</ele><time>2026-04-18T01:07:47Z</time></trkpt>
<trkpt lat="35.5921962" lon="139.4464589"><ele>72</ele><time>2026-04-18T01:08:05Z</time></trkpt>
<trkpt lat="35.5919938" lon="139.4463155"><ele>76</ele><time>2026-04-18T01:08:17Z</time></trkpt>
<trkpt lat="35.59187" lon="139.4462522"><ele>77</ele><time>2026-04-18T01:08:26Z</time></trkpt>
<trkpt lat="35.5916642" lon="139.4460801"><ele>78</ele><time>2026-04-18T01:08:34Z</time></trkpt>
<trkpt lat="35.5915707" lon="139.4459588"><ele>78</ele><time>2026-04-18T01:08:40Z</time></trkpt>
<trkpt lat="35.5914552" lon="139.4459957"><ele>78</ele><time>2026-04-18T01:08:45Z</time></trkpt>
<trkpt lat="35.5913417" lon="139.4458888"><ele>77</ele><time>2026-04-18T01:08:58Z</time></trkpt>
<trkpt lat="35.5914154" lon="139.445793"><ele>78</ele><time>2026-04-18T01:09:04Z</time></trkpt>
<trkpt lat="35.591566" lon="139.4460097"><ele>78</ele><time>2026-04-18T01:10:11Z</time></trkpt>
<trkpt lat="35.5914556" lon="139.4459883"><ele>78</ele><time>2026-04-18T01:10:15Z</time></trkpt>
<trkpt lat="35.5913044" lon="139.4459527"><ele>77</ele><time>2026-04-18T01:10:23Z</time></trkpt>
<trkpt lat="35.5911594" lon="139.4460324"><ele>78</ele><time>2026-04-18T01:11:32Z</time></trkpt>
<trkpt lat="35.591046" lon="139.4461175"><ele>79</ele><time>2026-04-18T01:11:41Z</time></trkpt>
<trkpt lat="35.59095" lon="139.4460565"><ele>79</ele><time>2026-04-18T01:11:47Z</time></trkpt>
<trkpt lat="35.5908874" lon="139.4459246"><ele>79</ele><time>2026-04-18T01:11:56Z</time></trkpt>
<trkpt lat="35.5907751" lon="139.4458286"><ele>80</ele><time>2026-04-18T01:12:02Z</time></trkpt>
<trkpt lat="35.5906936" lon="139.4456911"><ele>81</ele><time>2026-04-18T01:12:08Z</time></trkpt>
<trkpt lat="35.5906065" lon="139.4455581"><ele>81</ele><time>2026-04-18T01:12:13Z</time></trkpt>
<trkpt lat="35.5905246" lon="139.4454223"><ele>82</ele><time>2026-04-18T01:12:19Z</time></trkpt>
<trkpt lat="35.5904166" lon="139.4452094"><ele>82</ele><time>2026-04-18T01:12:27Z</time></trkpt>
<trkpt lat="35.590341" lon="139.4450785"><ele>81</ele><time>2026-04-18T01:12:33Z</time></trkpt>
<trkpt lat="35.590337" lon="139.4449372"><ele>80</ele><time>2026-04-18T01:12:42Z</time></trkpt>
<trkpt lat="35.5901747" lon="139.4447492"><ele>82</ele><time>2026-04-18T01:12:54Z</time></trkpt>
<trkpt lat="35.5900829" lon="139.4446213"><ele>84</ele><time>2026-04-18T01:12:59Z</time></trkpt>
<trkpt lat="35.5900344" lon="139.4444741"><ele>86</ele><time>2026-04-18T01:13:05Z</time></trkpt>
<trkpt lat="35.5899972" lon="139.4443172"><ele>86</ele><time>2026-04-18T01:13:11Z</time></trkpt>
<trkpt lat="35.5899334" lon="139.4441748"><ele>87</ele><time>2026-04-18T01:13:16Z</time></trkpt>
<trkpt lat="35.5898451" lon="139.4440466"><ele>87</ele><time>2026-04-18T01:13:22Z</time></trkpt>
<trkpt lat="35.5897299" lon="139.4439455"><ele>85</ele><time>2026-04-18T01:13:28Z</time></trkpt>
<trkpt lat="35.5896507" lon="139.4438469"><ele>82</ele><time>2026-04-18T01:13:34Z</time></trkpt>
<trkpt lat="35.5895516" lon="139.4438614"><ele>81</ele><time>2026-04-18T01:13:51Z</time></trkpt>
<trkpt lat="35.5894263" lon="139.4438271"><ele>81</ele><time>2026-04-18T01:14:03Z</time></trkpt>
<trkpt lat="35.5895601" lon="139.4438046"><ele>81</ele><time>2026-04-18T01:14:12Z</time></trkpt>
<trkpt lat="35.5896469" lon="139.4437378"><ele>81</ele><time>2026-04-18T01:14:18Z</time></trkpt>
<trkpt lat="35.5897424" lon="139.4436911"><ele>81</ele><time>2026-04-18T01:14:42Z</time></trkpt>
<trkpt lat="35.58965" lon="139.4436568"><ele>80</ele><time>2026-04-18T01:15:05Z</time></trkpt>
<trkpt lat="35.5895117" lon="139.4436288"><ele>79</ele><time>2026-04-18T01:15:19Z</time></trkpt>
<trkpt lat="35.5894016" lon="139.4435548"><ele>78</ele><time>2026-04-18T01:15:25Z</time></trkpt>
<trkpt lat="35.5892776" lon="139.4435066"><ele>77</ele><time>2026-04-18T01:15:31Z</time></trkpt>
<trkpt lat="35.5891499" lon="139.4434686"><ele>76</ele><time>2026-04-18T01:15:37Z</time></trkpt>
<trkpt lat="35.5890364" lon="139.4434211"><ele>74</ele><time>2026-04-18T01:15:43Z</time></trkpt>
<trkpt lat="35.5889701" lon="139.4433349"><ele>73</ele><time>2026-04-18T01:15:49Z</time></trkpt>
<trkpt lat="35.5888717" lon="139.4433054"><ele>72</ele><time>2026-04-18T01:15:58Z</time></trkpt>
<trkpt lat="35.5887171" lon="139.4432459"><ele>70</ele><time>2026-04-18T01:16:04Z</time></trkpt>
<trkpt lat="35.5885941" lon="139.443202"><ele>69</ele><time>2026-04-18T01:16:41Z</time></trkpt>
<trkpt lat="35.5884531" lon="139.4431702"><ele>67</ele><time>2026-04-18T01:16:46Z</time></trkpt>
<trkpt lat="35.5881634" lon="139.4430715"><ele>63</ele><time>2026-04-18T01:16:59Z</time></trkpt>
<trkpt lat="35.5880496" lon="139.4430948"><ele>61</ele><time>2026-04-18T01:18:23Z</time></trkpt>
<trkpt lat="35.5877873" lon="139.4431503"><ele>58</ele><time>2026-04-18T01:18:32Z</time></trkpt>
<trkpt lat="35.5875238" lon="139.4430443"><ele>55</ele><time>2026-04-18T01:18:43Z</time></trkpt>
<trkpt lat="35.5874278" lon="139.4430696"><ele>55</ele><time>2026-04-18T01:18:46Z</time></trkpt>
<trkpt lat="35.5872137" lon="139.4430601"><ele>54</ele><time>2026-04-18T01:18:55Z</time></trkpt>
<trkpt lat="35.5872186" lon="139.4429313"><ele>55</ele><time>2026-04-18T01:19:20Z</time></trkpt>
<trkpt lat="35.5870842" lon="139.4429171"><ele>55</ele><time>2026-04-18T01:19:26Z</time></trkpt>
<trkpt lat="35.5868908" lon="139.4429076"><ele>54</ele><time>2026-04-18T01:19:35Z</time></trkpt>
<trkpt lat="35.5866959" lon="139.4430109"><ele>54</ele><time>2026-04-18T01:19:44Z</time></trkpt>
<trkpt lat="35.5865791" lon="139.4429858"><ele>53</ele><time>2026-04-18T01:19:49Z</time></trkpt>
<trkpt lat="35.5862727" lon="139.4429537"><ele>52</ele><time>2026-04-18T01:19:58Z</time></trkpt>
<trkpt lat="35.5860669" lon="139.4429642"><ele>51</ele><time>2026-04-18T01:20:06Z</time></trkpt>
<trkpt lat="35.5859963" lon="139.4428869"><ele>51</ele><time>2026-04-18T01:20:37Z</time></trkpt>
<trkpt lat="35.58578" lon="139.4428452"><ele>50</ele><time>2026-04-18T01:20:46Z</time></trkpt>
<trkpt lat="35.5856621" lon="139.442835"><ele>50</ele><time>2026-04-18T01:20:51Z</time></trkpt>
<trkpt lat="35.5855649" lon="139.4427056"><ele>50</ele><time>2026-04-18T01:21:02Z</time></trkpt>
<trkpt lat="35.5854772" lon="139.4426164"><ele>50</ele><time>2026-04-18T01:21:16Z</time></trkpt>
<trkpt lat="35.5853661" lon="139.4425513"><ele>51</ele><time>2026-04-18T01:21:37Z</time></trkpt>
<trkpt lat="35.5852695" lon="139.4425888"><ele>53</ele><time>2026-04-18T01:21:40Z</time></trkpt>
<trkpt lat="35.5850128" lon="139.4426103"><ele>57</ele><time>2026-04-18T01:21:48Z</time></trkpt>
<trkpt lat="35.5848928" lon="139.442572"><ele>57</ele><time>2026-04-18T01:21:54Z</time></trkpt>
<trkpt lat="35.5847762" lon="139.4425284"><ele>57</ele><time>2026-04-18T01:22:03Z</time></trkpt>
<trkpt lat="35.584663" lon="139.4424511"><ele>55</ele><time>2026-04-18T01:22:09Z</time></trkpt>
<trkpt lat="35.5845491" lon="139.4423469"><ele>54</ele><time>2026-04-18T01:22:15Z</time></trkpt>
<trkpt lat="35.5844324" lon="139.4422488"><ele>54</ele><time>2026-04-18T01:22:20Z</time></trkpt>
<trkpt lat="35.5842329" lon="139.442108"><ele>57</ele><time>2026-04-18T01:22:29Z</time></trkpt>
<trkpt lat="35.5840517" lon="139.4419731"><ele>58</ele><time>2026-04-18T01:22:38Z</time></trkpt>
<trkpt lat="35.5839354" lon="139.4418928"><ele>58</ele><time>2026-04-18T01:22:43Z</time></trkpt>
<trkpt lat="35.5837531" lon="139.4417392"><ele>59</ele><time>2026-04-18T01:22:52Z</time></trkpt>
<trkpt lat="35.5835808" lon="139.4415788"><ele>61</ele><time>2026-04-18T01:23:00Z</time></trkpt>
<trkpt lat="35.5834917" lon="139.4414811"><ele>61</ele><time>2026-04-18T01:23:06Z</time></trkpt>
<trkpt lat="35.5835209" lon="139.4413619"><ele>61</ele><time>2026-04-18T01:23:15Z</time></trkpt>
<trkpt lat="35.5836097" lon="139.441246"><ele>62</ele><time>2026-04-18T01:23:21Z</time></trkpt>
<trkpt lat="35.583576" lon="139.4411205"><ele>63</ele><time>2026-04-18T01:23:30Z</time></trkpt>
<trkpt lat="35.5835123" lon="139.4409877"><ele>64</ele><time>2026-04-18T01:23:36Z</time></trkpt>
<trkpt lat="35.5834483" lon="139.4408555"><ele>65</ele><time>2026-04-18T01:23:42Z</time></trkpt>
<trkpt lat="35.5833812" lon="139.4406995"><ele>67</ele><time>2026-04-18T01:23:48Z</time></trkpt>
<trkpt lat="35.583339" lon="139.4405418"><ele>67</ele><time>2026-04-18T01:23:53Z</time></trkpt>
<trkpt lat="35.5832915" lon="139.4404032"><ele>69</ele><time>2026-04-18T01:23:59Z</time></trkpt>
<trkpt lat="35.5832579" lon="139.4402623"><ele>70</ele><time>2026-04-18T01:24:05Z</time></trkpt>
<trkpt lat="35.5832333" lon="139.440114"><ele>70</ele><time>2026-04-18T01:24:14Z</time></trkpt>
<trkpt lat="35.5832001" lon="139.4399979"><ele>69</ele><time>2026-04-18T01:24:19Z</time></trkpt>
<trkpt lat="35.5831743" lon="139.4398779"><ele>70</ele><time>2026-04-18T01:24:25Z</time></trkpt>
<trkpt lat="35.5831426" lon="139.4397451"><ele>70</ele><time>2026-04-18T01:24:31Z</time></trkpt>
<trkpt lat="35.5830548" lon="139.4395072"><ele>72</ele><time>2026-04-18T01:24:39Z</time></trkpt>
<trkpt lat="35.5830115" lon="139.4393513"><ele>71</ele><time>2026-04-18T01:24:44Z</time></trkpt>
<trkpt lat="35.5829571" lon="139.4392098"><ele>71</ele><time>2026-04-18T01:24:50Z</time></trkpt>
<trkpt lat="35.5828588" lon="139.4390833"><ele>71</ele><time>2026-04-18T01:24:56Z</time></trkpt>
<trkpt lat="35.5826971" lon="139.4389066"><ele>72</ele><time>2026-04-18T01:25:04Z</time></trkpt>
<trkpt lat="35.582606" lon="139.4387781"><ele>72</ele><time>2026-04-18T01:25:10Z</time></trkpt>
<trkpt lat="35.5824724" lon="139.4385556"><ele>71</ele><time>2026-04-18T01:25:18Z</time></trkpt>
<trkpt lat="35.5823437" lon="139.4383152"><ele>70</ele><time>2026-04-18T01:25:27Z</time></trkpt>
<trkpt lat="35.5822329" lon="139.4381104"><ele>69</ele><time>2026-04-18T01:25:36Z</time></trkpt>
<trkpt lat="35.582155" lon="139.4379761"><ele>68</ele><time>2026-04-18T01:25:43Z</time></trkpt>
<trkpt lat="35.5822236" lon="139.4380777"><ele>69</ele><time>2026-04-18T01:26:11Z</time></trkpt>
<trkpt lat="35.5823063" lon="139.4383281"><ele>70</ele><time>2026-04-18T01:26:19Z</time></trkpt>
<trkpt lat="35.5824175" lon="139.4384178"><ele>70</ele><time>2026-04-18T01:26:40Z</time></trkpt>
<trkpt lat="35.5824671" lon="139.4385118"><ele>71</ele><time>2026-04-18T01:26:46Z</time></trkpt>
<trkpt lat="35.5825535" lon="139.4387664"><ele>73</ele><time>2026-04-18T01:26:58Z</time></trkpt>
<trkpt lat="35.5827452" lon="139.438953"><ele>71</ele><time>2026-04-18T01:27:06Z</time></trkpt>
<trkpt lat="35.5829098" lon="139.4391498"><ele>71</ele><time>2026-04-18T01:27:14Z</time></trkpt>
<trkpt lat="35.5830077" lon="139.4393038"><ele>70</ele><time>2026-04-18T01:27:20Z</time></trkpt>
<trkpt lat="35.583052" lon="139.439486"><ele>72</ele><time>2026-04-18T01:27:26Z</time></trkpt>
<trkpt lat="35.5831418" lon="139.4397457"><ele>70</ele><time>2026-04-18T01:27:35Z</time></trkpt>
<trkpt lat="35.5831764" lon="139.4398964"><ele>70</ele><time>2026-04-18T01:27:41Z</time></trkpt>
<trkpt lat="35.5831772" lon="139.4400169"><ele>70</ele><time>2026-04-18T01:27:50Z</time></trkpt>
<trkpt lat="35.5831768" lon="139.440151"><ele>71</ele><time>2026-04-18T01:28:08Z</time></trkpt>
<trkpt lat="35.583053" lon="139.4401487"><ele>72</ele><time>2026-04-18T01:28:17Z</time></trkpt>
<trkpt lat="35.5829697" lon="139.4400951"><ele>72</ele><time>2026-04-18T01:28:23Z</time></trkpt>
<trkpt lat="35.5828576" lon="139.4400582"><ele>72</ele><time>2026-04-18T01:28:32Z</time></trkpt>
<trkpt lat="35.582776" lon="139.4399105"><ele>72</ele><time>2026-04-18T01:28:59Z</time></trkpt>
<trkpt lat="35.5826988" lon="139.4398026"><ele>72</ele><time>2026-04-18T01:29:05Z</time></trkpt>
<trkpt lat="35.5825659" lon="139.4397791"><ele>71</ele><time>2026-04-18T01:29:11Z</time></trkpt>
<trkpt lat="35.582442" lon="139.4397163"><ele>73</ele><time>2026-04-18T01:29:17Z</time></trkpt>
<trkpt lat="35.5823475" lon="139.4396054"><ele>75</ele><time>2026-04-18T01:29:23Z</time></trkpt>
<trkpt lat="35.5822557" lon="139.4394924"><ele>80</ele><time>2026-04-18T01:29:29Z</time></trkpt>
<trkpt lat="35.5821789" lon="139.4394298"><ele>80</ele><time>2026-04-18T01:29:34Z</time></trkpt>
<trkpt lat="35.5820973" lon="139.4393188"><ele>82</ele><time>2026-04-18T01:29:44Z</time></trkpt>
<trkpt lat="35.5820054" lon="139.439246"><ele>84</ele><time>2026-04-18T01:29:56Z</time></trkpt>
<trkpt lat="35.581914" lon="139.4391869"><ele>84</ele><time>2026-04-18T01:30:05Z</time></trkpt>
<trkpt lat="35.5818229" lon="139.439154"><ele>85</ele><time>2026-04-18T01:30:23Z</time></trkpt>
<trkpt lat="35.5817375" lon="139.4391181"><ele>86</ele><time>2026-04-18T01:30:29Z</time></trkpt>
<trkpt lat="35.5816279" lon="139.4390961"><ele>87</ele><time>2026-04-18T01:30:38Z</time></trkpt>
<trkpt lat="35.5815196" lon="139.4390779"><ele>88</ele><time>2026-04-18T01:30:47Z</time></trkpt>
<trkpt lat="35.5814253" lon="139.4390736"><ele>92</ele><time>2026-04-18T01:30:56Z</time></trkpt>
<trkpt lat="35.5813257" lon="139.4391138"><ele>90</ele><time>2026-04-18T01:31:06Z</time></trkpt>
<trkpt lat="35.5812148" lon="139.4391344"><ele>93</ele><time>2026-04-18T01:31:15Z</time></trkpt>
<trkpt lat="35.5811065" lon="139.4390994"><ele>95</ele><time>2026-04-18T01:31:24Z</time></trkpt>
<trkpt lat="35.5810304" lon="139.4390392"><ele>101</ele><time>2026-04-18T01:31:40Z</time></trkpt>
<trkpt lat="35.580978" lon="139.4389277"><ele>100</ele><time>2026-04-18T01:32:18Z</time></trkpt>
<trkpt lat="35.5808734" lon="139.4390267"><ele>101</ele><time>2026-04-18T01:32:53Z</time></trkpt>
<trkpt lat="35.5806739" lon="139.4391896"><ele>103</ele><time>2026-04-18T01:33:02Z</time></trkpt>
<trkpt lat="35.5805831" lon="139.4392734"><ele>104</ele><time>2026-04-18T01:33:16Z</time></trkpt>
<trkpt lat="35.5805079" lon="139.4394171"><ele>105</ele><time>2026-04-18T01:33:22Z</time></trkpt>
<trkpt lat="35.5802487" lon="139.4393648"><ele>105</ele><time>2026-04-18T01:33:31Z</time></trkpt>
<trkpt lat="35.5801134" lon="139.4394108"><ele>106</ele><time>2026-04-18T01:33:37Z</time></trkpt>
<trkpt lat="35.5799893" lon="139.4394745"><ele>108</ele><time>2026-04-18T01:33:42Z</time></trkpt>
<trkpt lat="35.5798767" lon="139.4395348"><ele>108</ele><time>2026-04-18T01:33:48Z</time></trkpt>
<trkpt lat="35.5798151" lon="139.4396281"><ele>109</ele><time>2026-04-18T01:33:55Z</time></trkpt>
<trkpt lat="35.5797535" lon="139.4397725"><ele>113</ele><time>2026-04-18T01:34:04Z</time></trkpt>
<trkpt lat="35.5796841" lon="139.4398816"><ele>115</ele><time>2026-04-18T01:34:13Z</time></trkpt>
<trkpt lat="35.5795704" lon="139.4399292"><ele>114</ele><time>2026-04-18T01:34:23Z</time></trkpt>
<trkpt lat="35.579474" lon="139.4400023"><ele>114</ele><time>2026-04-18T01:34:28Z</time></trkpt>
<trkpt lat="35.5793964" lon="139.4401027"><ele>116</ele><time>2026-04-18T01:34:37Z</time></trkpt>
<trkpt lat="35.5792825" lon="139.4400742"><ele>116</ele><time>2026-04-18T01:34:46Z</time></trkpt>
<trkpt lat="35.5791938" lon="139.4400539"><ele>116</ele><time>2026-04-18T01:34:52Z</time></trkpt>
<trkpt lat="35.5790614" lon="139.4400396"><ele>117</ele><time>2026-04-18T01:35:02Z</time></trkpt>
<trkpt lat="35.5789582" lon="139.4400802"><ele>117</ele><time>2026-04-18T01:35:08Z</time></trkpt>
<trkpt lat="35.5788723" lon="139.4401181"><ele>120</ele><time>2026-04-18T01:35:14Z</time></trkpt>
<trkpt lat="35.5787381" lon="139.4401453"><ele>121</ele><time>2026-04-18T01:35:26Z</time></trkpt>
<trkpt lat="35.5786436" lon="139.4401273"><ele>122</ele><time>2026-04-18T01:35:32Z</time></trkpt>
<trkpt lat="35.57853" lon="139.4400773"><ele>120</ele><time>2026-04-18T01:35:41Z</time></trkpt>
<trkpt lat="35.5784354" lon="139.440081"><ele>121</ele><time>2026-04-18T01:35:49Z</time></trkpt>
<trkpt lat="35.5783472" lon="139.4400265"><ele>122</ele><time>2026-04-18T01:36:02Z</time></trkpt>
<trkpt lat="35.5782443" lon="139.4400449"><ele>122</ele><time>2026-04-18T01:36:11Z</time></trkpt>
<trkpt lat="35.5781484" lon="139.4399868"><ele>121</ele><time>2026-04-18T01:36:47Z</time></trkpt>
<trkpt lat="35.5782365" lon="139.440014"><ele>121</ele><time>2026-04-18T01:37:29Z</time></trkpt>
<trkpt lat="35.578" lon="139.4399891"><ele>121</ele><time>2026-04-18T01:38:23Z</time></trkpt>
<trkpt lat="35.5778598" lon="139.4400311"><ele>120</ele><time>2026-04-18T01:38:29Z</time></trkpt>
<trkpt lat="35.5777781" lon="139.4399605"><ele>119</ele><time>2026-04-18T01:38:38Z</time></trkpt>
<trkpt lat="35.5777559" lon="139.4398489"><ele>118</ele><time>2026-04-18T01:38:44Z</time></trkpt>
<trkpt lat="35.5777363" lon="139.439738"><ele>115</ele><time>2026-04-18T01:38:50Z</time></trkpt>
<trkpt lat="35.5776286" lon="139.4396772"><ele>113</ele><time>2026-04-18T01:38:56Z</time></trkpt>
<trkpt lat="35.5777154" lon="139.4397917"><ele>117</ele><time>2026-04-18T01:39:08Z</time></trkpt>
<trkpt lat="35.5778109" lon="139.4397347"><ele>116</ele><time>2026-04-18T01:39:17Z</time></trkpt>
<trkpt lat="35.5777439" lon="139.4398194"><ele>117</ele><time>2026-04-18T01:39:35Z</time></trkpt>
<trkpt lat="35.5776296" lon="139.4396945"><ele>115</ele><time>2026-04-18T01:39:44Z</time></trkpt>
<trkpt lat="35.577526" lon="139.4395664"><ele>110</ele><time>2026-04-18T01:39:50Z</time></trkpt>
<trkpt lat="35.5774499" lon="139.4395062"><ele>108</ele><time>2026-04-18T01:40:32Z</time></trkpt>
<trkpt lat="35.5773557" lon="139.4395328"><ele>109</ele><time>2026-04-18T01:40:35Z</time></trkpt>
<trkpt lat="35.5771182" lon="139.4395835"><ele>108</ele><time>2026-04-18T01:40:44Z</time></trkpt>
<trkpt lat="35.5772227" lon="139.4394749"><ele>107</ele><time>2026-04-18T01:40:53Z</time></trkpt>
<trkpt lat="35.5773436" lon="139.4394846"><ele>108</ele><time>2026-04-18T01:40:59Z</time></trkpt>
<trkpt lat="35.5774789" lon="139.4394665"><ele>108</ele><time>2026-04-18T01:41:04Z</time></trkpt>
<trkpt lat="35.5774732" lon="139.4393363"><ele>106</ele><time>2026-04-18T01:41:10Z</time></trkpt>
<trkpt lat="35.5773413" lon="139.4392547"><ele>105</ele><time>2026-04-18T01:41:19Z</time></trkpt>
<trkpt lat="35.5772507" lon="139.4391791"><ele>104</ele><time>2026-04-18T01:41:28Z</time></trkpt>
<trkpt lat="35.5771633" lon="139.4390812"><ele>104</ele><time>2026-04-18T01:41:37Z</time></trkpt>
<trkpt lat="35.577055" lon="139.439039"><ele>103</ele><time>2026-04-18T01:41:46Z</time></trkpt>
<trkpt lat="35.5768351" lon="139.4389223"><ele>104</ele><time>2026-04-18T01:42:04Z</time></trkpt>
<trkpt lat="35.576586" lon="139.4388107"><ele>104</ele><time>2026-04-18T01:42:12Z</time></trkpt>
<trkpt lat="35.5763805" lon="139.438856"><ele>106</ele><time>2026-04-18T01:42:21Z</time></trkpt>
<trkpt lat="35.5762452" lon="139.438955"><ele>109</ele><time>2026-04-18T01:42:26Z</time></trkpt>
<trkpt lat="35.5761327" lon="139.4389796"><ele>111</ele><time>2026-04-18T01:42:35Z</time></trkpt>
<trkpt lat="35.5760114" lon="139.4389553"><ele>112</ele><time>2026-04-18T01:42:41Z</time></trkpt>
<trkpt lat="35.5758734" lon="139.4389108"><ele>114</ele><time>2026-04-18T01:42:46Z</time></trkpt>
<trkpt lat="35.5756605" lon="139.4388865"><ele>116</ele><time>2026-04-18T01:42:55Z</time></trkpt>
<trkpt lat="35.5755556" lon="139.4389859"><ele>118</ele><time>2026-04-18T01:43:04Z</time></trkpt>
<trkpt lat="35.5754557" lon="139.4390741"><ele>118</ele><time>2026-04-18T01:43:13Z</time></trkpt>
<trkpt lat="35.5753436" lon="139.4391485"><ele>118</ele><time>2026-04-18T01:43:19Z</time></trkpt>
<trkpt lat="35.5752124" lon="139.439178"><ele>118</ele><time>2026-04-18T01:43:24Z</time></trkpt>
<trkpt lat="35.5750765" lon="139.4391872"><ele>119</ele><time>2026-04-18T01:43:30Z</time></trkpt>
<trkpt lat="35.5749494" lon="139.439216"><ele>119</ele><time>2026-04-18T01:43:36Z</time></trkpt>
<trkpt lat="35.5748593" lon="139.4392317"><ele>119</ele><time>2026-04-18T01:43:42Z</time></trkpt>
<trkpt lat="35.5747381" lon="139.4392798"><ele>119</ele><time>2026-04-18T01:43:51Z</time></trkpt>
<trkpt lat="35.5746401" lon="139.4392622"><ele>119</ele><time>2026-04-18T01:44:23Z</time></trkpt>
<trkpt lat="35.5745409" lon="139.4392271"><ele>119</ele><time>2026-04-18T01:44:29Z</time></trkpt>
<trkpt lat="35.5744422" lon="139.4391557"><ele>120</ele><time>2026-04-18T01:44:38Z</time></trkpt>
<trkpt lat="35.5743228" lon="139.4390585"><ele>120</ele><time>2026-04-18T01:44:44Z</time></trkpt>
<trkpt lat="35.574281" lon="139.438956"><ele>120</ele><time>2026-04-18T01:44:50Z</time></trkpt>
<trkpt lat="35.5740691" lon="139.4388471"><ele>119</ele><time>2026-04-18T01:44:58Z</time></trkpt>
<trkpt lat="35.5738433" lon="139.4388417"><ele>119</ele><time>2026-04-18T01:45:06Z</time></trkpt>
<trkpt lat="35.5737284" lon="139.4388326"><ele>119</ele><time>2026-04-18T01:45:09Z</time></trkpt>
<trkpt lat="35.573654" lon="139.4389831"><ele>118</ele><time>2026-04-18T01:45:21Z</time></trkpt>
<trkpt lat="35.5736558" lon="139.4388666"><ele>119</ele><time>2026-04-18T01:45:39Z</time></trkpt>
<trkpt lat="35.5735326" lon="139.4387925"><ele>118</ele><time>2026-04-18T01:45:44Z</time></trkpt>
<trkpt lat="35.5734468" lon="139.4386593"><ele>116</ele><time>2026-04-18T01:45:50Z</time></trkpt>
<trkpt lat="35.5732855" lon="139.4386555"><ele>113</ele><time>2026-04-18T01:45:56Z</time></trkpt>
<trkpt lat="35.5731918" lon="139.438697"><ele>110</ele><time>2026-04-18T01:45:59Z</time></trkpt>
<trkpt lat="35.5730523" lon="139.4387232"><ele>109</ele><time>2026-04-18T01:46:04Z</time></trkpt>
<trkpt lat="35.5728171" lon="139.4387131"><ele>110</ele><time>2026-04-18T01:46:13Z</time></trkpt>
<trkpt lat="35.5725997" lon="139.4386863"><ele>110</ele><time>2026-04-18T01:46:21Z</time></trkpt>
<trkpt lat="35.5723775" lon="139.4386151"><ele>109</ele><time>2026-04-18T01:46:29Z</time></trkpt>
<trkpt lat="35.5721539" lon="139.438575"><ele>109</ele><time>2026-04-18T01:46:37Z</time></trkpt>
<trkpt lat="35.571934" lon="139.4385348"><ele>109</ele><time>2026-04-18T01:46:46Z</time></trkpt>
<trkpt lat="35.5717002" lon="139.4385195"><ele>109</ele><time>2026-04-18T01:46:54Z</time></trkpt>
<trkpt lat="35.5714649" lon="139.4385245"><ele>109</ele><time>2026-04-18T01:47:02Z</time></trkpt>
<trkpt lat="35.5712445" lon="139.4385202"><ele>109</ele><time>2026-04-18T01:47:10Z</time></trkpt>
<trkpt lat="35.5710073" lon="139.4384913"><ele>107</ele><time>2026-04-18T01:47:19Z</time></trkpt>
<trkpt lat="35.5708473" lon="139.4385277"><ele>105</ele><time>2026-04-18T01:47:25Z</time></trkpt>
<trkpt lat="35.5708275" lon="139.4386386"><ele>104</ele><time>2026-04-18T01:48:25Z</time></trkpt>
<trkpt lat="35.570712" lon="139.4386889"><ele>104</ele><time>2026-04-18T01:48:43Z</time></trkpt>
<trkpt lat="35.5705998" lon="139.438665"><ele>103</ele><time>2026-04-18T01:48:49Z</time></trkpt>
<trkpt lat="35.5705443" lon="139.4387627"><ele>104</ele><time>2026-04-18T01:48:55Z</time></trkpt>
<trkpt lat="35.570414" lon="139.4387928"><ele>104</ele><time>2026-04-18T01:49:04Z</time></trkpt>
<trkpt lat="35.5703203" lon="139.4388432"><ele>104</ele><time>2026-04-18T01:49:10Z</time></trkpt>
<trkpt lat="35.5702051" lon="139.4388808"><ele>103</ele><time>2026-04-18T01:49:16Z</time></trkpt>
<trkpt lat="35.5701141" lon="139.4388933"><ele>102</ele><time>2026-04-18T01:49:19Z</time></trkpt>
<trkpt lat="35.5698891" lon="139.4389075"><ele>101</ele><time>2026-04-18T01:49:28Z</time></trkpt>
<trkpt lat="35.5697534" lon="139.4389451"><ele>101</ele><time>2026-04-18T01:49:33Z</time></trkpt>
<trkpt lat="35.5696367" lon="139.4389877"><ele>102</ele><time>2026-04-18T01:49:39Z</time></trkpt>
<trkpt lat="35.5695454" lon="139.4390433"><ele>101</ele><time>2026-04-18T01:49:45Z</time></trkpt>
<trkpt lat="35.5694199" lon="139.4391512"><ele>101</ele><time>2026-04-18T01:49:51Z</time></trkpt>
<trkpt lat="35.5692832" lon="139.4392174"><ele>101</ele><time>2026-04-18T01:49:57Z</time></trkpt>
<trkpt lat="35.5692102" lon="139.4393134"><ele>101</ele><time>2026-04-18T01:50:03Z</time></trkpt>
<trkpt lat="35.5691331" lon="139.4394484"><ele>101</ele><time>2026-04-18T01:50:09Z</time></trkpt>
<trkpt lat="35.569026" lon="139.439574"><ele>100</ele><time>2026-04-18T01:50:16Z</time></trkpt>
<trkpt lat="35.5689488" lon="139.4397055"><ele>100</ele><time>2026-04-18T01:50:22Z</time></trkpt>
<trkpt lat="35.5688215" lon="139.4399372"><ele>99</ele><time>2026-04-18T01:50:30Z</time></trkpt>
<trkpt lat="35.5687508" lon="139.4400514"><ele>98</ele><time>2026-04-18T01:50:36Z</time></trkpt>
<trkpt lat="35.568635" lon="139.4403089"><ele>96</ele><time>2026-04-18T01:50:52Z</time></trkpt>
<trkpt lat="35.5685716" lon="139.4404616"><ele>96</ele><time>2026-04-18T01:50:57Z</time></trkpt>
<trkpt lat="35.5684915" lon="139.4405766"><ele>96</ele><time>2026-04-18T01:51:03Z</time></trkpt>
<trkpt lat="35.5684582" lon="139.4406921"><ele>96</ele><time>2026-04-18T01:51:12Z</time></trkpt>
<trkpt lat="35.5683348" lon="139.4407124"><ele>95</ele><time>2026-04-18T01:51:30Z</time></trkpt>
<trkpt lat="35.5682209" lon="139.4406065"><ele>96</ele><time>2026-04-18T01:51:36Z</time></trkpt>
<trkpt lat="35.5679898" lon="139.4406438"><ele>96</ele><time>2026-04-18T01:51:45Z</time></trkpt>
<trkpt lat="35.567868" lon="139.4406395"><ele>97</ele><time>2026-04-18T01:51:50Z</time></trkpt>
<trkpt lat="35.5676731" lon="139.4407419"><ele>97</ele><time>2026-04-18T01:51:59Z</time></trkpt>
<trkpt lat="35.5674957" lon="139.4409609"><ele>97</ele><time>2026-04-18T01:52:07Z</time></trkpt>
<trkpt lat="35.5673052" lon="139.4411208"><ele>97</ele><time>2026-04-18T01:52:15Z</time></trkpt>
<trkpt lat="35.5672079" lon="139.4411391"><ele>97</ele><time>2026-04-18T01:52:24Z</time></trkpt>
<trkpt lat="35.567134" lon="139.4408676"><ele>96</ele><time>2026-04-18T01:52:33Z</time></trkpt>
<trkpt lat="35.5671275" lon="139.4407437"><ele>95</ele><time>2026-04-18T01:52:39Z</time></trkpt>
<trkpt lat="35.5669056" lon="139.4408605"><ele>94</ele><time>2026-04-18T01:52:47Z</time></trkpt>
<trkpt lat="35.5666904" lon="139.4409496"><ele>95</ele><time>2026-04-18T01:52:56Z</time></trkpt>
<trkpt lat="35.5665358" lon="139.4409302"><ele>94</ele><time>2026-04-18T01:53:06Z</time></trkpt>
<trkpt lat="35.5663199" lon="139.4410506"><ele>94</ele><time>2026-04-18T01:53:15Z</time></trkpt>
<trkpt lat="35.5662068" lon="139.4411231"><ele>95</ele><time>2026-04-18T01:53:21Z</time></trkpt>
<trkpt lat="35.5660055" lon="139.4412312"><ele>95</ele><time>2026-04-18T01:53:33Z</time></trkpt>
<trkpt lat="35.5658806" lon="139.4413103"><ele>95</ele><time>2026-04-18T01:53:38Z</time></trkpt>
<trkpt lat="35.5657691" lon="139.4413995"><ele>95</ele><time>2026-04-18T01:53:44Z</time></trkpt>
<trkpt lat="35.5656628" lon="139.4414811"><ele>95</ele><time>2026-04-18T01:53:50Z</time></trkpt>
<trkpt lat="35.5655474" lon="139.4415603"><ele>95</ele><time>2026-04-18T01:53:55Z</time></trkpt>
<trkpt lat="35.5654248" lon="139.4416283"><ele>95</ele><time>2026-04-18T01:54:01Z</time></trkpt>
<trkpt lat="35.5653054" lon="139.4417117"><ele>95</ele><time>2026-04-18T01:54:06Z</time></trkpt>
<trkpt lat="35.5651784" lon="139.4418032"><ele>94</ele><time>2026-04-18T01:54:12Z</time></trkpt>
<trkpt lat="35.5652627" lon="139.4419616"><ele>95</ele><time>2026-04-18T01:54:27Z</time></trkpt>
<trkpt lat="35.5652936" lon="139.4420689"><ele>95</ele><time>2026-04-18T01:54:30Z</time></trkpt>
<trkpt lat="35.5653594" lon="139.4423202"><ele>95</ele><time>2026-04-18T01:54:39Z</time></trkpt>
<trkpt lat="35.5652943" lon="139.4423976"><ele>95</ele><time>2026-04-18T01:54:42Z</time></trkpt>
<trkpt lat="35.5651725" lon="139.4425254"><ele>95</ele><time>2026-04-18T01:54:50Z</time></trkpt>
<trkpt lat="35.5650605" lon="139.4425525"><ele>95</ele><time>2026-04-18T01:54:59Z</time></trkpt>
<trkpt lat="35.5650164" lon="139.4424353"><ele>95</ele><time>2026-04-18T01:55:05Z</time></trkpt>
<trkpt lat="35.5651469" lon="139.4424752"><ele>95</ele><time>2026-04-18T01:55:11Z</time></trkpt>
<trkpt lat="35.565379" lon="139.4424052"><ele>95</ele><time>2026-04-18T01:55:19Z</time></trkpt>
<trkpt lat="35.5651522" lon="139.4424796"><ele>95</ele><time>2026-04-18T01:55:34Z</time></trkpt>
<trkpt lat="35.565082" lon="139.4426335"><ele>95</ele><time>2026-04-18T01:55:40Z</time></trkpt>
<trkpt lat="35.5651565" lon="139.4427824"><ele>95</ele><time>2026-04-18T01:55:46Z</time></trkpt>
<trkpt lat="35.5651705" lon="139.4429088"><ele>95</ele><time>2026-04-18T01:55:55Z</time></trkpt>
<trkpt lat="35.5651966" lon="139.4430169"><ele>95</ele><time>2026-04-18T01:56:01Z</time></trkpt>
<trkpt lat="35.5651178" lon="139.4431029"><ele>95</ele><time>2026-04-18T01:56:09Z</time></trkpt>
<trkpt lat="35.5650413" lon="139.4432212"><ele>95</ele><time>2026-04-18T01:56:18Z</time></trkpt>
<trkpt lat="35.5649813" lon="139.4433562"><ele>95</ele><time>2026-04-18T01:56:24Z</time></trkpt>
<trkpt lat="35.5650343" lon="139.4434459"><ele>95</ele><time>2026-04-18T01:56:30Z</time></trkpt>
<trkpt lat="35.5650338" lon="139.4435703"><ele>93</ele><time>2026-04-18T01:56:43Z</time></trkpt>
<trkpt lat="35.5649754" lon="139.4436939"><ele>90</ele><time>2026-04-18T01:57:25Z</time></trkpt>
<trkpt lat="35.5649298" lon="139.4437897"><ele>88</ele><time>2026-04-18T01:57:30Z</time></trkpt>
<trkpt lat="35.5648953" lon="139.4438967"><ele>81</ele><time>2026-04-18T01:57:37Z</time></trkpt>
<trkpt lat="35.5648954" lon="139.4440079"><ele>78</ele><time>2026-04-18T01:57:42Z</time></trkpt>
<trkpt lat="35.5648122" lon="139.4440722"><ele>76</ele><time>2026-04-18T01:57:48Z</time></trkpt>
<trkpt lat="35.5647341" lon="139.4441776"><ele>74</ele><time>2026-04-18T01:57:57Z</time></trkpt>
<trkpt lat="35.5646188" lon="139.4441806"><ele>75</ele><time>2026-04-18T01:58:16Z</time></trkpt>
<trkpt lat="35.5646205" lon="139.4443083"><ele>74</ele><time>2026-04-18T01:58:30Z</time></trkpt>
<trkpt lat="35.564521" lon="139.4443417"><ele>74</ele><time>2026-04-18T01:58:51Z</time></trkpt>
<trkpt lat="35.5644291" lon="139.444327"><ele>75</ele><time>2026-04-18T01:58:57Z</time></trkpt>
<trkpt lat="35.5644186" lon="139.4441889"><ele>76</ele><time>2026-04-18T01:59:05Z</time></trkpt>
<trkpt lat="35.5643861" lon="139.4440797"><ele>76</ele><time>2026-04-18T01:59:17Z</time></trkpt>
<trkpt lat="35.5642463" lon="139.4440874"><ele>77</ele><time>2026-04-18T01:59:23Z</time></trkpt>
<trkpt lat="35.5641323" lon="139.4441785"><ele>77</ele><time>2026-04-18T01:59:29Z</time></trkpt>
<trkpt lat="35.5640475" lon="139.4442701"><ele>77</ele><time>2026-04-18T01:59:32Z</time></trkpt>
<trkpt lat="35.5639061" lon="139.4442881"><ele>78</ele><time>2026-04-18T01:59:35Z</time></trkpt>
<trkpt lat="35.5637736" lon="139.4443519"><ele>78</ele><time>2026-04-18T01:59:40Z</time></trkpt>
<trkpt lat="35.5636469" lon="139.4444469"><ele>78</ele><time>2026-04-18T01:59:46Z</time></trkpt>
<trkpt lat="35.5635479" lon="139.4445428"><ele>78</ele><time>2026-04-18T01:59:52Z</time></trkpt>
<trkpt lat="35.5633453" lon="139.4446572"><ele>78</ele><time>2026-04-18T02:00:07Z</time></trkpt>
<trkpt lat="35.5632083" lon="139.4447021"><ele>78</ele><time>2026-04-18T02:00:13Z</time></trkpt>
<trkpt lat="35.5630905" lon="139.4447585"><ele>76</ele><time>2026-04-18T02:00:19Z</time></trkpt>
<trkpt lat="35.5629711" lon="139.4448558"><ele>75</ele><time>2026-04-18T02:00:24Z</time></trkpt>
<trkpt lat="35.5628709" lon="139.4449757"><ele>74</ele><time>2026-04-18T02:00:30Z</time></trkpt>
<trkpt lat="35.5627283" lon="139.4451713"><ele>73</ele><time>2026-04-18T02:00:39Z</time></trkpt>
<trkpt lat="35.5626448" lon="139.4452421"><ele>73</ele><time>2026-04-18T02:00:47Z</time></trkpt>
<trkpt lat="35.5625853" lon="139.445331"><ele>72</ele><time>2026-04-18T02:00:59Z</time></trkpt>
<trkpt lat="35.5624719" lon="139.4454289"><ele>72</ele><time>2026-04-18T02:01:05Z</time></trkpt>
<trkpt lat="35.5623912" lon="139.4454919"><ele>71</ele><time>2026-04-18T02:01:11Z</time></trkpt>
<trkpt lat="35.5623378" lon="139.4455911"><ele>71</ele><time>2026-04-18T02:01:14Z</time></trkpt>
<trkpt lat="35.5621991" lon="139.4458033"><ele>70</ele><time>2026-04-18T02:01:22Z</time></trkpt>
<trkpt lat="35.5621148" lon="139.4459259"><ele>72</ele><time>2026-04-18T02:01:28Z</time></trkpt>
<trkpt lat="35.5619604" lon="139.4461168"><ele>75</ele><time>2026-04-18T02:01:36Z</time></trkpt>
<trkpt lat="35.5618824" lon="139.4462576"><ele>74</ele><time>2026-04-18T02:01:42Z</time></trkpt>
<trkpt lat="35.561803" lon="139.4463882"><ele>75</ele><time>2026-04-18T02:01:48Z</time></trkpt>
<trkpt lat="35.5616667" lon="139.4465978"><ele>75</ele><time>2026-04-18T02:01:56Z</time></trkpt>
<trkpt lat="35.5615974" lon="139.4466845"><ele>75</ele><time>2026-04-18T02:02:02Z</time></trkpt>
<trkpt lat="35.5615045" lon="139.4467788"><ele>75</ele><time>2026-04-18T02:02:08Z</time></trkpt>
<trkpt lat="35.5613993" lon="139.4469188"><ele>75</ele><time>2026-04-18T02:02:14Z</time></trkpt>
<trkpt lat="35.5613737" lon="139.4470667"><ele>76</ele><time>2026-04-18T02:02:47Z</time></trkpt>
<trkpt lat="35.5612653" lon="139.4471757"><ele>76</ele><time>2026-04-18T02:02:53Z</time></trkpt>
<trkpt lat="35.561148" lon="139.4472778"><ele>77</ele><time>2026-04-18T02:02:58Z</time></trkpt>
<trkpt lat="35.5610562" lon="139.4474068"><ele>79</ele><time>2026-04-18T02:03:04Z</time></trkpt>
<trkpt lat="35.5609962" lon="139.4475541"><ele>79</ele><time>2026-04-18T02:03:10Z</time></trkpt>
<trkpt lat="35.5609046" lon="139.4476757"><ele>80</ele><time>2026-04-18T02:03:15Z</time></trkpt>
<trkpt lat="35.5608027" lon="139.4477708"><ele>81</ele><time>2026-04-18T02:03:21Z</time></trkpt>
<trkpt lat="35.5607537" lon="139.4479147"><ele>82</ele><time>2026-04-18T02:03:26Z</time></trkpt>
<trkpt lat="35.5606461" lon="139.4480381"><ele>82</ele><time>2026-04-18T02:03:32Z</time></trkpt>
<trkpt lat="35.56052" lon="139.448068"><ele>82</ele><time>2026-04-18T02:03:38Z</time></trkpt>
<trkpt lat="35.5604158" lon="139.4480904"><ele>82</ele><time>2026-04-18T02:03:43Z</time></trkpt>
<trkpt lat="35.5602891" lon="139.4481371"><ele>82</ele><time>2026-04-18T02:03:53Z</time></trkpt>
<trkpt lat="35.5601816" lon="139.4482101"><ele>81</ele><time>2026-04-18T02:04:01Z</time></trkpt>
<trkpt lat="35.5600891" lon="139.4482381"><ele>81</ele><time>2026-04-18T02:04:08Z</time></trkpt>
<trkpt lat="35.5599891" lon="139.4481972"><ele>82</ele><time>2026-04-18T02:04:18Z</time></trkpt>
<trkpt lat="35.5599091" lon="139.4480976"><ele>82</ele><time>2026-04-18T02:04:33Z</time></trkpt>
<trkpt lat="35.5598272" lon="139.4480439"><ele>83</ele><time>2026-04-18T02:04:39Z</time></trkpt>
<trkpt lat="35.5597351" lon="139.4480001"><ele>84</ele><time>2026-04-18T02:04:45Z</time></trkpt>
<trkpt lat="35.5596231" lon="139.4479159"><ele>85</ele><time>2026-04-18T02:04:54Z</time></trkpt>
<trkpt lat="35.5595648" lon="139.4478266"><ele>85</ele><time>2026-04-18T02:05:03Z</time></trkpt>
<trkpt lat="35.5594857" lon="139.4477265"><ele>86</ele><time>2026-04-18T02:05:20Z</time></trkpt>
<trkpt lat="35.559411" lon="139.4476581"><ele>85</ele><time>2026-04-18T02:05:26Z</time></trkpt>
<trkpt lat="35.5593344" lon="139.4475863"><ele>86</ele><time>2026-04-18T02:05:32Z</time></trkpt>
<trkpt lat="35.5592307" lon="139.4475146"><ele>89</ele><time>2026-04-18T02:05:47Z</time></trkpt>
<trkpt lat="35.5591432" lon="139.4474731"><ele>90</ele><time>2026-04-18T02:06:03Z</time></trkpt>
<trkpt lat="35.5592047" lon="139.4473914"><ele>89</ele><time>2026-04-18T02:07:27Z</time></trkpt>
<trkpt lat="35.5592115" lon="139.4472654"><ele>89</ele><time>2026-04-18T02:07:42Z</time></trkpt>
<trkpt lat="35.5591487" lon="139.4471301"><ele>89</ele><time>2026-04-18T02:07:51Z</time></trkpt>
<trkpt lat="35.5590791" lon="139.4470279"><ele>89</ele><time>2026-04-18T02:08:00Z</time></trkpt>
<trkpt lat="35.5590084" lon="139.4471088"><ele>90</ele><time>2026-04-18T02:08:18Z</time></trkpt>
<trkpt lat="35.5589379" lon="139.4472532"><ele>90</ele><time>2026-04-18T02:08:27Z</time></trkpt>
<trkpt lat="35.5589209" lon="139.447381"><ele>90</ele><time>2026-04-18T02:08:33Z</time></trkpt>
<trkpt lat="35.5588897" lon="139.447487"><ele>90</ele><time>2026-04-18T02:08:39Z</time></trkpt>
<trkpt lat="35.5588254" lon="139.4476082"><ele>90</ele><time>2026-04-18T02:08:48Z</time></trkpt>
<trkpt lat="35.5589555" lon="139.4476494"><ele>90</ele><time>2026-04-18T02:10:01Z</time></trkpt>
<trkpt lat="35.5590413" lon="139.4477505"><ele>90</ele><time>2026-04-18T02:10:09Z</time></trkpt>
<trkpt lat="35.5590501" lon="139.447886"><ele>89</ele><time>2026-04-18T02:10:15Z</time></trkpt>
<trkpt lat="35.5590475" lon="139.4480051"><ele>89</ele><time>2026-04-18T02:10:22Z</time></trkpt>
<trkpt lat="35.5590995" lon="139.4481257"><ele>89</ele><time>2026-04-18T02:10:34Z</time></trkpt>
<trkpt lat="35.5589942" lon="139.4480062"><ele>89</ele><time>2026-04-18T02:10:45Z</time></trkpt>
<trkpt lat="35.5588667" lon="139.4479738"><ele>90</ele><time>2026-04-18T02:10:51Z</time></trkpt>
<trkpt lat="35.5587324" lon="139.4479433"><ele>90</ele><time>2026-04-18T02:10:57Z</time></trkpt>
<trkpt lat="35.5587869" lon="139.4478247"><ele>90</ele><time>2026-04-18T02:11:09Z</time></trkpt>
<trkpt lat="35.5588556" lon="139.447745"><ele>90</ele><time>2026-04-18T02:11:15Z</time></trkpt>
<trkpt lat="35.5589295" lon="139.4476798"><ele>90</ele><time>2026-04-18T02:11:21Z</time></trkpt>
<trkpt lat="35.5588483" lon="139.4475758"><ele>90</ele><time>2026-04-18T02:11:33Z</time></trkpt>
<trkpt lat="35.5587629" lon="139.447654"><ele>90</ele><time>2026-04-18T02:11:39Z</time></trkpt>
<trkpt lat="35.5586823" lon="139.4477914"><ele>90</ele><time>2026-04-18T02:11:44Z</time></trkpt>
<trkpt lat="35.558488" lon="139.4479478"><ele>90</ele><time>2026-04-18T02:11:53Z</time></trkpt>
<trkpt lat="35.5583592" lon="139.4480173"><ele>90</ele><time>2026-04-18T02:11:59Z</time></trkpt>
<trkpt lat="35.558148" lon="139.4480892"><ele>90</ele><time>2026-04-18T02:12:07Z</time></trkpt>
<trkpt lat="35.5580085" lon="139.4481253"><ele>90</ele><time>2026-04-18T02:12:13Z</time></trkpt>
<trkpt lat="35.5577813" lon="139.4481913"><ele>90</ele><time>2026-04-18T02:12:21Z</time></trkpt>
<trkpt lat="35.5577487" lon="139.4480826"><ele>90</ele><time>2026-04-18T02:12:36Z</time></trkpt>
<trkpt lat="35.5576681" lon="139.4479773"><ele>90</ele><time>2026-04-18T02:12:45Z</time></trkpt>
<trkpt lat="35.5575477" lon="139.4477192"><ele>90</ele><time>2026-04-18T02:12:57Z</time></trkpt>
<trkpt lat="35.5573942" lon="139.4475744"><ele>91</ele><time>2026-04-18T02:13:05Z</time></trkpt>
<trkpt lat="35.5572711" lon="139.4476102"><ele>90</ele><time>2026-04-18T02:13:14Z</time></trkpt>
<trkpt lat="35.5571755" lon="139.4475528"><ele>91</ele><time>2026-04-18T02:13:17Z</time></trkpt>
<trkpt lat="35.557001" lon="139.4477346"><ele>90</ele><time>2026-04-18T02:13:26Z</time></trkpt>
<trkpt lat="35.5568998" lon="139.447848"><ele>90</ele><time>2026-04-18T02:13:31Z</time></trkpt>
<trkpt lat="35.5568246" lon="139.4479966"><ele>89</ele><time>2026-04-18T02:14:08Z</time></trkpt>
<trkpt lat="35.5568549" lon="139.4481662"><ele>89</ele><time>2026-04-18T02:14:14Z</time></trkpt>
<trkpt lat="35.5569941" lon="139.4483874"><ele>90</ele><time>2026-04-18T02:14:23Z</time></trkpt>
<trkpt lat="35.557049" lon="139.4484992"><ele>89</ele><time>2026-04-18T02:14:28Z</time></trkpt>
<trkpt lat="35.5569631" lon="139.4485958"><ele>89</ele><time>2026-04-18T02:14:37Z</time></trkpt>
<trkpt lat="35.5568584" lon="139.4485556"><ele>89</ele><time>2026-04-18T02:14:43Z</time></trkpt>
<trkpt lat="35.5566352" lon="139.4486488"><ele>89</ele><time>2026-04-18T02:14:51Z</time></trkpt>
<trkpt lat="35.556405" lon="139.448684"><ele>90</ele><time>2026-04-18T02:15:00Z</time></trkpt>
<trkpt lat="35.5563014" lon="139.448713"><ele>90</ele><time>2026-04-18T02:15:06Z</time></trkpt>
<trkpt lat="35.5560834" lon="139.4487474"><ele>91</ele><time>2026-04-18T02:15:14Z</time></trkpt>
<trkpt lat="35.5559445" lon="139.4487683"><ele>91</ele><time>2026-04-18T02:15:20Z</time></trkpt>
<trkpt lat="35.5557156" lon="139.4487522"><ele>91</ele><time>2026-04-18T02:15:29Z</time></trkpt>
<trkpt lat="35.5554979" lon="139.4487234"><ele>91</ele><time>2026-04-18T02:15:37Z</time></trkpt>
<trkpt lat="35.5553562" lon="139.4487158"><ele>91</ele><time>2026-04-18T02:15:43Z</time></trkpt>
<trkpt lat="35.5551377" lon="139.448652"><ele>91</ele><time>2026-04-18T02:15:51Z</time></trkpt>
<trkpt lat="35.5549245" lon="139.4486291"><ele>91</ele><time>2026-04-18T02:16:00Z</time></trkpt>
<trkpt lat="35.5547079" lon="139.4486104"><ele>90</ele><time>2026-04-18T02:16:08Z</time></trkpt>
<trkpt lat="35.5544715" lon="139.4486019"><ele>90</ele><time>2026-04-18T02:16:17Z</time></trkpt>
<trkpt lat="35.5541974" lon="139.4485988"><ele>90</ele><time>2026-04-18T02:16:28Z</time></trkpt>
<trkpt lat="35.5539736" lon="139.4485661"><ele>90</ele><time>2026-04-18T02:16:37Z</time></trkpt>
<trkpt lat="35.5537516" lon="139.4485456"><ele>90</ele><time>2026-04-18T02:16:45Z</time></trkpt>
<trkpt lat="35.5535342" lon="139.4485084"><ele>91</ele><time>2026-04-18T02:16:53Z</time></trkpt>
<trkpt lat="35.5533924" lon="139.4484937"><ele>91</ele><time>2026-04-18T02:16:59Z</time></trkpt>
<trkpt lat="35.5532503" lon="139.4484637"><ele>91</ele><time>2026-04-18T02:17:04Z</time></trkpt>
<trkpt lat="35.553022" lon="139.4484031"><ele>91</ele><time>2026-04-18T02:17:13Z</time></trkpt>
<trkpt lat="35.5528762" lon="139.4483386"><ele>91</ele><time>2026-04-18T02:17:18Z</time></trkpt>
<trkpt lat="35.5527865" lon="139.4483129"><ele>91</ele><time>2026-04-18T02:17:21Z</time></trkpt>
<trkpt lat="35.5525578" lon="139.4482359"><ele>91</ele><time>2026-04-18T02:17:29Z</time></trkpt>
<trkpt lat="35.552411" lon="139.4481872"><ele>91</ele><time>2026-04-18T02:17:35Z</time></trkpt>
<trkpt lat="35.5522986" lon="139.4481781"><ele>91</ele><time>2026-04-18T02:17:44Z</time></trkpt>
<trkpt lat="35.5521631" lon="139.4481825"><ele>91</ele><time>2026-04-18T02:17:52Z</time></trkpt>
<trkpt lat="35.551935" lon="139.4481554"><ele>91</ele><time>2026-04-18T02:18:01Z</time></trkpt>
<trkpt lat="35.551697" lon="139.4481505"><ele>91</ele><time>2026-04-18T02:18:09Z</time></trkpt>
<trkpt lat="35.5515329" lon="139.4481715"><ele>91</ele><time>2026-04-18T02:18:15Z</time></trkpt>
<trkpt lat="35.5512988" lon="139.4481866"><ele>90</ele><time>2026-04-18T02:18:23Z</time></trkpt>
<trkpt lat="35.5510617" lon="139.4481678"><ele>91</ele><time>2026-04-18T02:18:31Z</time></trkpt>
<trkpt lat="35.5508323" lon="139.4481363"><ele>91</ele><time>2026-04-18T02:18:40Z</time></trkpt>
<trkpt lat="35.5506944" lon="139.4480949"><ele>91</ele><time>2026-04-18T02:18:45Z</time></trkpt>
<trkpt lat="35.5504928" lon="139.4480015"><ele>91</ele><time>2026-04-18T02:18:54Z</time></trkpt>
<trkpt lat="35.5503977" lon="139.4479989"><ele>91</ele><time>2026-04-18T02:18:57Z</time></trkpt>
<trkpt lat="35.5501751" lon="139.4479715"><ele>90</ele><time>2026-04-18T02:19:05Z</time></trkpt>
<trkpt lat="35.5500843" lon="139.4479276"><ele>90</ele><time>2026-04-18T02:19:08Z</time></trkpt>
<trkpt lat="35.5498512" lon="139.4478666"><ele>90</ele><time>2026-04-18T02:19:16Z</time></trkpt>
<trkpt lat="35.5496607" lon="139.4478057"><ele>91</ele><time>2026-04-18T02:19:25Z</time></trkpt>
<trkpt lat="35.54958" lon="139.4475654"><ele>91</ele><time>2026-04-18T02:19:53Z</time></trkpt>
<trkpt lat="35.5495367" lon="139.4474243"><ele>91</ele><time>2026-04-18T02:19:58Z</time></trkpt>
<trkpt lat="35.5494033" lon="139.4472246"><ele>91</ele><time>2026-04-18T02:20:11Z</time></trkpt>
<trkpt lat="35.5493401" lon="139.4471439"><ele>92</ele><time>2026-04-18T02:20:17Z</time></trkpt>
<trkpt lat="35.5492775" lon="139.4470628"><ele>91</ele><time>2026-04-18T02:20:23Z</time></trkpt>
<trkpt lat="35.54923" lon="139.4469641"><ele>92</ele><time>2026-04-18T02:20:28Z</time></trkpt>
<trkpt lat="35.5490257" lon="139.4470372"><ele>92</ele><time>2026-04-18T02:21:15Z</time></trkpt>
<trkpt lat="35.549032" lon="139.446898"><ele>92</ele><time>2026-04-18T02:21:20Z</time></trkpt>
<trkpt lat="35.5488188" lon="139.4463352"><ele>92</ele><time>2026-04-18T02:21:32Z</time></trkpt>
<trkpt lat="35.5487462" lon="139.4462036"><ele>92</ele><time>2026-04-18T02:21:35Z</time></trkpt>
<trkpt lat="35.5486935" lon="139.4460437"><ele>92</ele><time>2026-04-18T02:21:43Z</time></trkpt>
<trkpt lat="35.5486134" lon="139.445957"><ele>92</ele><time>2026-04-18T02:21:49Z</time></trkpt>
<trkpt lat="35.5484624" lon="139.4457318"><ele>92</ele><time>2026-04-18T02:21:57Z</time></trkpt>
<trkpt lat="35.5483347" lon="139.4454933"><ele>93</ele><time>2026-04-18T02:22:06Z</time></trkpt>
<trkpt lat="35.5482229" lon="139.445247"><ele>93</ele><time>2026-04-18T02:22:14Z</time></trkpt>
<trkpt lat="35.5481525" lon="139.445102"><ele>93</ele><time>2026-04-18T02:22:20Z</time></trkpt>
<trkpt lat="35.5480803" lon="139.4449785"><ele>93</ele><time>2026-04-18T02:22:26Z</time></trkpt>
<trkpt lat="35.5480139" lon="139.4448492"><ele>93</ele><time>2026-04-18T02:22:35Z</time></trkpt>
<trkpt lat="35.5479536" lon="139.4447245"><ele>93</ele><time>2026-04-18T02:22:44Z</time></trkpt>
<trkpt lat="35.5478718" lon="139.4446425"><ele>93</ele><time>2026-04-18T02:22:53Z</time></trkpt>
<trkpt lat="35.5477835" lon="139.4445638"><ele>93</ele><time>2026-04-18T02:23:02Z</time></trkpt>
<trkpt lat="35.5477927" lon="139.4444165"><ele>93</ele><time>2026-04-18T02:23:44Z</time></trkpt>
<trkpt lat="35.547738" lon="139.4442987"><ele>92</ele><time>2026-04-18T02:23:49Z</time></trkpt>
<trkpt lat="35.5476485" lon="139.444209"><ele>92</ele><time>2026-04-18T02:23:52Z</time></trkpt>
<trkpt lat="35.5475338" lon="139.444206"><ele>92</ele><time>2026-04-18T02:23:58Z</time></trkpt>
<trkpt lat="35.5472805" lon="139.4442444"><ele>92</ele><time>2026-04-18T02:24:06Z</time></trkpt>
<trkpt lat="35.5470647" lon="139.4443243"><ele>92</ele><time>2026-04-18T02:24:15Z</time></trkpt>
<trkpt lat="35.5469492" lon="139.4444486"><ele>91</ele><time>2026-04-18T02:24:21Z</time></trkpt>
<trkpt lat="35.5468603" lon="139.4445314"><ele>91</ele><time>2026-04-18T02:24:27Z</time></trkpt>
<trkpt lat="35.5466895" lon="139.4447048"><ele>91</ele><time>2026-04-18T02:24:35Z</time></trkpt>
<trkpt lat="35.5466081" lon="139.4447962"><ele>91</ele><time>2026-04-18T02:24:41Z</time></trkpt>
<trkpt lat="35.5464041" lon="139.4449654"><ele>91</ele><time>2026-04-18T02:24:49Z</time></trkpt>
<trkpt lat="35.5463002" lon="139.4450305"><ele>91</ele><time>2026-04-18T02:24:56Z</time></trkpt>
<trkpt lat="35.5461955" lon="139.4451211"><ele>91</ele><time>2026-04-18T02:25:04Z</time></trkpt>
<trkpt lat="35.5460937" lon="139.4452066"><ele>91</ele><time>2026-04-18T02:25:14Z</time></trkpt>
<trkpt lat="35.5459991" lon="139.4452992"><ele>91</ele><time>2026-04-18T02:25:26Z</time></trkpt>
<trkpt lat="35.5459151" lon="139.4453679"><ele>91</ele><time>2026-04-18T02:25:33Z</time></trkpt>
<trkpt lat="35.5456761" lon="139.4455753"><ele>91</ele><time>2026-04-18T02:25:47Z</time></trkpt>
<trkpt lat="35.5455547" lon="139.4456634"><ele>91</ele><time>2026-04-18T02:25:52Z</time></trkpt>
<trkpt lat="35.5454377" lon="139.44575"><ele>91</ele><time>2026-04-18T02:25:58Z</time></trkpt>
<trkpt lat="35.5453536" lon="139.4457951"><ele>91</ele><time>2026-04-18T02:26:04Z</time></trkpt>
<trkpt lat="35.5452684" lon="139.4458845"><ele>91</ele><time>2026-04-18T02:26:13Z</time></trkpt>
<trkpt lat="35.5451582" lon="139.4459424"><ele>90</ele><time>2026-04-18T02:28:47Z</time></trkpt>
<trkpt lat="35.5450771" lon="139.4460119"><ele>90</ele><time>2026-04-18T02:28:53Z</time></trkpt>
<trkpt lat="35.5449516" lon="139.4460518"><ele>90</ele><time>2026-04-18T02:29:05Z</time></trkpt>
<trkpt lat="35.5448572" lon="139.4460994"><ele>90</ele><time>2026-04-18T02:29:12Z</time></trkpt>
<trkpt lat="35.544753" lon="139.4461925"><ele>90</ele><time>2026-04-18T02:29:22Z</time></trkpt>
<trkpt lat="35.5446474" lon="139.4462117"><ele>90</ele><time>2026-04-18T02:29:32Z</time></trkpt>
<trkpt lat="35.544535" lon="139.4462372"><ele>90</ele><time>2026-04-18T02:29:58Z</time></trkpt>
<trkpt lat="35.5444563" lon="139.4463046"><ele>90</ele><time>2026-04-18T02:30:10Z</time></trkpt>
<trkpt lat="35.5443547" lon="139.446381"><ele>90</ele><time>2026-04-18T02:30:19Z</time></trkpt>
<trkpt lat="35.5442378" lon="139.4464407"><ele>90</ele><time>2026-04-18T02:30:28Z</time></trkpt>
<trkpt lat="35.5441441" lon="139.4465095"><ele>90</ele><time>2026-04-18T02:30:38Z</time></trkpt>
<trkpt lat="35.5440567" lon="139.4465685"><ele>90</ele><time>2026-04-18T02:30:44Z</time></trkpt>
<trkpt lat="35.5439917" lon="139.4466719"><ele>90</ele><time>2026-04-18T02:30:54Z</time></trkpt>
<trkpt lat="35.543893" lon="139.4467798"><ele>90</ele><time>2026-04-18T02:31:02Z</time></trkpt>
<trkpt lat="35.5437903" lon="139.4468804"><ele>89</ele><time>2026-04-18T02:31:11Z</time></trkpt>
<trkpt lat="35.5436874" lon="139.4469759"><ele>89</ele><time>2026-04-18T02:31:20Z</time></trkpt>
<trkpt lat="35.5435935" lon="139.44707"><ele>88</ele><time>2026-04-18T02:31:29Z</time></trkpt>
<trkpt lat="35.5434858" lon="139.4471625"><ele>88</ele><time>2026-04-18T02:31:38Z</time></trkpt>
<trkpt lat="35.5434157" lon="139.4472341"><ele>87</ele><time>2026-04-18T02:31:44Z</time></trkpt>
<trkpt lat="35.5433179" lon="139.4472975"><ele>87</ele><time>2026-04-18T02:31:53Z</time></trkpt>
<trkpt lat="35.5432879" lon="139.447403"><ele>87</ele><time>2026-04-18T02:31:59Z</time></trkpt>
<trkpt lat="35.5432196" lon="139.4475007"><ele>87</ele><time>2026-04-18T02:32:11Z</time></trkpt>
<trkpt lat="35.5431374" lon="139.4475747"><ele>87</ele><time>2026-04-18T02:32:20Z</time></trkpt>
<trkpt lat="35.5430386" lon="139.44767"><ele>87</ele><time>2026-04-18T02:32:30Z</time></trkpt>
<trkpt lat="35.5429435" lon="139.447779"><ele>87</ele><time>2026-04-18T02:32:39Z</time></trkpt>
<trkpt lat="35.5428356" lon="139.4478648"><ele>88</ele><time>2026-04-18T02:32:53Z</time></trkpt>
<trkpt lat="35.5427566" lon="139.4479552"><ele>88</ele><time>2026-04-18T02:33:02Z</time></trkpt>
<trkpt lat="35.5426911" lon="139.4480354"><ele>88</ele><time>2026-04-18T02:33:09Z</time></trkpt>
<trkpt lat="35.5425957" lon="139.4481412"><ele>88</ele><time>2026-04-18T02:33:18Z</time></trkpt>
<trkpt lat="35.54254" lon="139.4482635"><ele>88</ele><time>2026-04-18T02:33:27Z</time></trkpt>
<trkpt lat="35.5424489" lon="139.4483713"><ele>88</ele><time>2026-04-18T02:33:36Z</time></trkpt>
<trkpt lat="35.5423933" lon="139.4485028"><ele>88</ele><time>2026-04-18T02:33:45Z</time></trkpt>
<trkpt lat="35.5423028" lon="139.4486016"><ele>87</ele><time>2026-04-18T02:33:53Z</time></trkpt>
<trkpt lat="35.542211" lon="139.4486997"><ele>87</ele><time>2026-04-18T02:34:02Z</time></trkpt>
<trkpt lat="35.5421229" lon="139.4488024"><ele>87</ele><time>2026-04-18T02:34:11Z</time></trkpt>
<trkpt lat="35.5420586" lon="139.4489226"><ele>87</ele><time>2026-04-18T02:34:22Z</time></trkpt>
<trkpt lat="35.5419483" lon="139.4490057"><ele>87</ele><time>2026-04-18T02:34:31Z</time></trkpt>
<trkpt lat="35.5418673" lon="139.4491261"><ele>87</ele><time>2026-04-18T02:34:40Z</time></trkpt>
<trkpt lat="35.5417706" lon="139.4492303"><ele>87</ele><time>2026-04-18T02:34:49Z</time></trkpt>
<trkpt lat="35.5416916" lon="139.4493214"><ele>87</ele><time>2026-04-18T02:34:58Z</time></trkpt>
<trkpt lat="35.541603" lon="139.4493772"><ele>87</ele><time>2026-04-18T02:35:07Z</time></trkpt>
<trkpt lat="35.541499" lon="139.449462"><ele>87</ele><time>2026-04-18T02:35:20Z</time></trkpt>
<trkpt lat="35.5414309" lon="139.4495346"><ele>87</ele><time>2026-04-18T02:35:29Z</time></trkpt>
<trkpt lat="35.5413641" lon="139.4496239"><ele>87</ele><time>2026-04-18T02:35:38Z</time></trkpt>
<trkpt lat="35.5412967" lon="139.4497078"><ele>87</ele><time>2026-04-18T02:35:47Z</time></trkpt>
<trkpt lat="35.5412518" lon="139.4498033"><ele>87</ele><time>2026-04-18T02:36:15Z</time></trkpt>
<trkpt lat="35.5412091" lon="139.449911"><ele>87</ele><time>2026-04-18T02:36:41Z</time></trkpt>
</trkseg>
</trk>
</gpx>